"filepath","split","class","filename","extension","size_bytes","sha256"
"dataset/test/concrete/CKQG5584.JPG","test","concrete","CKQG5584.JPG",".jpg","689871","d19828223718776e7a69c41025f7ae4fad98feefb64f53623e58a89f5cd89bd5"
"dataset/test/concrete/concrete_001.jpg","test","concrete","concrete_001.jpg",".jpg","7764708","e2d6d783b735f32d15a4a84144267fc659e6fcc9195a0cd12e08265532d1fa3d"
"dataset/test/concrete/concrete_002.jpg","test","concrete","concrete_002.jpg",".jpg","7747566","cced425bf4cf663e4d35b714aa74605249e2e314585930309930b27aba8684e6"
"dataset/test/concrete/concrete_003.jpg","test","concrete","concrete_003.jpg",".jpg","6572606","6a9593acca5612dba821e91e2672b98a2a02e98f002f723a4b9fbb690db6375b"
"dataset/test/concrete/concrete_004.jpg","test","concrete","concrete_004.jpg",".jpg","7961452","bf93663873df2eeae0778fd67c8009de4027ff1f7f7b0ccd9c9ab46af323ee2b"
"dataset/test/concrete/concrete_005.jpg","test","concrete","concrete_005.jpg",".jpg","7363744","ff4ea8e511e5d2d9e1471caaf5b7ecb9e5e03fa7d15275645571144aeb191e24"
"dataset/test/concrete/concrete_006.jpg","test","concrete","concrete_006.jpg",".jpg","6857332","2e4b28ad162f54085eb441c63c895dd5847ecdd9c60e60d59fb6296de5abf88d"
"dataset/test/concrete/concrete_007.jpg","test","concrete","concrete_007.jpg",".jpg","7248989","0ade9de4b64eaa7f5ee940b272280cb59d262c264433ddfbfa85fb488dcfd4bf"
"dataset/test/concrete/concrete_008.jpg","test","concrete","concrete_008.jpg",".jpg","7546762","93045e6c4081af60c938a61eae155caed65369ee986344207c37148f50211d3c"
"dataset/test/concrete/concrete_009.jpg","test","concrete","concrete_009.jpg",".jpg","7000569","7f0b2ca04a79c448e6893be4419767593e33e78e78b430040916019d1e6bafc3"
"dataset/test/concrete/concrete_010.jpg","test","concrete","concrete_010.jpg",".jpg","7857090","eb25efb9a89adf54d36d5f2af93a05aa742e2f8df764cd184b2b7ca41ab72660"
"dataset/test/concrete/concrete_011.jpg","test","concrete","concrete_011.jpg",".jpg","7601873","0d500be6967d86028da325c78e5d56b02186b9ba7abcb031703a663a9580d6f7"
"dataset/test/concrete/concrete_012.jpg","test","concrete","concrete_012.jpg",".jpg","7675793","68c48fad2c042c5b921c5ac07ca48efe1956c127306481ae6da2e92a2650bfb9"
"dataset/test/concrete/concrete_013.jpg","test","concrete","concrete_013.jpg",".jpg","7235537","45de8522ef942a7cc3154c110fb1bc1084d19728fbc1f35c9887285617bb5381"
"dataset/test/concrete/concrete_014.jpg","test","concrete","concrete_014.jpg",".jpg","6810219","1d111054c148d6fd8d5977eeae399c8136dc3ff8145731f833ca27ee348e8f05"
"dataset/test/concrete/concrete_015.jpg","test","concrete","concrete_015.jpg",".jpg","6407065","4b5a11542e0c4b93856f204e416a0521fe0d4809cea7fcbd0082ea8935df0a44"
"dataset/test/concrete/concrete_016.jpg","test","concrete","concrete_016.jpg",".jpg","6196750","896f8d6b0ec4ddf39d04ec88ef5b22d94f43fd97c3fb688c6193f042abee09ff"
"dataset/test/concrete/concrete_017.jpg","test","concrete","concrete_017.jpg",".jpg","6353263","93b58195b63757cc68af19546031a0e80a6ed455af5efde1a3848f18db14ea0c"
"dataset/test/concrete/concrete_018.jpg","test","concrete","concrete_018.jpg",".jpg","5402572","951b2439f17c5754882812549d6cca107315765c478cc74af1c514fa646b816b"
"dataset/test/concrete/concrete_019.jpg","test","concrete","concrete_019.jpg",".jpg","5443639","7a65e9e5cc8c4c779b326cb9a717dd1d5fbf6230d7680ffe6eaf241517a07604"
"dataset/test/concrete/concrete_020.jpg","test","concrete","concrete_020.jpg",".jpg","5575351","f5b3fcf2cb2109a23bf03708b2326540e76e1184c9ec31d09538a31abef05f09"
"dataset/test/concrete/concrete_021.jpg","test","concrete","concrete_021.jpg",".jpg","6489229","834cd6e18739b01b856a2fda643526b4ccb3e1516b2506c6b5ed8811f05d125a"
"dataset/test/concrete/concrete_022.jpg","test","concrete","concrete_022.jpg",".jpg","6313323","1d399e2a09abbbad324c82955307bfaab0094f2063d0adc23a03e11c56b1b472"
"dataset/test/concrete/concrete_023.jpg","test","concrete","concrete_023.jpg",".jpg","6035253","f3f140031d50f6f5e82313a7457946fdcf9d1291c411ea0d4d80ee5c7c00bcba"
"dataset/test/concrete/concrete_024.jpg","test","concrete","concrete_024.jpg",".jpg","6390837","7acd963ad67bf6861bbe109c4147e39b1f2113a727106d0430656fc18660cf77"
"dataset/test/concrete/concrete_025.jpg","test","concrete","concrete_025.jpg",".jpg","6840164","c30dc5d23663b03806168332f8d221fdf4be8ea61fd29967f7034c75838bf8f8"
"dataset/test/concrete/concrete_026.jpg","test","concrete","concrete_026.jpg",".jpg","6227718","33eee646f1ef6c532d4d5a5401d275e946fab2eb0292ee4ae1eaac25cf536a19"
"dataset/test/concrete/concrete_027.jpg","test","concrete","concrete_027.jpg",".jpg","7946252","70da621abfc9b4561cf2831f5960377fbb21b7a7b9be583591f1ace2beb9c538"
"dataset/test/concrete/concrete_410.jpg","test","concrete","concrete_410.jpg",".jpg","4587679","107954267f6e8212c362dc035feec620ba4cb685615a0deb6b8f14eed1ff9992"
"dataset/test/concrete/concrete_439.jpg","test","concrete","concrete_439.jpg",".jpg","6458822","2543e44bd3739360a03d9faa202e729c06cc64e90434dbfb5b479565c249c7a1"
"dataset/test/concrete/concrete_450.jpg","test","concrete","concrete_450.jpg",".jpg","3872051","f5ece5a156531852c653b0114d95a2804f0ebfd2190951525adbf1896af78d1c"
"dataset/test/concrete/concrete_454.jpg","test","concrete","concrete_454.jpg",".jpg","4849163","46673536ee3fc626d7564247f6dec5b883d44f2b2828a388478645c0be51cb4f"
"dataset/test/concrete/concrete_455.jpg","test","concrete","concrete_455.jpg",".jpg","4920791","254dcaaf789da52765f0bc386fc1d73241977c26805e02e530a7142aadce9313"
"dataset/test/concrete/concrete_456.jpg","test","concrete","concrete_456.jpg",".jpg","5290548","1d153b6db4a3449dee78777fabc4607e2b90128da5863cdbed85617dc8a75514"
"dataset/test/concrete/concrete_459.jpg","test","concrete","concrete_459.jpg",".jpg","6622512","dc80d72aad1a9c94f54adb3db4a770ab66b3abafb187f1200e88315858675d43"
"dataset/test/concrete/concrete_460.jpg","test","concrete","concrete_460.jpg",".jpg","6664959","e522c0be1f1b7b106c703f404c57e79d30f0b7df7db21e593e0758751882f0e7"
"dataset/test/concrete/concrete_461.jpg","test","concrete","concrete_461.jpg",".jpg","6859819","f808e9917b7b9d8a41ff79630a7d77d582db566e8f9896c5a117d3e8174cc0e4"
"dataset/test/concrete/concrete_462.jpg","test","concrete","concrete_462.jpg",".jpg","6930264","ca82553c22f6673b0587b96de3408cb04fe426f0fa2caede81bd9442c0b1c7d6"
"dataset/test/concrete/concrete_463.jpg","test","concrete","concrete_463.jpg",".jpg","6968167","e354bb4275876bccb471e76838a7a212ea08b6ff37e8939ea4f7f7d2b821c90d"
"dataset/test/concrete/concrete_464.jpg","test","concrete","concrete_464.jpg",".jpg","6613664","95b75c9ba3fb4a8305698b872140df73dd15de26a7d60a2cc8aa02d5e90954ba"
"dataset/test/concrete/concrete_465.jpg","test","concrete","concrete_465.jpg",".jpg","6235263","6f94b4ff94b73bb9c800f9bf626db4e4e4ee4ff58f752b29ae18b87fe42559a1"
"dataset/test/concrete/concrete_466.jpg","test","concrete","concrete_466.jpg",".jpg","6157026","d994c028dec24e75f6ee7b8f2d118db6d57b52f3ae006fa87b3439b4aeca2925"
"dataset/test/concrete/concrete_467.jpg","test","concrete","concrete_467.jpg",".jpg","6180407","4c5b078264624ba18189d25126d036e1a405aa8843c3bfd89307ea39c1b7985c"
"dataset/test/concrete/concrete_468.jpg","test","concrete","concrete_468.jpg",".jpg","5879809","bb8d2a3652371c6287fc2ef67892f3cd2ffd58e6ca39bff50638304210398e71"
"dataset/test/concrete/concrete_469.jpg","test","concrete","concrete_469.jpg",".jpg","5982751","99879c152d380f732c05623afd9d7eb9dbe9884403500f20ab828a71d07350ad"
"dataset/test/concrete/concrete_470.jpg","test","concrete","concrete_470.jpg",".jpg","6310231","c9b316385d9447b6ee88cf9f9b403666d2ca291efbcc114c91805ba1b3260215"
"dataset/test/concrete/concrete_471.jpg","test","concrete","concrete_471.jpg",".jpg","6195318","27685914214ee5f627b17bdfe03d6475924003b4d9d2c50d9ee15b76ee5f7c13"
"dataset/test/concrete/concrete_472.jpg","test","concrete","concrete_472.jpg",".jpg","6291599","10a177d92898588596a61c2de4b00d560ffb1b7a39d203af2a112ea532f8394c"
"dataset/test/concrete/concrete_473.jpg","test","concrete","concrete_473.jpg",".jpg","6552988","44f19a18fe6758a3bc4ebe69ce672b8aad6936c6d173909a20381b424af7cf2a"
"dataset/test/concrete/concrete_474.jpg","test","concrete","concrete_474.jpg",".jpg","874899","39eea508c5a7fb4b2f7d7080288185789c148eeb2b071cf0abb6fe2966083674"
"dataset/test/concrete/JRXI2636.JPG","test","concrete","JRXI2636.JPG",".jpg","676466","75bb46a1f563b8d83fd2a0d5503b1cecfc69e161560a1261c5c4d09642f65993"
"dataset/test/concrete/KWSS6018.JPG","test","concrete","KWSS6018.JPG",".jpg","542695","fe11d8d9887b02c3546266f9fbe7d5365888a0a1b80f51a4eed9d275a5abb578"
"dataset/test/concrete/NSHO1224.JPG","test","concrete","NSHO1224.JPG",".jpg","899879","ad80421fa5329004ad1e7958631c3296e5773850aec1b5057c0e0f13d0429cb6"
"dataset/test/concrete/NWMS4474.JPG","test","concrete","NWMS4474.JPG",".jpg","675514","c7f41ca891b7b8141491260db193295ed54b50d27a1172259a9dda761228f241"
"dataset/test/concrete/PLOD7198.JPG","test","concrete","PLOD7198.JPG",".jpg","790293","e0bafeef37ef15f5e2ee414b154da3450c244801e2ea89d17df5efa5bd7bfa97"
"dataset/test/concrete/WCAL6988.JPG","test","concrete","WCAL6988.JPG",".jpg","611122","78115c94ca02a4a68cd21e5ddc94ca6bbb9ef83ff0170047671d548733adf144"
"dataset/test/concrete/YKPL1846.JPG","test","concrete","YKPL1846.JPG",".jpg","626280","ce34329c01886a3067e4423e6aa4bfe2f886dd708590d11d25810e08c29418b3"
"dataset/test/epoxy/epoxy_440.jpg","test","epoxy","epoxy_440.jpg",".jpg","5252183","c9f9cfa34cbc5397d7705712452659b2454e1d4cd300f7f2dc74f389782d6076"
"dataset/test/epoxy/epoxy_441.jpg","test","epoxy","epoxy_441.jpg",".jpg","5148861","6cc4b41c6cc424303eabf8caed23bf190f8de1ea5734608b07103b3e592ad981"
"dataset/test/epoxy/epoxy_442.jpg","test","epoxy","epoxy_442.jpg",".jpg","4241553","d3a4d9493b4f1b4e31288c175f06f33ee30d4750ee8286f558ef55cea4df2798"
"dataset/test/epoxy/epoxy_443.jpg","test","epoxy","epoxy_443.jpg",".jpg","5023255","96713dbc61a0fe7d4ad9a5738b59f9f89de41e24ddb4be7760a58a15b8c0b5e9"
"dataset/test/epoxy/epoxy_444.jpg","test","epoxy","epoxy_444.jpg",".jpg","4521082","893861e4f4812e911ec58633c64e4cffb5269a4ec0beab877ea03aac80f1c028"
"dataset/test/epoxy/epoxy_445.jpg","test","epoxy","epoxy_445.jpg",".jpg","4966135","792b1893fa65d47b3027e46beccf36cc2c3432f09a0eb3f31560d4e3398669a5"
"dataset/test/epoxy/epoxy_446.jpg","test","epoxy","epoxy_446.jpg",".jpg","4934060","92964526e75f0e887b809154f0b0ac45492caeb6af8b339e1c209a180ccfa506"
"dataset/test/epoxy/epoxy_447.jpg","test","epoxy","epoxy_447.jpg",".jpg","3240005","73f59fd55622cd07cb6ba8cc98b35b1f461706eaafa059a7cac3ebae4b13b902"
"dataset/test/epoxy/epoxy_448.jpg","test","epoxy","epoxy_448.jpg",".jpg","4586958","0e1ced5d9a6123083e8eff37344f8f0ebedc94826105a63908b2e2b31f19bb49"
"dataset/test/epoxy/epoxy_449.jpg","test","epoxy","epoxy_449.jpg",".jpg","4271707","f4caefda1dcee9a4dc0aaebaaab4299fe65e4e116aaa7a949610452667f4239b"
"dataset/test/epoxy/epoxy_450.jpg","test","epoxy","epoxy_450.jpg",".jpg","4561264","0f00fa1b7b5f8ca7f0d6d6601f23ca5ad4dcde1143eb6f2570f908ff0b61559c"
"dataset/test/epoxy/epoxy_451.jpg","test","epoxy","epoxy_451.jpg",".jpg","4047406","8cd11359f1cc5f9917cbac074c7a1521fc25aac9feb2a317b65ad829a757e725"
"dataset/test/epoxy/epoxy_452.jpg","test","epoxy","epoxy_452.jpg",".jpg","4557869","5efbaa3a9e18ba43a8e04146e6d889a0cea84f31b16ba10c878eca1980d0ca74"
"dataset/test/epoxy/epoxy_453.jpg","test","epoxy","epoxy_453.jpg",".jpg","4432247","580abe6059009e50a4f388b13745947c4cda25689a0aa0cc8cf8f081847607f2"
"dataset/test/epoxy/epoxy_454.jpg","test","epoxy","epoxy_454.jpg",".jpg","4495217","6b672ec7bed0bfcffdac0ca308cdc20085316bfec01efa932be86b2b2027b0f5"
"dataset/test/epoxy/epoxy_455.jpg","test","epoxy","epoxy_455.jpg",".jpg","4847805","58f71d049d752fbb2d9ce17fa8600bb18cfaecfdb55c764e08dd491bc2ada37c"
"dataset/test/epoxy/epoxy_456.jpg","test","epoxy","epoxy_456.jpg",".jpg","4824688","ff8e560685cfbc3679feb6b801ca365330951f92ab0f71295d40226236d10368"
"dataset/test/epoxy/epoxy_457.jpg","test","epoxy","epoxy_457.jpg",".jpg","4790288","54f6c540cba79df5549dde9b23e2c942f1b647d6a0bfe2cb5a8822fc92f62f7e"
"dataset/test/epoxy/epoxy_458.jpg","test","epoxy","epoxy_458.jpg",".jpg","4818551","48deb92252ac4df4e34afde9b68552b35071bfe97a4f7b39586729e508eecbc4"
"dataset/test/epoxy/epoxy_459.jpg","test","epoxy","epoxy_459.jpg",".jpg","4711954","13988ee6ba77a6e1c1e5fa72f76b1e1a8b459351f876f1bd5bbc6e1a6c91a375"
"dataset/test/epoxy/epoxy_460.jpg","test","epoxy","epoxy_460.jpg",".jpg","4745546","ef5b0a13da5fc5c2479ec49360454f295e9de544c5ae344d6ebad67648d3201e"
"dataset/test/epoxy/epoxy_461.jpg","test","epoxy","epoxy_461.jpg",".jpg","4776435","55193ed4839f5776d80b708374a8f0926d06ea3f4ac418f8946389b70cab1e45"
"dataset/test/epoxy/epoxy_462.jpg","test","epoxy","epoxy_462.jpg",".jpg","4836945","40f839494ab1fa94c184501fc19d02eff2036a32290631896e2589d738cecc90"
"dataset/test/epoxy/epoxy_463.jpg","test","epoxy","epoxy_463.jpg",".jpg","4937344","14182373d5ffeb6620f77edd747b4649b34438e0e103b7a3051a2c66a3b64ee8"
"dataset/test/epoxy/epoxy_464.jpg","test","epoxy","epoxy_464.jpg",".jpg","4816137","abff26324af35d83f571cb0316d8a0e2c391889cff79057e7f71cdbdc402e6c4"
"dataset/test/epoxy/epoxy_465.jpg","test","epoxy","epoxy_465.jpg",".jpg","4827820","0904f56975b21a564378e74ca9fd26b44ce06c8c6a5d78b8923a06c4dca9539b"
"dataset/test/epoxy/epoxy_466.jpg","test","epoxy","epoxy_466.jpg",".jpg","4773289","20746e1d27c428b63a6d04014c6658207745c08e98d73b0185114d75233a8e14"
"dataset/test/epoxy/epoxy_467.jpg","test","epoxy","epoxy_467.jpg",".jpg","4720604","037a9b0a58fb47e631a82603c09d5e50b915f787295f88594c415388e229219a"
"dataset/test/epoxy/epoxy_468.jpg","test","epoxy","epoxy_468.jpg",".jpg","4700213","74a834190e2701389491fd576d600bf710d23122f421d36ac2668e4720d5a071"
"dataset/test/epoxy/epoxy_469.jpg","test","epoxy","epoxy_469.jpg",".jpg","4637640","bdb10cf0b3325ffd68a2c5f80cd2d725baa1e1030be412ce4b47eb41038aa04e"
"dataset/test/epoxy/epoxy_470.jpg","test","epoxy","epoxy_470.jpg",".jpg","4559071","42ace94a0adc3489d4ebb1b36fb8ae90bcb5fbd0fbd3e2797ae4eeac5fc6032d"
"dataset/test/epoxy/epoxy_471.jpg","test","epoxy","epoxy_471.jpg",".jpg","4411042","49cf8ef490832328b94c57fda3a57b57a90d5e260c864c16082099b8fd410b0b"
"dataset/test/epoxy/epoxy_472.jpg","test","epoxy","epoxy_472.jpg",".jpg","4428627","1ae67d27f55ff968211531c041228d9092bd540cfdca0242dc95454ba47cee58"
"dataset/test/epoxy/epoxy_473.jpg","test","epoxy","epoxy_473.jpg",".jpg","4563509","fabb221c3ac369247ec1a1695c45c8e8b31f907e5c56be2971075e7688b03d24"
"dataset/test/epoxy/epoxy_474.jpg","test","epoxy","epoxy_474.jpg",".jpg","4429482","fdf45da8f589b04cd2b8ee155c75eeca20129e5c57d27dd8798dcf63a74311ee"
"dataset/test/epoxy/epoxy_475.jpg","test","epoxy","epoxy_475.jpg",".jpg","4418628","ad436967b51f6825bbff2d77dc30eeab589e1705906167e276f687db22d609e5"
"dataset/test/epoxy/epoxy_476.jpg","test","epoxy","epoxy_476.jpg",".jpg","4434395","af99dec9888dec277e1463c0747003605a072cf189f1352331bbb504bc931f85"
"dataset/test/epoxy/epoxy_477.jpg","test","epoxy","epoxy_477.jpg",".jpg","4419418","a20c11b609ca452fcd6ce4a9037f85f526237de57d4fbdc2a8ba48860eeb4c50"
"dataset/test/epoxy/epoxy_478.jpg","test","epoxy","epoxy_478.jpg",".jpg","4443741","1fd8837da0b719aeed1d5e8ff68703f79e408452dad4522c14963a67be26fac6"
"dataset/test/epoxy/epoxy_479.jpg","test","epoxy","epoxy_479.jpg",".jpg","4438924","9dc4eeb255880a0e59460185260e6aa8759d663cb180dd1ab7d918c89b9387e7"
"dataset/test/epoxy/epoxy_480.jpg","test","epoxy","epoxy_480.jpg",".jpg","4567866","111ebf66aa522981ea4405cd916f9273bed6de724a4be01fd528b8c1d7197bf1"
"dataset/test/epoxy/epoxy_481.jpg","test","epoxy","epoxy_481.jpg",".jpg","4455613","de4da0105dafb2315a871d15f66967d659f1527533159c06395a430ecdc332fe"
"dataset/test/epoxy/epoxy_482.jpg","test","epoxy","epoxy_482.jpg",".jpg","4448761","464679a65743b8112be2d858200bdfd571770b51a48115934a78b481c0a9ddb8"
"dataset/test/epoxy/epoxy_483.jpg","test","epoxy","epoxy_483.jpg",".jpg","4465468","91583f3818892e80901988f57cfa45f5f0d2ced530e0aa35ee639d8e076782b7"
"dataset/test/epoxy/epoxy_484.jpg","test","epoxy","epoxy_484.jpg",".jpg","4471660","1abe5eff17e438eff6ba31ee33453a966b681084799b56b905a7aa24c03dbfea"
"dataset/test/epoxy/epoxy_485.jpg","test","epoxy","epoxy_485.jpg",".jpg","4522512","4fbb5c03a59aadab2f6f9a8956df750ea324e2d78409723d6b84d3661017fe0e"
"dataset/test/epoxy/epoxy_486.jpg","test","epoxy","epoxy_486.jpg",".jpg","4543893","3ba6a9b0f0a07d09f5820d18f5a06cb24df7cddf9d4721b14f5ba9d3f4f6dcc5"
"dataset/test/epoxy/epoxy_487.jpg","test","epoxy","epoxy_487.jpg",".jpg","4856058","10300e65282d7fe43e5ce8f2633ac5bdfe034410b193564201278d2731d201e6"
"dataset/test/epoxy/epoxy_488.jpg","test","epoxy","epoxy_488.jpg",".jpg","3009037","65649d20fccdcbfb79863ee9c7918b01f3d47e24fdfe51680a2de6661d8a53d3"
"dataset/test/epoxy/epoxy_489.jpg","test","epoxy","epoxy_489.jpg",".jpg","4778193","7da9aa17b54dd7144be2b7cffebde352896c4a94901e2ee2286acbe564be1c09"
"dataset/test/epoxy/epoxy_490.jpg","test","epoxy","epoxy_490.jpg",".jpg","4745868","814506faa290832ef817138bbb2ecd954d7524fa1e383870c3ef6709f3da8013"
"dataset/test/epoxy/epoxy_491.jpg","test","epoxy","epoxy_491.jpg",".jpg","4925943","85a7b9cf56fe837e14f40b96d9905b16bbe50bf38497ddde6d17a2dcd0012657"
"dataset/test/epoxy/epoxy_492.jpg","test","epoxy","epoxy_492.jpg",".jpg","4939293","e7e92f61e9accbb3c6db93b4e1d1ad40d447ac984687e71c12598c8f5a5094e2"
"dataset/test/epoxy/epoxy_493.jpg","test","epoxy","epoxy_493.jpg",".jpg","4638509","8037acb0b690855208840e8ec401ab7125fb91d7873e2a8ddac1072a8c26f543"
"dataset/test/epoxy/epoxy_494.jpg","test","epoxy","epoxy_494.jpg",".jpg","4635016","54ab82bad15ea443d71c764e34f33755e4f8d9af6ebc037ba545a99abea086c5"
"dataset/test/parquet/parquet_552.jpg","test","parquet","parquet_552.jpg",".jpg","5896901","29d431765a61e8316466ff7502039ff0f84863e66a01e20d7a6fbdb2a95d9883"
"dataset/test/parquet/parquet_553.jpg","test","parquet","parquet_553.jpg",".jpg","5994614","1f3603b66c5abf7a4674190897eb166cbf9d04ca58a383c12438e8a6273752bf"
"dataset/test/parquet/parquet_554.jpg","test","parquet","parquet_554.jpg",".jpg","5187983","082dff6201175fcdfca4abc13cd44abf071873e638bf9b25dfc3b3ade960a1b5"
"dataset/test/parquet/parquet_555.jpg","test","parquet","parquet_555.jpg",".jpg","5362998","897f0be2e9fa5a97962dbfa7816e2eb1ff13e3948c3a1b083ca61d289e3038d4"
"dataset/test/parquet/parquet_556.jpg","test","parquet","parquet_556.jpg",".jpg","5495497","ae8b62fd16e15196c85590dec37e4a036b099a28942de57081e95c1344d0354b"
"dataset/test/parquet/parquet_557.jpg","test","parquet","parquet_557.jpg",".jpg","4924426","17b3909d5d412d3bed96348eadb45eb336a91e5db99c92ebb948350e83996af6"
"dataset/test/parquet/parquet_558.jpg","test","parquet","parquet_558.jpg",".jpg","5554139","04a30f2b3527b9814e8446dee8dfb79bfab2199cb4282ee50e1a6a66a165734a"
"dataset/test/parquet/parquet_559.jpg","test","parquet","parquet_559.jpg",".jpg","4689285","9fa198c5db267e6a4064c6741cf71838567a11c5fcd12dda883bff774f9423ab"
"dataset/test/parquet/parquet_560.jpg","test","parquet","parquet_560.jpg",".jpg","5927312","33f1924e8a4da4ee22b5e79d58a100c8db16d14e04017691e7d949b2bac10a82"
"dataset/test/parquet/parquet_561.jpg","test","parquet","parquet_561.jpg",".jpg","5898645","78170fdcbdd709dcc690fcad6063ea4f33d062dbbc361ebc54233cad211e5b3b"
"dataset/test/parquet/parquet_562.jpg","test","parquet","parquet_562.jpg",".jpg","6329155","943a538e523c3042bd6e6ff4f1c0768984f2ec2bd74594ae44536377b09094af"
"dataset/test/parquet/parquet_563.jpg","test","parquet","parquet_563.jpg",".jpg","5849712","da2d91d2cd185ad32c476438add4e52f2fa8b15bb0636fb45025fb21206c7556"
"dataset/test/parquet/parquet_565.jpg","test","parquet","parquet_565.jpg",".jpg","5477333","1dbe01b837aed99a852b95bae9167f576f3d1625f1dab3ff9667da6a46b47ff1"
"dataset/test/parquet/parquet_566.jpg","test","parquet","parquet_566.jpg",".jpg","5776079","3fdfbfebbdb727b870a893313738a3c70c4c9a87d1bbae4740750f6c3d47c668"
"dataset/test/parquet/parquet_568.jpg","test","parquet","parquet_568.jpg",".jpg","5509643","47f7ac87c5a2281a35b07ca0ab9388493da6c0ae902e83ac29b234cbb24af5b2"
"dataset/test/parquet/parquet_569.jpg","test","parquet","parquet_569.jpg",".jpg","5335809","2b72382a4b0fc60d440597448a8ce0761c1043a816f6011d514c0f3f6f075900"
"dataset/test/parquet/parquet_571.jpg","test","parquet","parquet_571.jpg",".jpg","5877585","48870010c9cba3fa75560bdf181a10417f4b881f5e71d8243dde4491779b1e4a"
"dataset/test/parquet/parquet_572.jpg","test","parquet","parquet_572.jpg",".jpg","5615136","be83b32fc80338ca504892c9572d88df4aea4aecc894823bd864d6683989de60"
"dataset/test/parquet/parquet_573.jpg","test","parquet","parquet_573.jpg",".jpg","5569992","24430574ad17955f635df115d2b9c9c94dd16e99880252c0651f5429bb77ae1f"
"dataset/test/parquet/parquet_574.jpg","test","parquet","parquet_574.jpg",".jpg","5782356","9d436d1c1960d07860853ee67141304d394c4ecb64502d5da9c36f1a5f25cf27"
"dataset/test/parquet/parquet_576.jpg","test","parquet","parquet_576.jpg",".jpg","5027229","9eb46efea96b80c79840199854a8045c54844b13d35c08a0236ec8c3e001cde5"
"dataset/test/parquet/parquet_577.jpg","test","parquet","parquet_577.jpg",".jpg","5073413","0975ff9faebbd13e29539f7aa4e96b1f43e80afa2026b9b13a2604ed75232a9d"
"dataset/test/parquet/parquet_578.jpg","test","parquet","parquet_578.jpg",".jpg","5157498","1eaef07a963dd7e44bba01ddc8883d0ff776068da921e1c080f1dd17eaa2d93e"
"dataset/test/parquet/parquet_579.jpg","test","parquet","parquet_579.jpg",".jpg","4929307","28ca0eaab8dc7f35e5bc337617f950894cb10377c646e5ead72a1126ea08d96c"
"dataset/test/parquet/parquet_580.jpg","test","parquet","parquet_580.jpg",".jpg","4802320","079c1dcf9bd853966e071b0ec3067c1679baf02bc18382dfbb5616070f863ed5"
"dataset/test/parquet/parquet_581.jpg","test","parquet","parquet_581.jpg",".jpg","5008498","9bf56bbdca2709bc91c199ec5ce25566f85262ff3aa609e253febdd777c5bf84"
"dataset/test/parquet/parquet_582.jpg","test","parquet","parquet_582.jpg",".jpg","5644871","956a3398e250ddecddb838f5f64c30d918656d3f69b7b03beae1e6df89b1e252"
"dataset/test/parquet/parquet_584.jpg","test","parquet","parquet_584.jpg",".jpg","5363654","879f27e0913900c20f94175f2be4891197aef70852401c0e77b3d5cb706be579"
"dataset/test/parquet/parquet_585.jpg","test","parquet","parquet_585.jpg",".jpg","5635752","190c362359501030cb055914498b5d062360e426adb272790ca8d23e9f405594"
"dataset/test/parquet/parquet_586.jpg","test","parquet","parquet_586.jpg",".jpg","5662185","004bfee7256e6091f9934412dbfa3742121515717eb3dd3442078e42fd71bcdd"
"dataset/test/parquet/parquet_587.jpg","test","parquet","parquet_587.jpg",".jpg","5716065","1cadb3601f3066123635b3ef58784311768ec7f0b3c598ba248be49ca0b9ce18"
"dataset/test/parquet/parquet_588.jpg","test","parquet","parquet_588.jpg",".jpg","5196812","bb801bcce8a092f61c8f81fc0b724ec0ec1d3fa5c02f0859ddd2e1dd4516ec18"
"dataset/test/parquet/parquet_589.jpg","test","parquet","parquet_589.jpg",".jpg","5093420","efe2754a6b65c03c583d9e54ea9aa75b31087371ae7b917073cb463f389f8bbe"
"dataset/test/parquet/parquet_590.jpg","test","parquet","parquet_590.jpg",".jpg","4946866","8119286353d105ca9ed548728f9dac71d902d35e8aae8f1343811e5c4f659cd1"
"dataset/test/parquet/parquet_591.jpg","test","parquet","parquet_591.jpg",".jpg","4784025","83c3ed6d585c514c48e00ce179a94edbfc46028bf4bd7bd2aea874b1f325b690"
"dataset/test/parquet/parquet_592.jpg","test","parquet","parquet_592.jpg",".jpg","4162965","66a34e55ba0a5f3f8bf67a85a4d8296089200b0b766189bc941356c720d29cd7"
"dataset/test/parquet/parquet_593.jpg","test","parquet","parquet_593.jpg",".jpg","4588996","8f6cc7d57cc7abd8f73eb4436edefafc36eacdd2430cb43b11a17218dbed66ef"
"dataset/test/parquet/parquet_594.jpg","test","parquet","parquet_594.jpg",".jpg","4436318","e2cef38100f5dff709a6d26067fbc38b3bb06a17212696e26bb6c5cd5d05121b"
"dataset/test/parquet/parquet_595.jpg","test","parquet","parquet_595.jpg",".jpg","4381744","32135eb4f4214b42b4498449a6635f013854daa29a4fed4724cc4ecb62714624"
"dataset/test/parquet/parquet_596.jpg","test","parquet","parquet_596.jpg",".jpg","5432434","db5b2ee84f00241bfb365d243d8b516b053fe1af706b91ad44dbed3fa5421b8a"
"dataset/test/parquet/parquet_597.jpg","test","parquet","parquet_597.jpg",".jpg","4771702","bfb98012fcd2d9431aab294f29b2d297b19ad53f59e00e9583c35f805e78a6fe"
"dataset/test/parquet/parquet_598.jpg","test","parquet","parquet_598.jpg",".jpg","4487585","303a3052a969d0fb04b137f0530eb22505f48e4ae0a1e4b6bcb4353227af2fe0"
"dataset/test/parquet/parquet_599.jpg","test","parquet","parquet_599.jpg",".jpg","5340556","310cd54dfa4cfcbabc2b4db4878d9147b474f485d192f5735a32e652b55dfb8f"
"dataset/test/parquet/parquet_600.jpg","test","parquet","parquet_600.jpg",".jpg","5118462","49a7b47355d2e4268d2975878f6c0461e85bb455c3cb0c124732874cabe283d0"
"dataset/test/parquet/parquet_601.jpg","test","parquet","parquet_601.jpg",".jpg","5652901","321ea5647e02b141e55f36c7dde9cf45a65c846b45638ca228c5bb6b651b7dd2"
"dataset/test/parquet/parquet_602.jpg","test","parquet","parquet_602.jpg",".jpg","5555450","a054e5436b9b0aa95b98bd1738cd4efe746e85e77f26306bd8a95dc823a028d1"
"dataset/test/parquet/parquet_603.jpg","test","parquet","parquet_603.jpg",".jpg","5785966","dbfb295e5fae0a5d1d3165e619b3a55373ae101a6349f52f7b1805410cf4665c"
"dataset/test/parquet/parquet_604.jpg","test","parquet","parquet_604.jpg",".jpg","5343596","d25558edb042d9afb3ddff014fd8c30ae5a7d64531e196c5a065bf9e17abb061"
"dataset/test/parquet/parquet_605.jpg","test","parquet","parquet_605.jpg",".jpg","4879902","be71d8fb47012760affe3d08748a1b042839a88704786f56ba6b816a38706a0e"
"dataset/test/parquet/parquet_606.jpg","test","parquet","parquet_606.jpg",".jpg","6033438","9fa0f7df76fcd11b43d361a875c6ac1fcb6e257b410b671a44f93a15bb0232cc"
"dataset/test/parquet/parquet_607.jpg","test","parquet","parquet_607.jpg",".jpg","6637950","23576675316785ace8b076c1e661b68cb190f8388098247506e17b899906628d"
"dataset/test/parquet/parquet_608.jpg","test","parquet","parquet_608.jpg",".jpg","6246143","64d10314380f8fe00d5c3c04816975e12f4cfc25a89943d87f37253edf28dc33"
"dataset/test/parquet/parquet_609.jpg","test","parquet","parquet_609.jpg",".jpg","5568121","8488f2fc9bf88af4c9f6debb3735b824139f6c1384f7aec681ab330101a4bf62"
"dataset/test/parquet/parquet_610.jpg","test","parquet","parquet_610.jpg",".jpg","5919758","d0ba39537ae0daba9404ebdac1a302375282d44f0c96e26a52ea4897044670bb"
"dataset/test/parquet/parquet_611.jpg","test","parquet","parquet_611.jpg",".jpg","5788885","dd951b6d1ab1de6b75a12987555f5354e7ab383b71ce681f66986cf2e2144733"
"dataset/test/parquet/parquet_612.jpg","test","parquet","parquet_612.jpg",".jpg","5186313","875f591ba0468a24d136ffd4bfbe2a6747bb71ee04166dfb416efef568543971"
"dataset/test/parquet/parquet_613.jpg","test","parquet","parquet_613.jpg",".jpg","6124711","daf10709ab61ff9df2937cb10b0f6dfe5a5970e7243a9c1621df57376a018d9f"
"dataset/test/parquet/parquet_615.jpg","test","parquet","parquet_615.jpg",".jpg","5041631","596020239df778b3a8dcc5865eb1982a8fa24ec7cbb65e4c95532654cc156490"
"dataset/test/rubber/rubber_459.jpg","test","rubber","rubber_459.jpg",".jpg","3237065","4b252f225e410d446c900684ffde71c0c867718507621acf8e38add48f27bb3f"
"dataset/test/rubber/rubber_460.jpg","test","rubber","rubber_460.jpg",".jpg","2141191","bc5240c6ed107661d1201ea997fa35544749a153c59bb90f5ca58e5eb1dcece6"
"dataset/test/rubber/rubber_463.jpg","test","rubber","rubber_463.jpg",".jpg","224028","ae22de966ec6cfcfad5801b40f6b87323b8c614b5f5eddd097b25170a748574a"
"dataset/test/rubber/rubber_464.jpg","test","rubber","rubber_464.jpg",".jpg","561580","4b3f83106c867076786f70fb038720fd421b1004b400c5838dbdd03397c81242"
"dataset/test/rubber/rubber_465.jpg","test","rubber","rubber_465.jpg",".jpg","2640436","e62020ad0394b019089d8f41b676a1fe83d320c6ddc054a309a3f8caa19b0929"
"dataset/test/rubber/rubber_466.jpg","test","rubber","rubber_466.jpg",".jpg","558861","9b7fe2b1977b799559302c162d5950800422a102fc47722d0dd217ad95810b96"
"dataset/test/rubber/rubber_469.jpg","test","rubber","rubber_469.jpg",".jpg","269184","82f8f93024f5e3852d4958a2057068e52b1561725f82791e36326502886dfaea"
"dataset/test/rubber/rubber_471.jpg","test","rubber","rubber_471.jpg",".jpg","3035841","6f90fd869ff3ee16c58ef3beba4ce5ab3266bb7937f79710d11f73612f3989d5"
"dataset/test/rubber/rubber_472.jpg","test","rubber","rubber_472.jpg",".jpg","3256650","09c1ffb69176226eb676e1c2b8968556ed5d5f7da13e37ad7df2807f92a619d3"
"dataset/test/rubber/rubber_473.jpg","test","rubber","rubber_473.jpg",".jpg","248076","aadccce997b8452aa1dd4406675626a89e834464d9f52c81fff75ec39d496757"
"dataset/test/rubber/rubber_474.jpg","test","rubber","rubber_474.jpg",".jpg","567285","d8f9c8ab305c9f8d2dbfb2609d57e23057145f4b3371803f9bad83c58921f500"
"dataset/test/rubber/rubber_477.jpg","test","rubber","rubber_477.jpg",".jpg","1576300","d57c19d3fb8ab415467a1e769797398534a9a8b21a896b551658bfb50783b756"
"dataset/test/rubber/rubber_487.jpg","test","rubber","rubber_487.jpg",".jpg","6702377","da3ed5f9d3108a9e586ed1407ee07418e5d1b3bc8c3ff89934dd40fd00d6f348"
"dataset/test/rubber/rubber_488.jpg","test","rubber","rubber_488.jpg",".jpg","7723712","d908975cb835ca86820c1248937e1ea6f85b9daa5452732102181c043bbd516b"
"dataset/test/rubber/rubber_489.jpg","test","rubber","rubber_489.jpg",".jpg","7182213","8319fbcccde9d6dac00d00291e723082e731a6b275c1422e7b081b3efd205db4"
"dataset/test/rubber/rubber_490.jpg","test","rubber","rubber_490.jpg",".jpg","4913301","07531575d5ea2c1362159fcedd5064ce5979c16dabe862f0909c0ab0b81acaca"
"dataset/test/rubber/rubber_491.jpg","test","rubber","rubber_491.jpg",".jpg","5393478","cdee3168f0c5982ec3cb8f5a634cb2f0b56fdc5e9f79e566f2522ff852fbcee9"
"dataset/test/rubber/rubber_492.jpg","test","rubber","rubber_492.jpg",".jpg","5154983","e7ccc89e0f1379359daeaaa736fe6e639c7348aeae6d530ee86097d5cda7bc7c"
"dataset/test/rubber/rubber_493.jpg","test","rubber","rubber_493.jpg",".jpg","5389236","cad5386541dc3bfea30f291f8367f935266972f7002b34077d06a0f794ea494c"
"dataset/test/rubber/rubber_494.jpg","test","rubber","rubber_494.jpg",".jpg","4884277","210af56f4ee051e83cb83e38328f1ae5b7ea8821bf4ecfe0ec66a0105588c13f"
"dataset/test/rubber/rubber_495.jpg","test","rubber","rubber_495.jpg",".jpg","6474787","44457e0f16ba3b8c764ba85d4d0f61c94a6d9abef6de31400db96dc5a85a1779"
"dataset/test/rubber/rubber_496.jpg","test","rubber","rubber_496.jpg",".jpg","6365090","704ffa9b2ee1f2f037faad45849f9ffb2aa9a2cddc8abe352fb6e79efbfdd14b"
"dataset/test/rubber/rubber_497.jpg","test","rubber","rubber_497.jpg",".jpg","7674907","4704ba69096efc6f77a5343e9c591a6b76da576ae53e87231306658942c2eb23"
"dataset/test/rubber/rubber_498.jpg","test","rubber","rubber_498.jpg",".jpg","8754509","aa149291556c4428eeb9305169f21ba4ce4550e7db8c25ff8bd78d5694ae0e3e"
"dataset/test/rubber/rubber_499.jpg","test","rubber","rubber_499.jpg",".jpg","8397483","6a320e87981963eb6db932ab075358884abffaef45732f25d8a2f8e8a9946499"
"dataset/test/rubber/rubber_500.jpg","test","rubber","rubber_500.jpg",".jpg","6208393","05cc8fc50052e463487ad10b8a341c1601a04438871600eedad6a7898dcaaf34"
"dataset/test/rubber/rubber_501.jpg","test","rubber","rubber_501.jpg",".jpg","6464867","914e34aae5b0181c77152ddd7902cc93e34410b1f0dc3f30af1876b66bec03b2"
"dataset/test/rubber/rubber_502.jpg","test","rubber","rubber_502.jpg",".jpg","5974029","27413b8d3144c24034b379b504a7a4a9109d09f16fc78b93fde76a2821c01811"
"dataset/test/rubber/rubber_503.jpg","test","rubber","rubber_503.jpg",".jpg","5454450","54aea5b018df4ddcaf99eaedbf49e3a76bdd3c378769549771e7f164a50dc148"
"dataset/test/rubber/rubber_504.jpg","test","rubber","rubber_504.jpg",".jpg","5470036","e3d786a788accb47a23bb3b90add50666391d98aa371a88947ac62d7a14e61e8"
"dataset/test/rubber/rubber_505.jpg","test","rubber","rubber_505.jpg",".jpg","5861496","1b024607a2e89f8b512dda94e731746748f6730a9facab791e1375efd1d1dd49"
"dataset/test/rubber/rubber_506.jpg","test","rubber","rubber_506.jpg",".jpg","6027852","6dedce5f576cc2a2261cfafdb4e840f6516d67b0918d406d98071ada1f984912"
"dataset/test/rubber/rubber_507.jpg","test","rubber","rubber_507.jpg",".jpg","6643838","a6bcc55da4085e8b2bf3017e505816deaa00daa6ae21226765e3a29817eee3df"
"dataset/test/rubber/rubber_508.jpg","test","rubber","rubber_508.jpg",".jpg","6716600","92cd0ef3964977c63f32eaf3a5c78a94a54382ba28242ee1ddf70b141ebbcdf7"
"dataset/test/rubber/rubber_509.jpg","test","rubber","rubber_509.jpg",".jpg","6643051","aa39e52c2befa30e79d601949bbf105195fdaeee95fdaf66f90b36716e771620"
"dataset/test/rubber/rubber_510.jpg","test","rubber","rubber_510.jpg",".jpg","5912074","1ec2bb40a16e0bc8c9390c8e9c79c912b555b12251f176d81a10c17274682eaa"
"dataset/test/rubber/rubber_511.jpg","test","rubber","rubber_511.jpg",".jpg","5978235","a564eefd4fb5f7a81b2b0f89d8e75e91cdd2248d4854112e5215ece49cff5f1b"
"dataset/test/rubber/rubber_512.jpg","test","rubber","rubber_512.jpg",".jpg","6067267","e94fef5fcb23e65a1dc25706ec0eeb81bf13fb30b46bfc062df96f7070c0cab8"
"dataset/test/rubber/rubber_513.jpg","test","rubber","rubber_513.jpg",".jpg","5892792","baa543ab88d71388ae2586a951cf05a6772db7657e3ea4697cfd8e51e6338af8"
"dataset/test/rubber/rubber_514.jpg","test","rubber","rubber_514.jpg",".jpg","5702756","31f67747f19885cef03123e66ff6551e16bf869f1ada5f940639355ed5a9fb55"
"dataset/test/rubber/rubber_515.jpg","test","rubber","rubber_515.jpg",".jpg","5557992","b454263dbf4ac7eddb8fa6283b2557d463702363652dd10e1faabf5f188a901e"
"dataset/test/rubber/rubber_516.jpg","test","rubber","rubber_516.jpg",".jpg","5600649","5bfe7686bc7c062b184cc7096da8b381f73db071c89197a3f1a1879e21d5cd33"
"dataset/test/rubber/rubber_517.jpg","test","rubber","rubber_517.jpg",".jpg","5616960","2f2d9bbc0a3020fb7988bcfa0b2bc6bd609c8f854dc6e817f6064a59f9e905c4"
"dataset/test/rubber/rubber_518.jpg","test","rubber","rubber_518.jpg",".jpg","5640246","06401c94f1955c946c5cf733d9c7219b1c38dcaf0576f09366a45182bb35eb8c"
"dataset/test/rubber/rubber_519.jpg","test","rubber","rubber_519.jpg",".jpg","5569072","700b6497c80aad3a52beb1b1780af24916b1acfd7466093cacbaa4709c620f8f"
"dataset/test/rubber/rubber_520.jpg","test","rubber","rubber_520.jpg",".jpg","5880479","809fbb6e6ca7ba0eea4872d5e46c25fd3c6fd80a88f5cd8ad771817af5ff34cd"
"dataset/test/rubber/rubber_521.jpg","test","rubber","rubber_521.jpg",".jpg","5862826","790d96cdb053528a84d98d214c9cd0ca10a0994b2a929506fffde203699bcae7"
"dataset/test/rubber/rubber_522.jpg","test","rubber","rubber_522.jpg",".jpg","4182515","9bbca4b291672c26dfd44399c8f95e7301b6663e7552c280c92402b0abddf069"
"dataset/test/rubber/rubber_523.jpg","test","rubber","rubber_523.jpg",".jpg","544199","7d0e59bd34f52df7a78fc71f78d6a1897b593f8a8a76e21853ad51a02548f99d"
"dataset/test/rubber/rubber_524.jpg","test","rubber","rubber_524.jpg",".jpg","597395","6e6bc81443528ae3545a2a5ff91d46598f6fe3f5efde289936ad5efb3c50c4af"
"dataset/test/rubber/rubber_530.jpg","test","rubber","rubber_530.jpg",".jpg","884422","f530a5da02ca80d423828afa0bdc8841c1427ab4c937990b942602f0810e2b02"
"dataset/test/rubber/rubber_531.jpg","test","rubber","rubber_531.jpg",".jpg","3583451","3dce734184eaff9894a6cfeb5f5f1561d1aa6dcfb8e7f30c23d45f1b7210d8ca"
"dataset/test/rubber/rubber_533.jpg","test","rubber","rubber_533.jpg",".jpg","304495","9f3ac3a3d36bb46338b223ca5c39f338087e59fdcc34f0f8a12d0af881ff4900"
"dataset/train/concrete/ABJR5673.JPG","train","concrete","ABJR5673.JPG",".jpg","620263","dd458981d954d13adead6a21aca29a04003b27b052afe158b17d6a3b01cef46a"
"dataset/train/concrete/AFFX5984.JPG","train","concrete","AFFX5984.JPG",".jpg","562861","91b83f138b93226f1d78e34b45bf898a6ec49f612adfe849e668e80dfcabdf5e"
"dataset/train/concrete/ANBB9315.JPG","train","concrete","ANBB9315.JPG",".jpg","744920","16a2fa9d3c97195f08461224f4e3b8ab2681c396ef4aa8ba795f53302e36b39b"
"dataset/train/concrete/ANYU2613.JPG","train","concrete","ANYU2613.JPG",".jpg","699506","00d5875026254b6d9e66d88e5f19db3a9e27a421c6ba5dece01cff0ad4976aba"
"dataset/train/concrete/AWME3771.JPG","train","concrete","AWME3771.JPG",".jpg","887824","f433ed10052857c1c9a4a7e22a08a40373e61ab3ca4b5320035eb5a7f3de3a86"
"dataset/train/concrete/AXDW3194.JPG","train","concrete","AXDW3194.JPG",".jpg","680598","9fb8aa614d10fcbc4a2733f46b1d4771582ad6cab9fab4ba5d7a926e3d005b8b"
"dataset/train/concrete/BJSH6761.JPG","train","concrete","BJSH6761.JPG",".jpg","695600","2149b4caf438c22632ba2a095ef8d5d85be4337e40b10a23116858f94c58c73e"
"dataset/train/concrete/BTMB4828.JPG","train","concrete","BTMB4828.JPG",".jpg","733490","155a43afb66db0179cce2fc9d49da99b7b9f5129a550bfc798aaae809a30d65d"
"dataset/train/concrete/concrete_034.jpg","train","concrete","concrete_034.jpg",".jpg","6688155","3e8722d220e2e258d6a68257678cfeeefd8f00fb5fb7470dd9b02622bb1c92fc"
"dataset/train/concrete/concrete_035.jpg","train","concrete","concrete_035.jpg",".jpg","7506592","6135c366dcce69d63641f7cdea457a362910ee55461e31a0cb58b4765eff3295"
"dataset/train/concrete/concrete_036.jpg","train","concrete","concrete_036.jpg",".jpg","5554085","c477ad0e857a1ffa97b9353c54f53bd51d560b6182dccff90a37f57e4e123ba8"
"dataset/train/concrete/concrete_037.jpg","train","concrete","concrete_037.jpg",".jpg","6900208","635074baf49ed681fb3a8193834a66a2fb86506b35d9568b3c403a1d49fbdcda"
"dataset/train/concrete/concrete_038.jpg","train","concrete","concrete_038.jpg",".jpg","6779664","f420a146c28b07822802397be3ba6696fc43986be4e9ac9d1c3da2be1de0bf6b"
"dataset/train/concrete/concrete_039.jpg","train","concrete","concrete_039.jpg",".jpg","5954843","7677730823ecfe12ff5242a56764a8424d058051db77fa4ff9205acd5e3e3337"
"dataset/train/concrete/concrete_040.jpg","train","concrete","concrete_040.jpg",".jpg","5849514","fc65880140c4476a27ca3261ee126b297ee79183ab173ca3921e96e22b5d3a89"
"dataset/train/concrete/concrete_041.jpg","train","concrete","concrete_041.jpg",".jpg","5733943","d470f2cdbac65139e1baee966a73443e5146acc7f42bddbe99aec5514d601acc"
"dataset/train/concrete/concrete_042.jpg","train","concrete","concrete_042.jpg",".jpg","6321467","d65d7ebc4528d046eb5855a8a30c91a3915fdebebaec1be4bea386734ff4c0b0"
"dataset/train/concrete/concrete_043.jpg","train","concrete","concrete_043.jpg",".jpg","6267585","bc65668c6f30e3c6267f40ce1a3e0832ad6840c560e26067a2a5b88e6f30b3da"
"dataset/train/concrete/concrete_044.jpg","train","concrete","concrete_044.jpg",".jpg","5895063","1a95ad653a9c255ede155bdd02c5acf47fc54a1d0e0ace9fa314b1ad5707adae"
"dataset/train/concrete/concrete_045.jpg","train","concrete","concrete_045.jpg",".jpg","5936504","31afbc1b8a33a33f66c9baf4eb59f96dbbb4c09d7c50276cfa29576da9b8389c"
"dataset/train/concrete/concrete_046.jpg","train","concrete","concrete_046.jpg",".jpg","5958605","05a6ca94267b391c0449ec00c52d04aab2c26b3e75b5aa04c865dbd8b5cffdd8"
"dataset/train/concrete/concrete_047.jpg","train","concrete","concrete_047.jpg",".jpg","5749989","e1006f903611452732eb84d74ee89a34c0965256e3a14f8b6793332db774a603"
"dataset/train/concrete/concrete_048.jpg","train","concrete","concrete_048.jpg",".jpg","5704696","ee91b39aa741c9b3687a0c749571cd7d0075d2881f955963a0b1f8828a83eea1"
"dataset/train/concrete/concrete_049.jpg","train","concrete","concrete_049.jpg",".jpg","5932145","3ffb80866c3dbf199489b8a739fd8576b9e97ab73ccd753456bfeeb420e86d56"
"dataset/train/concrete/concrete_050.jpg","train","concrete","concrete_050.jpg",".jpg","6153529","b0ebd4330e8bfb68c946d4e1bcfe4b0d39e632f17ad086b1a0c0806b8e30d1f7"
"dataset/train/concrete/concrete_051.jpg","train","concrete","concrete_051.jpg",".jpg","5858094","ed53abee4ab42588f8f944db4244fc2ffb48ea7935f0bce4228050ed792e9dad"
"dataset/train/concrete/concrete_052.jpg","train","concrete","concrete_052.jpg",".jpg","5612685","34f8dfc37a34e4b3e05c1a85e305dbcced70e847a573f9193579b7122911481f"
"dataset/train/concrete/concrete_053.jpg","train","concrete","concrete_053.jpg",".jpg","6359765","6e1738357c31492ce1d566ff3a71e363a48906640545e76d6e975d8b84a72278"
"dataset/train/concrete/concrete_054.jpg","train","concrete","concrete_054.jpg",".jpg","7136907","d57102191d61bba79d2bb2f3f509ca5b861df0ea9ecaa86b812cb655bcb1069b"
"dataset/train/concrete/concrete_055.jpg","train","concrete","concrete_055.jpg",".jpg","7078930","5ccdf9354ca1f4d6945c9a9604d627b4ca10497904ebbcbef717c7948ea76cdb"
"dataset/train/concrete/concrete_056.jpg","train","concrete","concrete_056.jpg",".jpg","7633994","a2b856513f6da2249181dc190463044e48ead06c50346bda70f553527d5734e5"
"dataset/train/concrete/concrete_057.jpg","train","concrete","concrete_057.jpg",".jpg","6554104","dfd0e4ebaaedd9ba6e2be550b10ce24346186c65dcdbf1c4e971daf61a251ccd"
"dataset/train/concrete/concrete_058.jpg","train","concrete","concrete_058.jpg",".jpg","5520366","8a299fbebd6c1d95e151055faffebf92ad710fb4e038d1d675af80f10c1e0e7f"
"dataset/train/concrete/concrete_059.jpg","train","concrete","concrete_059.jpg",".jpg","6274631","516a743e33aa18b08badf422fbb6df8a9de920ffc1d8d3dfa620ad1bfdaa1fcd"
"dataset/train/concrete/concrete_060.jpg","train","concrete","concrete_060.jpg",".jpg","6387871","7ab45ae5ba9128d92f4beecd84e2179f519e94052551048dca35464b6a0738ea"
"dataset/train/concrete/concrete_061.jpg","train","concrete","concrete_061.jpg",".jpg","6202074","22752991531bc91a8565fe97e144ea575682084a431f4bac60017b370bb1375e"
"dataset/train/concrete/concrete_062.jpg","train","concrete","concrete_062.jpg",".jpg","5499205","4f07c05350c80423453e5ddb367a38f85391f44be5544d211ad11ed23936772b"
"dataset/train/concrete/concrete_063.jpg","train","concrete","concrete_063.jpg",".jpg","5648713","c122eff25cdb08e0c557aff4bf090f4c27f6dcf68c76204a77106f6e15e01c73"
"dataset/train/concrete/concrete_064.jpg","train","concrete","concrete_064.jpg",".jpg","6128919","1f071039f1682b3d1e1215c89b243ee381218c4dee636012bc773e1033345566"
"dataset/train/concrete/concrete_065.jpg","train","concrete","concrete_065.jpg",".jpg","5672992","e3d21cc2f8629fe1c8be1df584e794f63b012ef859459c58de6410fa342cdce6"
"dataset/train/concrete/concrete_066.jpg","train","concrete","concrete_066.jpg",".jpg","6088109","166460b2c82397ed24fae9f85632b623a443dbb53b4589d12a6182baea5114f3"
"dataset/train/concrete/concrete_067.jpg","train","concrete","concrete_067.jpg",".jpg","6930122","c431fd98c9c5ce88741950dc9d50818db66c78bd902a64f0a513837bc66295b2"
"dataset/train/concrete/concrete_068.jpg","train","concrete","concrete_068.jpg",".jpg","6195643","93e9dd524e81b4312a7a7c8ddaaa48b6396279399738c6ca25ad7f11da4e5db0"
"dataset/train/concrete/concrete_069.jpg","train","concrete","concrete_069.jpg",".jpg","5932998","de22ab8db4265162755bf08f3f1664e84154fa876f0468b38359affffc24345a"
"dataset/train/concrete/concrete_070.jpg","train","concrete","concrete_070.jpg",".jpg","5969793","e8716cf2bf47d100384aa130d70d8aaba55099e34debe1616aabc1ef830b8f4a"
"dataset/train/concrete/concrete_071.jpg","train","concrete","concrete_071.jpg",".jpg","6173729","78c71b3ab2f923fb91e3c925d4ccf8da873559e29bea6348b15fa4e6f35d86e8"
"dataset/train/concrete/concrete_072.jpg","train","concrete","concrete_072.jpg",".jpg","6549336","8ec6644c58f5cdb70c5b377dd8562d9e72742ef3d44f261077bd05a3f05eef14"
"dataset/train/concrete/concrete_073.jpg","train","concrete","concrete_073.jpg",".jpg","6633921","a4c69e7127364d1e52c56d8beea95990c7e5c528098a554b134102b0a9a72a83"
"dataset/train/concrete/concrete_074.jpg","train","concrete","concrete_074.jpg",".jpg","6544961","f823e166dc0f5598fdf0a2e72eab296b8e16f751f7470deba237fc39505965bf"
"dataset/train/concrete/concrete_075.jpg","train","concrete","concrete_075.jpg",".jpg","7074560","1bc7437de09f943ce7584fbe354d0e10c1857cd7d8cb318840174bbb3a04af59"
"dataset/train/concrete/concrete_076.jpg","train","concrete","concrete_076.jpg",".jpg","7184794","66892e729a39b70f05ac7145b85f721b6286492ae19275c0c0fddf23695d4fea"
"dataset/train/concrete/concrete_077.jpg","train","concrete","concrete_077.jpg",".jpg","7141696","5ca34a89290691bd5aa306b08815888fa64fa8a9026e01e78c8b24066c55e416"
"dataset/train/concrete/concrete_078.jpg","train","concrete","concrete_078.jpg",".jpg","7017971","af8295b8ed4d61d8535bab4fededb56570aff9e83c285bd46f2d01040f8942df"
"dataset/train/concrete/concrete_079.jpg","train","concrete","concrete_079.jpg",".jpg","6575110","f8080125237ccf2cd982bd4305f4d0fe10eae9db6a5f3262ed573ac53722278c"
"dataset/train/concrete/concrete_080.jpg","train","concrete","concrete_080.jpg",".jpg","6260714","688243579dba94838c944b564a187ac58737bd2d4031faec1a40b2a48898de8c"
"dataset/train/concrete/concrete_081.jpg","train","concrete","concrete_081.jpg",".jpg","5181981","76c6f30acd93aa642b301d9a611171faaf83aac4da4e869a98696dd5143a4637"
"dataset/train/concrete/concrete_082.jpg","train","concrete","concrete_082.jpg",".jpg","4749729","030af183e8142519e73827d66aeca5a4b39a72f7fd5db479b6a562ea0901476a"
"dataset/train/concrete/concrete_083.jpg","train","concrete","concrete_083.jpg",".jpg","5493618","6b62944e464a1960cf8ceaac4a4daafd5d55970435100bc8f611abe010275555"
"dataset/train/concrete/concrete_084.jpg","train","concrete","concrete_084.jpg",".jpg","4824240","d160f6aac2a7e4e255e678a5b28d7f406383230930ab34c88c0ad6b16b00e396"
"dataset/train/concrete/concrete_085.jpg","train","concrete","concrete_085.jpg",".jpg","5848562","0c4bac9ed38552dfcacd7a11b25857b02ce2d610ebdbe43e1d515a1b727f712b"
"dataset/train/concrete/concrete_086.jpg","train","concrete","concrete_086.jpg",".jpg","6224601","2e8c1e312d6cffdb0fa5ee2ffb20a3bfe60e0f4eddb133cec01168b28271f9b9"
"dataset/train/concrete/concrete_087.jpg","train","concrete","concrete_087.jpg",".jpg","5888650","37047d996711501fd5d41c223f93a4b4b716d5bb7acfa80a86f8a6674ee40e77"
"dataset/train/concrete/concrete_088.jpg","train","concrete","concrete_088.jpg",".jpg","5783482","13b83903cf5b4c22d8eb576487ec6b24a901e133c4ee9683a2ad182eed956807"
"dataset/train/concrete/concrete_089.jpg","train","concrete","concrete_089.jpg",".jpg","6468151","73dc64d0ac9c7b756504512cf3bd1c6ea6d2101b0837f8b1de6b5ae184225745"
"dataset/train/concrete/concrete_090.jpg","train","concrete","concrete_090.jpg",".jpg","5120132","56724519803636ac756fce88c09dc3af845d979938728af306e486d2dcfc5ddf"
"dataset/train/concrete/concrete_091.jpg","train","concrete","concrete_091.jpg",".jpg","6198843","eb302ed3296a6013a571d5f46ebc3c6c6b0594f233437d4b0da52703ac4977f8"
"dataset/train/concrete/concrete_092.jpg","train","concrete","concrete_092.jpg",".jpg","6348247","d4341a15f29640365909b4d28618d1acf89b8a773825209d0883bb8b61404b1f"
"dataset/train/concrete/concrete_093.jpg","train","concrete","concrete_093.jpg",".jpg","6246899","099e5841a06c19f1d0fd032fdc39b3b24db2fb673c667a920b24070e32c6badf"
"dataset/train/concrete/concrete_094.jpg","train","concrete","concrete_094.jpg",".jpg","6474296","c5bc04afb8de28284b92f8049861ff1cb18014c0c82ae3d28a7aeada99dbf1e1"
"dataset/train/concrete/concrete_095.jpg","train","concrete","concrete_095.jpg",".jpg","6733386","adc4fd19124f1b4c9077359040373ce16e1046f2a1151dd4e2e89d1f9a5a68a7"
"dataset/train/concrete/concrete_096.jpg","train","concrete","concrete_096.jpg",".jpg","5826219","aaf688d6fb11e114b607bcaa65757d1b954e5bb43f8deea94de226ffb80ed67e"
"dataset/train/concrete/concrete_097.jpg","train","concrete","concrete_097.jpg",".jpg","7559406","38814e514028b236ed8a7750e2bf50a9e06b1599560f3c5b4e0a40d9f9e23e07"
"dataset/train/concrete/concrete_098.jpg","train","concrete","concrete_098.jpg",".jpg","7348130","abe973a7f852d1ed3f4858f5dfefeda8dfbbdd8580b2be748704ecc53fde480c"
"dataset/train/concrete/concrete_099.jpg","train","concrete","concrete_099.jpg",".jpg","7097230","fb0d19f1ecda55c0d4ebb5e143aa149229aed18dcf9a4f46bead7dd748283b68"
"dataset/train/concrete/concrete_100.jpg","train","concrete","concrete_100.jpg",".jpg","6684659","6234315e589a07de787919e67c606dce4ef2681ea653a00639931b9cc5cdc373"
"dataset/train/concrete/concrete_101.jpg","train","concrete","concrete_101.jpg",".jpg","7091454","8eafb13a9d27c4033feb54ee9e02c4fb012e60e58284de324c578c03169f4c28"
"dataset/train/concrete/concrete_102.jpg","train","concrete","concrete_102.jpg",".jpg","7685583","2bfec123aab8ef9dc4af32d986646f393f746b99a02cffbb3e687e4cae10ece9"
"dataset/train/concrete/concrete_103.jpg","train","concrete","concrete_103.jpg",".jpg","7698398","f3bfd37208f25d63c4f8b27323930166eca423797310290df00fec192f67e146"
"dataset/train/concrete/concrete_104.jpg","train","concrete","concrete_104.jpg",".jpg","6252218","8ad70a5e4a6b7482c7d7e6b7b24e7d71c7de34641cfc3ab9dd4dc7262ffc4562"
"dataset/train/concrete/concrete_105.jpg","train","concrete","concrete_105.jpg",".jpg","6468259","4ddc8cfbb970dfdc3d46de5e3ff21f76da7a1fb2ee5d5caa0ab1ad65e9d0d2f8"
"dataset/train/concrete/concrete_106.jpg","train","concrete","concrete_106.jpg",".jpg","6136277","2cf69b5615f5dfd63c91b6e51423c4a3d5e422f8eede342ed7fcdc86705fd7c4"
"dataset/train/concrete/concrete_107.jpg","train","concrete","concrete_107.jpg",".jpg","6765780","09d803b322945cc699093ba06bac8acd4032993e730a95428a33db4af07b07d6"
"dataset/train/concrete/concrete_108.jpg","train","concrete","concrete_108.jpg",".jpg","7472459","44f208bf69849e77051b1de61856f32e08272fad76e6fc3bfbccdeab16514fe8"
"dataset/train/concrete/concrete_109.jpg","train","concrete","concrete_109.jpg",".jpg","7850286","d0dc68bba5b9e4ece977db2f0365693ad10d6fc0b506d904486c068c7f4994cb"
"dataset/train/concrete/concrete_110.jpg","train","concrete","concrete_110.jpg",".jpg","7657726","fab71e4ef2b5760bf0a73df6064b4b345431500ccdc8e461be18ec28989adae4"
"dataset/train/concrete/concrete_111.jpg","train","concrete","concrete_111.jpg",".jpg","7096682","6cf9118ff169a764d2049f4f0c283c93fc1afb4d1ef252e19f02b77d58c74137"
"dataset/train/concrete/concrete_112.jpg","train","concrete","concrete_112.jpg",".jpg","5931644","011adbae53300d1a8c4382b0925398fca6c2d9326425a015fc1f0e3840ff2dd3"
"dataset/train/concrete/concrete_113.jpg","train","concrete","concrete_113.jpg",".jpg","3350471","a7f7f063a5d931e578e3a4f22347092356d45b9330b4dec1e9655760b1af130a"
"dataset/train/concrete/concrete_114.jpg","train","concrete","concrete_114.jpg",".jpg","3748558","f65d0ffdf002bbee3ee5269d369c2b1f7c2601c6047cf33331dba07531f37550"
"dataset/train/concrete/concrete_115.jpg","train","concrete","concrete_115.jpg",".jpg","3698568","e79c3f889f71accdfd980c8ddabf0bdb3d311a67917545261e9c5705ffe5e9ae"
"dataset/train/concrete/concrete_116.jpg","train","concrete","concrete_116.jpg",".jpg","3230758","468172d8376107597b9405151a194d8918fc12c7ba88d511316e0fd7f431359e"
"dataset/train/concrete/concrete_117.jpg","train","concrete","concrete_117.jpg",".jpg","2972938","4355c70c135e6a9b31c963c8fd70a8fe5f36fdfd4c61d4b137309a44b471a696"
"dataset/train/concrete/concrete_118.jpg","train","concrete","concrete_118.jpg",".jpg","2686906","44dfa7eec1264dbaf3f42814de10cef43d92c684acd32895a43465cd9921ee32"
"dataset/train/concrete/concrete_119.jpg","train","concrete","concrete_119.jpg",".jpg","2461287","5f4329f4a2337ad661c47f2c16d76664d566f4413d8c4454a91ce93d1b1938e7"
"dataset/train/concrete/concrete_120.jpg","train","concrete","concrete_120.jpg",".jpg","2872709","9aa2596c6a2ac2f92b75eaebcffaa5d10ff049609a75eca6c36b1df4d9f3333e"
"dataset/train/concrete/concrete_121.jpg","train","concrete","concrete_121.jpg",".jpg","2959246","1623c41e9c8476cbba7415cdf465534c6ee0f234407e71d960cf7bdd8aef5d8c"
"dataset/train/concrete/concrete_122.jpg","train","concrete","concrete_122.jpg",".jpg","2889537","86de1845747e9d6d3625eb32645b7713ff2cfb763eacec086b05cc82ae5931e9"
"dataset/train/concrete/concrete_123.jpg","train","concrete","concrete_123.jpg",".jpg","2911773","b204ee1cbcd89dba0a71fa4fad66e6a5af930d9f69c7b151a2e3a7419b9a09bb"
"dataset/train/concrete/concrete_124.jpg","train","concrete","concrete_124.jpg",".jpg","2620585","2ffb94ec443be0aa27cc7b65302129c153094714f96970b9e1917b6345d06804"
"dataset/train/concrete/concrete_125.jpg","train","concrete","concrete_125.jpg",".jpg","2446263","34121b033a99134d57a1941f5c6352ddef89184e4c87e4bdad7b661a24fc8667"
"dataset/train/concrete/concrete_126.jpg","train","concrete","concrete_126.jpg",".jpg","3275015","0dd777d37c2d848ce62f64e7c11cb650a6bc67ae1ca4829c57c1163be0e865f8"
"dataset/train/concrete/concrete_127.jpg","train","concrete","concrete_127.jpg",".jpg","3341417","df3860d5227bea105c40d63016b6a0fc480b69e9381c985d60550f4c783a72ab"
"dataset/train/concrete/concrete_128.jpg","train","concrete","concrete_128.jpg",".jpg","2433951","90a4a16675ab8e18f913bc06c2d04eedf9a2adbc0c61fbe7308e0878891b2f01"
"dataset/train/concrete/concrete_129.jpg","train","concrete","concrete_129.jpg",".jpg","4321349","f56217fbc1470cfd9dd9dae877f93201375fcad2587b5b87e4b2f8c8135ad42e"
"dataset/train/concrete/concrete_130.jpg","train","concrete","concrete_130.jpg",".jpg","3904961","2b3fe4c00fb6509442544776cdd65bc4cae55a1d5cb227df5359e1c970f0409c"
"dataset/train/concrete/concrete_131.jpg","train","concrete","concrete_131.jpg",".jpg","3900277","030b64d4ed430d961a35955ed9d4289127342342f0eb729c524b5b477c7c14b2"
"dataset/train/concrete/concrete_132.jpg","train","concrete","concrete_132.jpg",".jpg","3436177","219ca25748fbce7ef81ab60ffe9ab034011bc32d51e6a017cfbb68ea361678f7"
"dataset/train/concrete/concrete_133.jpg","train","concrete","concrete_133.jpg",".jpg","3920500","34f6a3b7523f86dfc8fc2842328bb0e956f1ca2ca68484ee8e303fe7b26cf6c1"
"dataset/train/concrete/concrete_134.jpg","train","concrete","concrete_134.jpg",".jpg","3598912","4d20b02f5f27573c70964f43363b3e6129d224a73674b660ae1621d4f149fc1b"
"dataset/train/concrete/concrete_135.jpg","train","concrete","concrete_135.jpg",".jpg","3467605","74032547bae2c4d96a1834582d94a49542cf048e210fb01c42dda0567c8994fa"
"dataset/train/concrete/concrete_136.jpg","train","concrete","concrete_136.jpg",".jpg","4233375","e93e2405c7ac4effabef9621bce9dabb33876a708af51f0753ce25eba43980b2"
"dataset/train/concrete/concrete_137.jpg","train","concrete","concrete_137.jpg",".jpg","4918786","975c2ba9d061436b935d16472373c8d815ec10313070fcfa795a348d0341c365"
"dataset/train/concrete/concrete_138.jpg","train","concrete","concrete_138.jpg",".jpg","4049673","a32788e487b819c5e7eeaa9477b7b3a58492f7fbaa836d99e36b59859f979c81"
"dataset/train/concrete/concrete_139.jpg","train","concrete","concrete_139.jpg",".jpg","3843539","86aad072fd0b535afc074c2f2f8f0662c04b73abab950225598f158cb94aaa65"
"dataset/train/concrete/concrete_140.jpg","train","concrete","concrete_140.jpg",".jpg","6908934","3ba06cc6f7a23e82cae2dcc770427b522530d14def852ff6e5c7a0b30cee2ded"
"dataset/train/concrete/concrete_141.jpg","train","concrete","concrete_141.jpg",".jpg","6903098","e83a3b73165430651db1a5c4859b8cbe523f82fad89389de1a0503db6b34d496"
"dataset/train/concrete/concrete_142.jpg","train","concrete","concrete_142.jpg",".jpg","6700520","e6a4905aa4bfc9888bc3a46b3863c4743a33f9ded3fa27ea2857927f13a091d6"
"dataset/train/concrete/concrete_143.jpg","train","concrete","concrete_143.jpg",".jpg","6813107","8ac258af4021f1ef80f82e2e92c7c0ea6afd5976c47d0d5f2e3e9cd6629c8cc3"
"dataset/train/concrete/concrete_144.jpg","train","concrete","concrete_144.jpg",".jpg","4013940","18239f0088ceb359dbb2c37936dd6c207ebf0a78907723d23906afb2da269d0a"
"dataset/train/concrete/concrete_145.jpg","train","concrete","concrete_145.jpg",".jpg","6889468","5fc2e6572d5961ab5e39c868b008a737d04ea4d098d3960ab41e83cd67b5c09a"
"dataset/train/concrete/concrete_146.jpg","train","concrete","concrete_146.jpg",".jpg","6368607","0a9cc464a1d6bdc7e05711b7b84f18d08f8871c07bedcf2dd866da575e75de74"
"dataset/train/concrete/concrete_147.jpg","train","concrete","concrete_147.jpg",".jpg","6927837","f3f4c69e8643c23f97682920950852b248a6f6ed0ee2823c6eb55e0391534296"
"dataset/train/concrete/concrete_148.jpg","train","concrete","concrete_148.jpg",".jpg","6982835","c9fc239826687314d1eb386ad82715eb5150eef1b30b62856cef736ebf72c5a0"
"dataset/train/concrete/concrete_149.jpg","train","concrete","concrete_149.jpg",".jpg","4640447","c7ab8303e1f32e93d68d51da56ab80a6e6d9944805ff34c39a2485076b3f2ac2"
"dataset/train/concrete/concrete_150.jpg","train","concrete","concrete_150.jpg",".jpg","6102139","fe32bfc0751b671a8fa12c869e2578b376cddaef7653958d7c640dd7b30cacb0"
"dataset/train/concrete/concrete_151.jpg","train","concrete","concrete_151.jpg",".jpg","6876485","b3334259f632829d1ff7f390378dc905454c3fece25cb3dbd01727df9a81a8be"
"dataset/train/concrete/concrete_152.jpg","train","concrete","concrete_152.jpg",".jpg","4793342","de76232b6eb0bea089f526a05415ad6b1ac3a7e2313f80f4ad517c853c16d683"
"dataset/train/concrete/concrete_153.jpg","train","concrete","concrete_153.jpg",".jpg","6440732","52e5f473e6e4f054b372d8352e5e1180c50353b93bd2d67c4ad217eb57f1fb73"
"dataset/train/concrete/concrete_154.jpg","train","concrete","concrete_154.jpg",".jpg","6346846","23abbdaed4dc7e16d567ec8965237941692e16900d20b8e3092ffa272b1cee71"
"dataset/train/concrete/concrete_155.jpg","train","concrete","concrete_155.jpg",".jpg","6230506","561df8e157cfb8044057cfb5cabb4bb0c1c0b7a789a136bb72f8b76d584f9dce"
"dataset/train/concrete/concrete_156.jpg","train","concrete","concrete_156.jpg",".jpg","6526114","b820bf28d19bab2af5afac79a1ad5a226ccca534398ab968d555831bb0a83a72"
"dataset/train/concrete/concrete_157.jpg","train","concrete","concrete_157.jpg",".jpg","4925269","eb95956e32102001c43f737155be237af687e023a1fabdad808f63381a32203b"
"dataset/train/concrete/concrete_158.jpg","train","concrete","concrete_158.jpg",".jpg","6060556","a8779c6929354d8b33d312e73d8f8ae7d16e1eadc4b4c132aa2156fde105b79e"
"dataset/train/concrete/concrete_159.jpg","train","concrete","concrete_159.jpg",".jpg","6093004","47de8b1213680487849cb99a9af89800959b31c4652f53e7e47729ec28e9c00a"
"dataset/train/concrete/concrete_160.jpg","train","concrete","concrete_160.jpg",".jpg","5614296","7f4d7727d21e6ab63d2d85a156a392e4324d74c5d7b53f21f3c1a340c0240bb9"
"dataset/train/concrete/concrete_161.jpg","train","concrete","concrete_161.jpg",".jpg","6145364","6629b8293a396b376ff0fd8360e7a9c26e1e37ec466117babf22139500ebf1ad"
"dataset/train/concrete/concrete_162.jpg","train","concrete","concrete_162.jpg",".jpg","6242375","2b4455263d0ddfd3394f81b602d82fa19d98cd5d67eddc2b0bce39d0210ca773"
"dataset/train/concrete/concrete_163.jpg","train","concrete","concrete_163.jpg",".jpg","3898361","e1a473598e8fc638bfff83a3a5c6457ee54d0167fb3548cfd8ce651dcd151a75"
"dataset/train/concrete/concrete_164.jpg","train","concrete","concrete_164.jpg",".jpg","6609810","8c2ffb772236fd0c0d365818bba196789d629929b44b1c44f0e032e4a0c3494a"
"dataset/train/concrete/concrete_165.jpg","train","concrete","concrete_165.jpg",".jpg","6363377","4609dea2944694b506506b904ffac4f36ee495a97ac7e22aa6cef34feeeecfa7"
"dataset/train/concrete/concrete_166.jpg","train","concrete","concrete_166.jpg",".jpg","6576153","5319f8ca73fc158b43c3d1597d4db72dd9993c912d6c90dc72fa95ce7a6915d2"
"dataset/train/concrete/concrete_167.jpg","train","concrete","concrete_167.jpg",".jpg","4597368","edbd086e425b4783651ed6495e756aaf7ecbe6d2b6da6ce905dc37dd3a5b0b68"
"dataset/train/concrete/concrete_168.jpg","train","concrete","concrete_168.jpg",".jpg","6504366","188db48116e2ebd3cb4c3fbe424358bc406e13ea57b837bc4cb450327e83a02e"
"dataset/train/concrete/concrete_169.jpg","train","concrete","concrete_169.jpg",".jpg","5335952","64db5be474ee198616c195c0bc3359f79993699c396f906417e1e5ecf3ab387b"
"dataset/train/concrete/concrete_170.jpg","train","concrete","concrete_170.jpg",".jpg","5816500","727b859a407a741be06a25f19ca2bd488a2d7510a3345881357fce8afa61d983"
"dataset/train/concrete/concrete_171.jpg","train","concrete","concrete_171.jpg",".jpg","6297872","ba9e87ee038d584fa8ed2d694820ed5a9cfe74f742357388a3d0f8b51a29b29a"
"dataset/train/concrete/concrete_172.jpg","train","concrete","concrete_172.jpg",".jpg","6507741","97f31227b03aa5fdf18ebebd0fb60166fd3b21e11075cf429055164c9e4efffc"
"dataset/train/concrete/concrete_173.jpg","train","concrete","concrete_173.jpg",".jpg","6282642","6b1cf0fad792a1d911cb2d6ad30cb91f97dd9d61426e0c8d3e976b0c9dcf9f30"
"dataset/train/concrete/concrete_174.jpg","train","concrete","concrete_174.jpg",".jpg","6228763","42df1eb8f6fe95a929ac56904cf3626ff6c79afbde7515c075f1cc7c5df08e86"
"dataset/train/concrete/concrete_175.jpg","train","concrete","concrete_175.jpg",".jpg","6119613","2efdcb8a67b9654f6999c1fc539821d84e882d31642821df097377fb6957c08c"
"dataset/train/concrete/concrete_176.jpg","train","concrete","concrete_176.jpg",".jpg","5535913","1fe357a60fe606c151df3d1bfa15a1d6ca99c741ac6d09f09d54025e3ef85f3a"
"dataset/train/concrete/concrete_177.jpg","train","concrete","concrete_177.jpg",".jpg","7965900","75e7ebcbd732440b5ca03615325e16454deb641dfa82f5672aab3f53f98930c8"
"dataset/train/concrete/concrete_178.jpg","train","concrete","concrete_178.jpg",".jpg","7956813","0c50dd5f44d42067ad61a9269b5fb6113314f9e7f0b2c6ce32d561043113cb69"
"dataset/train/concrete/concrete_179.jpg","train","concrete","concrete_179.jpg",".jpg","9280446","e22e6d496555dff11473251a9151b89decdaee8905baab5599108c3a30adb1e1"
"dataset/train/concrete/concrete_180.jpg","train","concrete","concrete_180.jpg",".jpg","7970567","12d8aeba94492c428e99af90eaa99b493b7ef7cb500e585d2d871294e1e8e002"
"dataset/train/concrete/concrete_181.jpg","train","concrete","concrete_181.jpg",".jpg","6565508","1b101d56d1a89499aa1ea44532d5a63c11d07f90c3ad12106efeeb002f2b8366"
"dataset/train/concrete/concrete_182.jpg","train","concrete","concrete_182.jpg",".jpg","6653698","436d24d58bab7573ae8ba8531e4541c4c799176473412578f4b0f089dfe1ab2b"
"dataset/train/concrete/concrete_183.jpg","train","concrete","concrete_183.jpg",".jpg","7033180","f9df66fd93f2fc23dc1638ff67879b0e6e787dcecac2a513d491f0017bfd0db0"
"dataset/train/concrete/concrete_184.jpg","train","concrete","concrete_184.jpg",".jpg","7182295","fd5652ea8addb806f4c423b7569bdb676e7616bf45bca1a978d45f48815e4960"
"dataset/train/concrete/concrete_185.jpg","train","concrete","concrete_185.jpg",".jpg","8992677","67ab90062080c44cc5a4cf2fa9f779cbc16c19ea910a08a5ed4289b958b616f4"
"dataset/train/concrete/concrete_186.jpg","train","concrete","concrete_186.jpg",".jpg","6889043","13cc2c50053a8325e11d74046ffefd4fd82ec025ff65043000281a2c6d3b0c45"
"dataset/train/concrete/concrete_187.jpg","train","concrete","concrete_187.jpg",".jpg","7160653","64ad71fef5c0a5f6fc57c1759027b20be08fa6c32f6fe93db7dbb6b3a61faeb5"
"dataset/train/concrete/concrete_188.jpg","train","concrete","concrete_188.jpg",".jpg","7743306","ae6d8d59b2bd3e13b86011251a6f4668dc03cb897163f46d0f03b41b95884c1b"
"dataset/train/concrete/concrete_189.jpg","train","concrete","concrete_189.jpg",".jpg","7334002","c548ee11115cb03dfdf5db7ccf7a24d033e56bcd62a0d3035d1f960af747c651"
"dataset/train/concrete/concrete_190.jpg","train","concrete","concrete_190.jpg",".jpg","7130347","4252d00d92db921a5cb8bd8823add4eb1518ec195713da553d8e7558479b9d82"
"dataset/train/concrete/concrete_191.jpg","train","concrete","concrete_191.jpg",".jpg","6497809","17ed8d594812b10e704c4f4b41368a380582d80071cdec29b137d94933807720"
"dataset/train/concrete/concrete_192.jpg","train","concrete","concrete_192.jpg",".jpg","6510919","6f78f6981a4dc15453d3dea0969755b08898a07c7398ea12dd9fc1a90e10bb29"
"dataset/train/concrete/concrete_193.jpg","train","concrete","concrete_193.jpg",".jpg","6521261","f89903bbb7a57f41046acc13b4ea8e2f97232c34c2ba760eb729ce3005e61d53"
"dataset/train/concrete/concrete_194.jpg","train","concrete","concrete_194.jpg",".jpg","6695737","92a97712a74fe13e070a25d608c873caa67812bb307b39a710a6a4a87fb3312f"
"dataset/train/concrete/concrete_195.jpg","train","concrete","concrete_195.jpg",".jpg","6154521","cd6c92004092071a22a7c55e472a3670b5558d727a2831474d43eb738c527f3a"
"dataset/train/concrete/concrete_196.jpg","train","concrete","concrete_196.jpg",".jpg","6176829","fa6d70a3112f4775eff643e90dd64dad2d3f3fdcbf0842e089908f8139661e72"
"dataset/train/concrete/concrete_197.jpg","train","concrete","concrete_197.jpg",".jpg","6318091","0c2bba6c0e89bd8bf72ccd57e2d3c8defb6549003907e974aba9ace5c6eb6887"
"dataset/train/concrete/concrete_198.jpg","train","concrete","concrete_198.jpg",".jpg","6701482","b0686c4cddb4563256b6207be665e7ba59f0d5392a04e76a8e203a037df6ed17"
"dataset/train/concrete/concrete_199.jpg","train","concrete","concrete_199.jpg",".jpg","4857099","97930af30413b6ebacdbb75b66f4a147a7f8ec34e0228fbee71f555a8e33420a"
"dataset/train/concrete/concrete_200.jpg","train","concrete","concrete_200.jpg",".jpg","5192310","cf968e57abc48f40d12f01787410eb0c9cf2a9ceb1e1bd48ba3af1d00c8ecb01"
"dataset/train/concrete/concrete_201.jpg","train","concrete","concrete_201.jpg",".jpg","5156490","9490a3dc83b5d4c83c7fb4d4dfaf76086dbbd1f74cd099e21f3415e7f8c2aea8"
"dataset/train/concrete/concrete_202.jpg","train","concrete","concrete_202.jpg",".jpg","6083160","084d63354654cd85264d5e1e369533ff60c237277a5b31339f3887765553f0b0"
"dataset/train/concrete/concrete_203.jpg","train","concrete","concrete_203.jpg",".jpg","6245351","d914c170a19c838e7c148af2b18d64bbbd0f3be47cf7bf5cac10d4d4d1ea9f3c"
"dataset/train/concrete/concrete_204.jpg","train","concrete","concrete_204.jpg",".jpg","5830182","6f3551b01f324a3b5a1e3d2bb6c33016d91c10a5dbe90ba0fe5955a25b17b2e3"
"dataset/train/concrete/concrete_205.jpg","train","concrete","concrete_205.jpg",".jpg","5879148","3ad1c26f1d5d5d673be04a6b2f28538b8915bff00aacc394216f8dd84934bf44"
"dataset/train/concrete/concrete_206.jpg","train","concrete","concrete_206.jpg",".jpg","7373795","5911483026ef508aa34a8d55749b6bb9553db5f4a29f5852ec8b56173a578b4b"
"dataset/train/concrete/concrete_207.jpg","train","concrete","concrete_207.jpg",".jpg","7606429","fd3096bf649a59ea961c958fdef0014d3fdcfa27025699e68a433a7fcef334ff"
"dataset/train/concrete/concrete_208.jpg","train","concrete","concrete_208.jpg",".jpg","7363593","4f5caeba9330448fd9b8ed8e5d54e06a5f0247ec4d08fb92a70700f7ca1609b4"
"dataset/train/concrete/concrete_209.jpg","train","concrete","concrete_209.jpg",".jpg","7521472","ede1ec7d20ceee794c530d21e5684a837a1c3c23b3c1c581d5c89c30c232eb51"
"dataset/train/concrete/concrete_210.jpg","train","concrete","concrete_210.jpg",".jpg","6978441","49def728a6e6a7f4f6d85457becfbbfdd98a29f3a221d259fe5fcf4cf71e126d"
"dataset/train/concrete/concrete_211.jpg","train","concrete","concrete_211.jpg",".jpg","7300188","583bab82634206ed448209016524407ec212c4368833641f2fbf09cdda5948a4"
"dataset/train/concrete/concrete_212.jpg","train","concrete","concrete_212.jpg",".jpg","7061611","29f1d22bca531fe45e10bec0edf71d19a751636fa4cd2ac792087903b6f0751e"
"dataset/train/concrete/concrete_213.jpg","train","concrete","concrete_213.jpg",".jpg","7164965","e7ae1195fbf946267773f288b394139e157a214bb1ae6bd79e471b0281165c66"
"dataset/train/concrete/concrete_214.jpg","train","concrete","concrete_214.jpg",".jpg","7364616","0c520ce7344757b24ff6e3743aab60c9f2cea7a2f18ebcae18dc54e177b1e4fd"
"dataset/train/concrete/concrete_215.jpg","train","concrete","concrete_215.jpg",".jpg","7389914","36f92272b524caba25f4e2bfb0eac1a999a8cf211e84138542f5548c0f3d27bd"
"dataset/train/concrete/concrete_216.jpg","train","concrete","concrete_216.jpg",".jpg","7208459","e26b3dc9defe6cd28f6176102fddf09872623fc38704cb1370433e04d7910f3d"
"dataset/train/concrete/concrete_217.jpg","train","concrete","concrete_217.jpg",".jpg","7046440","323add219544eb4ab8dede8d88258dd511d2f40e63a5e2a7e8981436c6238874"
"dataset/train/concrete/concrete_218.jpg","train","concrete","concrete_218.jpg",".jpg","7205725","3f4e676cb64cba72081e146508db45939bd04fb26c013fb5fee95a2ed84287fa"
"dataset/train/concrete/concrete_219.jpg","train","concrete","concrete_219.jpg",".jpg","7878985","f46d9b5252eee81e5daad41afaf929cea13d3efaadb2641ba4abdded35edaf74"
"dataset/train/concrete/concrete_220.jpg","train","concrete","concrete_220.jpg",".jpg","7047997","365dd193e344b0b62fa5b738bcc75bbab3b12a41ee38f50f93a5f0df9539c2af"
"dataset/train/concrete/concrete_221.jpg","train","concrete","concrete_221.jpg",".jpg","6747314","5202d90f6f635f4018a9a86648c0a195b9b1271d4c00336f83f4f5e01e3120a5"
"dataset/train/concrete/concrete_222.jpg","train","concrete","concrete_222.jpg",".jpg","6564175","9f992922ebde09bf45e3ab887a688520edeafa806ef5b4f20eacfe0fe845606f"
"dataset/train/concrete/concrete_223.jpg","train","concrete","concrete_223.jpg",".jpg","6332944","92d3ae8921f4f9a17428a089011e03dc19b152c15789148c82c61561c8f3892d"
"dataset/train/concrete/concrete_224.jpg","train","concrete","concrete_224.jpg",".jpg","6673915","73cf1277061ef509453ba6c7c1a141265176e0d04e6e0f80af4ada4c65253d91"
"dataset/train/concrete/concrete_225.jpg","train","concrete","concrete_225.jpg",".jpg","7120408","b6eb4ddeb870e613a38b4fc3713adb7bff6857598348608f697e537621565db8"
"dataset/train/concrete/concrete_226.jpg","train","concrete","concrete_226.jpg",".jpg","6568786","883d9eabe9e6f8b15b068b80dbbb66f2c49a91b7e3ac5fcaec350bb746bbfacd"
"dataset/train/concrete/concrete_227.jpg","train","concrete","concrete_227.jpg",".jpg","6380726","07ce37a8226252d7358bb40827129f8aaac3585d4c409783b766a6ec39fb4ce3"
"dataset/train/concrete/concrete_228.jpg","train","concrete","concrete_228.jpg",".jpg","6586979","09d04084324fa903130db93ec61ae26e8a90e435189deff4f3d9abaa8dedd155"
"dataset/train/concrete/concrete_229.jpg","train","concrete","concrete_229.jpg",".jpg","6637068","8daafa4a1a7d918b06b876b648d74088cff8cb45156124d66739a14144cd456a"
"dataset/train/concrete/concrete_230.jpg","train","concrete","concrete_230.jpg",".jpg","6590672","5dbaa3570bbc8e2d177c75aa6d0bfc7f69a0c47fb918fe68485b920851c7b617"
"dataset/train/concrete/concrete_231.jpg","train","concrete","concrete_231.jpg",".jpg","6481631","b12e9d74cc5a2afa1eb0642cbe33c76dadebad087ac414d4a4109e923de47cca"
"dataset/train/concrete/concrete_232.jpg","train","concrete","concrete_232.jpg",".jpg","6476128","ecd8476f36351bf8ca57a45c3ea2f134f37a16443114659252042359794da2ed"
"dataset/train/concrete/concrete_233.jpg","train","concrete","concrete_233.jpg",".jpg","6563029","4f248a5375e1dfc094eb4ed40d796e2ebe8685ff8ab900a94ffba806dee89e98"
"dataset/train/concrete/concrete_234.jpg","train","concrete","concrete_234.jpg",".jpg","7147639","d97c8bc679d6c9836bdf801686a1dc10e8a4dd1d49326c8002fa27adc33bba14"
"dataset/train/concrete/concrete_235.jpg","train","concrete","concrete_235.jpg",".jpg","6243932","a3ed8038e7f5dbfbacb52587b5f1829e307c2862f7c60cefbbc4e1a1454ef2da"
"dataset/train/concrete/concrete_236.jpg","train","concrete","concrete_236.jpg",".jpg","5862766","5bc18521b9591ca53e0ce54ea2a53745ad5d1146fbdcf73ac95c338bf3d2b8d5"
"dataset/train/concrete/concrete_237.jpg","train","concrete","concrete_237.jpg",".jpg","6186143","02010ec8c151232911202227f5c834707203a5c2d0c3932daaa0cabe957ec4cb"
"dataset/train/concrete/concrete_238.jpg","train","concrete","concrete_238.jpg",".jpg","6184308","be515906ef7704eae08cc7375291c553b7c7dac8de603337fe94a5d768e1f7c4"
"dataset/train/concrete/concrete_239.jpg","train","concrete","concrete_239.jpg",".jpg","6208859","8de3c0a5b5491c76ac309c5d72abd4e5a892508becd56cae09c4911ff660ff7a"
"dataset/train/concrete/concrete_240.jpg","train","concrete","concrete_240.jpg",".jpg","6134628","9affbbddc9a9f8680e1cd037c92043b01ab8c6da03ae8de1bf0416a5a674602c"
"dataset/train/concrete/concrete_241.jpg","train","concrete","concrete_241.jpg",".jpg","6281453","6847172b26a8d4cc349c072d5f0af001a88d9b629bd1aaa0c5f377acff0fe559"
"dataset/train/concrete/concrete_242.jpg","train","concrete","concrete_242.jpg",".jpg","6522775","4a8234617b7186c26f821a709e61415e3531f286eb4fbb8920914f7d936147be"
"dataset/train/concrete/concrete_243.jpg","train","concrete","concrete_243.jpg",".jpg","6517596","b6f8c9594fe9ee2c6f3e229cba3b35706d4c9ea2f9fccb220e3e515fc1609666"
"dataset/train/concrete/concrete_244.jpg","train","concrete","concrete_244.jpg",".jpg","6550081","28bbaad80884cebbced4eecf04f1a991951955cd573947ed64a198e7a88bc6c4"
"dataset/train/concrete/concrete_245.jpg","train","concrete","concrete_245.jpg",".jpg","6178860","dac835cf2a322609cf5bed1ada321365af72b8310e9331ab7444bdead896686f"
"dataset/train/concrete/concrete_246.jpg","train","concrete","concrete_246.jpg",".jpg","6177917","c1b29031b7045e3c64d482e3a48aa7882ced8a133ff3811eb9802dce0971d713"
"dataset/train/concrete/concrete_247.jpg","train","concrete","concrete_247.jpg",".jpg","7304601","256037e97aec0aa4a06a0c7f5c96b0691a7c08bc69a3edd408321b1b268ca64d"
"dataset/train/concrete/concrete_248.jpg","train","concrete","concrete_248.jpg",".jpg","6791589","7c05555f95d7e41bddb99ef2189ef636d06035a3d5951645aeb74ecdf83904c3"
"dataset/train/concrete/concrete_249.jpg","train","concrete","concrete_249.jpg",".jpg","6981941","41f39f878b7f8b6f2a23f63008d8ab232f7612451a358d63f1355a72c133029e"
"dataset/train/concrete/concrete_250.jpg","train","concrete","concrete_250.jpg",".jpg","6091081","a61d2478b8e485e925b720fb84119695ef340d4ffe33092d37d6cecd631bb245"
"dataset/train/concrete/concrete_251.jpg","train","concrete","concrete_251.jpg",".jpg","6236499","64d087bb5a08ba2174770562f40bd14b47217dcc78bf353da4c9e8ec23c71fb6"
"dataset/train/concrete/concrete_252.jpg","train","concrete","concrete_252.jpg",".jpg","6756002","b5ac706c3bdfb2886dc00e40a82090d4adc8b42112868e53f35ce5cbb2625944"
"dataset/train/concrete/concrete_253.jpg","train","concrete","concrete_253.jpg",".jpg","5901833","8c0f6e5ae10e8bc0fb6678f4b1113be402022aebbc6e45a01a89e950ac56e0ba"
"dataset/train/concrete/concrete_254.jpg","train","concrete","concrete_254.jpg",".jpg","6152564","d63c4b059cfde9ab59a71f2c95e566853547da0efd64a3ef523c85600d11cfb9"
"dataset/train/concrete/concrete_255.jpg","train","concrete","concrete_255.jpg",".jpg","5121021","e8b831cbb5c217aa5d1840f3cc04e1fecc4286062a14ef88db8f913200e7cf40"
"dataset/train/concrete/concrete_256.jpg","train","concrete","concrete_256.jpg",".jpg","5947001","45387ac6a6fcc889f36c0b6c9884fc97659f1936814938c3c7fe9299b16fc4b6"
"dataset/train/concrete/concrete_257.jpg","train","concrete","concrete_257.jpg",".jpg","5257715","a2ffed7509c2a42418ab5211e09d30fb387c42ba3f631745b2d6dfcf2ffe11fd"
"dataset/train/concrete/concrete_258.jpg","train","concrete","concrete_258.jpg",".jpg","5539873","f646542e60ebd5fa7d1cb8de14ef57e9c423231282074622ecbdcd0481d0c3fc"
"dataset/train/concrete/concrete_259.jpg","train","concrete","concrete_259.jpg",".jpg","4966261","e8039aa95e977017b3a314de3c7f5b86a96ed3da48486f3e080ae939b6bedb57"
"dataset/train/concrete/concrete_260.jpg","train","concrete","concrete_260.jpg",".jpg","4444519","6bc5cc4118be5585d3ac3b63003c5421c3d4295fa91424c8dee72011a74d065a"
"dataset/train/concrete/concrete_261.jpg","train","concrete","concrete_261.jpg",".jpg","5882801","28aaabf3839ab008cf084306a2b6709c6478a04c73172cce33afed7d012cb1f4"
"dataset/train/concrete/concrete_262.jpg","train","concrete","concrete_262.jpg",".jpg","5728915","39d64443cdd84bfc6466ef278ef52e50899d32a02593451ef2d6c542a947cbc8"
"dataset/train/concrete/concrete_263.jpg","train","concrete","concrete_263.jpg",".jpg","4483131","4eed662476b3d4277c71deb76423675e29b93912e9da32a05ce4a50da0f7e5fd"
"dataset/train/concrete/concrete_264.jpg","train","concrete","concrete_264.jpg",".jpg","4851434","228734885dd9ef4a80b62d59ec6e76ebc73b47713a07149889a333b3bed34153"
"dataset/train/concrete/concrete_265.jpg","train","concrete","concrete_265.jpg",".jpg","6803220","e5fea59bc3a84fabdbd9e809a2925d9277e7f9640f082644a4ad7fe27deb3915"
"dataset/train/concrete/concrete_266.jpg","train","concrete","concrete_266.jpg",".jpg","4920026","36149f1a5e74b3bb95f02107e88f82f4d9af55fd827f7fa1fb0ef58be266b899"
"dataset/train/concrete/concrete_267.jpg","train","concrete","concrete_267.jpg",".jpg","7244491","1153194e9765fc71cb4468af86e01d03d126bee117bbab6386515e4bac88f3e6"
"dataset/train/concrete/concrete_268.jpg","train","concrete","concrete_268.jpg",".jpg","5077530","69a0448656b9c19ddbc0792701ad1a597d30ce1339f4b707db9e7359984e4a46"
"dataset/train/concrete/concrete_269.jpg","train","concrete","concrete_269.jpg",".jpg","6183540","83ced78e2540b779c94e58a467c1404bae77505755289fe78c03778cd3f03ada"
"dataset/train/concrete/concrete_270.jpg","train","concrete","concrete_270.jpg",".jpg","5131717","2ed5d5d87e7c487f354b11e269e42a967fdd74d46f10eb5f0d3a052c85f364ad"
"dataset/train/concrete/concrete_271.jpg","train","concrete","concrete_271.jpg",".jpg","6351522","a54a5f7bd0f333484543577f64e1e1ebb5514bdec93f2ef8e58ec1c57a0d87ff"
"dataset/train/concrete/concrete_272.jpg","train","concrete","concrete_272.jpg",".jpg","5142518","65cdcdf0aa3d5b1af3750920643f74002d6377267f5d52512adbba7412af6ea3"
"dataset/train/concrete/concrete_273.jpg","train","concrete","concrete_273.jpg",".jpg","6285131","fa259a1880a7587157569086cf0d0db35efb8bf29048256c61d42f768c2d71f1"
"dataset/train/concrete/concrete_274.jpg","train","concrete","concrete_274.jpg",".jpg","4493506","1ed8c2659e0dd89135206dda974d634dcc80f69d258fe06b4415b8d3554135bc"
"dataset/train/concrete/concrete_275.jpg","train","concrete","concrete_275.jpg",".jpg","6341876","19122a98ebc54da53df8acceb10c80de3d7b8ffaf63491033aff1abd905f5d42"
"dataset/train/concrete/concrete_276.jpg","train","concrete","concrete_276.jpg",".jpg","4711072","489ff4e4af16718b9d699e4e4c680716f85149d90d62fd1e42ce1cd7bdaa867d"
"dataset/train/concrete/concrete_277.jpg","train","concrete","concrete_277.jpg",".jpg","6663700","e4e7664fae2eeda31b5d407542197a697f3546b04573a60a50033d1012927978"
"dataset/train/concrete/concrete_278.jpg","train","concrete","concrete_278.jpg",".jpg","4729473","13d671cc920e376af993b9d86f985ea68117634192f48753869542c2507d3f7e"
"dataset/train/concrete/concrete_279.jpg","train","concrete","concrete_279.jpg",".jpg","6161192","096f5ccbcbf90d030762d08bee184a49fede595e1c22a963e8cb7058762e5fc4"
"dataset/train/concrete/concrete_280.jpg","train","concrete","concrete_280.jpg",".jpg","4762630","df4152ee76c74dff561eaeb5bf50e53e812c9a0f6f3b08cc82e9572c60636847"
"dataset/train/concrete/concrete_281.jpg","train","concrete","concrete_281.jpg",".jpg","6172032","debb368c9b9fe7a124fffc10c24e27c9f28c658ac1714fe7dd1f7f8a1328be6f"
"dataset/train/concrete/concrete_282.jpg","train","concrete","concrete_282.jpg",".jpg","5292673","cc70981d2ceb4a46b50915035012a895c97ee56410e4f6f3bc2382c400999e67"
"dataset/train/concrete/concrete_283.jpg","train","concrete","concrete_283.jpg",".jpg","6242110","5f1ed73d5e721f22b4f0744a41a8f1a3754b58f8d2fc4abfbacc95ba4a4ee212"
"dataset/train/concrete/concrete_284.jpg","train","concrete","concrete_284.jpg",".jpg","6198147","58dc3a3353b2da29b8c38f503b0f87f204eb9d1efa7121d4d44ea70d0cfc13a9"
"dataset/train/concrete/concrete_285.jpg","train","concrete","concrete_285.jpg",".jpg","6273123","00387f96516c1217c62fcd6b233d77eeb30a9b47acf71fc9888dd99f1cfd79d2"
"dataset/train/concrete/concrete_286.jpg","train","concrete","concrete_286.jpg",".jpg","6158106","825fb37f6b2b11a56b100ffa7e4fc950120aae3011b5087a2c3147ff73c60132"
"dataset/train/concrete/concrete_287.jpg","train","concrete","concrete_287.jpg",".jpg","6192182","d4aabbbecdd0c6123ea33bd61fa6bc2033669090cef6ff633fc0fd558ca6e30c"
"dataset/train/concrete/concrete_288.jpg","train","concrete","concrete_288.jpg",".jpg","6168017","d955931225eb89b103531d1e0c23a5b028276e400d87bfb60da753802c0bcd18"
"dataset/train/concrete/concrete_289.jpg","train","concrete","concrete_289.jpg",".jpg","6317947","133ca64c7cf31760928c1c1583545ebc17e2e03a0066e814fc4d329fb348c029"
"dataset/train/concrete/concrete_290.jpg","train","concrete","concrete_290.jpg",".jpg","6575814","5b186e700b00266bccb26ac66ef2b6a079489d01e7c1564f626f606ff9ec5177"
"dataset/train/concrete/concrete_291.jpg","train","concrete","concrete_291.jpg",".jpg","7349177","48375dfa4e65e67156a084cc4e2f1f86450b3fff0927f76dc0a54e0bb0306625"
"dataset/train/concrete/concrete_292.jpg","train","concrete","concrete_292.jpg",".jpg","7288365","90b0ce63de73f045cc628b6b51b7856c51874eb74c99b756339667105c6487a0"
"dataset/train/concrete/concrete_293.jpg","train","concrete","concrete_293.jpg",".jpg","5830836","58c8e106c6194af3fd63a2c11a98253f0d4bb1ff74380706aafce0459ba7a47e"
"dataset/train/concrete/concrete_294.jpg","train","concrete","concrete_294.jpg",".jpg","6215007","0f80eb3d21a26125852e92ca5ab516e191bd838f4e22a2a4b676ab0a0f63abce"
"dataset/train/concrete/concrete_295.jpg","train","concrete","concrete_295.jpg",".jpg","5890185","97b6ee912f6cea875542c758dce02e128f033486f6d517526f98904f275dbfb1"
"dataset/train/concrete/concrete_296.jpg","train","concrete","concrete_296.jpg",".jpg","5668923","e3ef91fa2637bd7d94449f5c5f81ee813526f23852e2aee2832e0a4cc9ef3e9d"
"dataset/train/concrete/concrete_297.jpg","train","concrete","concrete_297.jpg",".jpg","6375177","4276f20ca37031d3fff08beac555b9880f69bded3c612e8514c5365de16e1810"
"dataset/train/concrete/concrete_298.jpg","train","concrete","concrete_298.jpg",".jpg","4766821","5746c0787382a0ea334773400c909dbad2eb9eecf2c93f18c0213658905846cc"
"dataset/train/concrete/concrete_299.jpg","train","concrete","concrete_299.jpg",".jpg","5344238","bfc56d7c31cf7cb551cbc105f4a69e45c06fdb451fe22f9d1e3afc502ecd179b"
"dataset/train/concrete/concrete_300.jpg","train","concrete","concrete_300.jpg",".jpg","6270287","b3899360da55c593cde6099512d3396f009eb3bcf73b1e96ce603d8a8d3e2691"
"dataset/train/concrete/concrete_301.jpg","train","concrete","concrete_301.jpg",".jpg","5011847","f128e19f213e6f97d5dc3ada5417e30dd78c95f1bf8768da3384c9e4b4b97a11"
"dataset/train/concrete/concrete_302.jpg","train","concrete","concrete_302.jpg",".jpg","6257523","9319c3a0e48f9865e3d3acbb6ee8135e5594b5fae664fd1a015543a58019d3f1"
"dataset/train/concrete/concrete_303.jpg","train","concrete","concrete_303.jpg",".jpg","5074710","0df5ad21a346d080d84b97d243b4bb5c76596d54d08e867ce516342cc60ac314"
"dataset/train/concrete/concrete_304.jpg","train","concrete","concrete_304.jpg",".jpg","6203137","6dba3b77da32c443789b061375bf2d1f2116c8a8cc93e4e0365f84d58fcfad29"
"dataset/train/concrete/concrete_305.jpg","train","concrete","concrete_305.jpg",".jpg","4990841","02c10f06ed946e9ca9dd77da01cc605d622f611003f959e8f335f51e8f2cb12c"
"dataset/train/concrete/concrete_306.jpg","train","concrete","concrete_306.jpg",".jpg","6643452","5f6c6303ef52768377bed043a44096c10ea0433fb48810d38734185e6c9b4733"
"dataset/train/concrete/concrete_307.jpg","train","concrete","concrete_307.jpg",".jpg","5529128","4fc59b68db21918dd89ff632f67b8273008a04bd050f65fd0ce4f5ca1aff1c23"
"dataset/train/concrete/concrete_308.jpg","train","concrete","concrete_308.jpg",".jpg","6620086","c72682c7f2bca6777ead627b4e0827a78e4488e6455814cdb1b1ef465f75c565"
"dataset/train/concrete/concrete_309.jpg","train","concrete","concrete_309.jpg",".jpg","6179714","9a077658c9449a2870aa478a1c93de029c4e2ad13e52c9f5d43fea252b3464a2"
"dataset/train/concrete/concrete_310.jpg","train","concrete","concrete_310.jpg",".jpg","5636273","9de8e949d83c2b6dcafc2e7b7d7ea6799a46ab445d9216bc9385f9d87920ec3b"
"dataset/train/concrete/concrete_311.jpg","train","concrete","concrete_311.jpg",".jpg","6595170","8fc0247702b16e3a03b6249c255e847c1f05d4e42384c240ee0c15c535f2c8f3"
"dataset/train/concrete/concrete_312.jpg","train","concrete","concrete_312.jpg",".jpg","5385295","3034a01f1f74203f5c51073bf45b8e790274eb108b995f96dcf14e80026d93de"
"dataset/train/concrete/concrete_313.jpg","train","concrete","concrete_313.jpg",".jpg","5348245","adb78bc9d2b3aff11eba6d8f6581cb98ba610ae88be27722ab99ccdbf5d3ad52"
"dataset/train/concrete/concrete_314.jpg","train","concrete","concrete_314.jpg",".jpg","6325367","cea7b4b311f5cad6ae86156c105ba3e07f2f3f8eaa50b827e1980a38c8c09b99"
"dataset/train/concrete/concrete_315.jpg","train","concrete","concrete_315.jpg",".jpg","5533910","017e1c7dd0cb4421df4e75ffd5809087bbc933eef59a70c927149daf6988572f"
"dataset/train/concrete/concrete_316.jpg","train","concrete","concrete_316.jpg",".jpg","6225439","76125c895151ca3626d88e3a7cc622ba9c378706c3e3e06f3edfbc8577d3b366"
"dataset/train/concrete/concrete_317.jpg","train","concrete","concrete_317.jpg",".jpg","5408194","d96fba42d85f347dfcac25a3b0f7013f5b3c0254a5c860f662e9b79dda982a38"
"dataset/train/concrete/concrete_318.jpg","train","concrete","concrete_318.jpg",".jpg","6421315","8d6a80df6f0890e3fe8a0d5e03391dd93db7d47f2002c33fba0b946d79fc6851"
"dataset/train/concrete/concrete_319.jpg","train","concrete","concrete_319.jpg",".jpg","5157509","c6fa4dd569144b37eaae382c9c4750ed07267e8c03a57c008e2ab0e603a44b3d"
"dataset/train/concrete/concrete_320.jpg","train","concrete","concrete_320.jpg",".jpg","5172684","f9de07458c15171fd6810ae0da65afc32af6bfbd3c2085786c293bc1c9581c42"
"dataset/train/concrete/concrete_321.jpg","train","concrete","concrete_321.jpg",".jpg","5348649","8ceb26f21d7af897e7f1cc373ccbf9ba102dac78913c05af6a2beabbf47f3c7e"
"dataset/train/concrete/concrete_322.jpg","train","concrete","concrete_322.jpg",".jpg","6595814","a8a334561d89477dca95b40d30cc1368fc494d2719312dee723ff2dd1f1e854d"
"dataset/train/concrete/concrete_323.jpg","train","concrete","concrete_323.jpg",".jpg","5439644","f948ac22185cf963fb76d1da18c8b6a07cfa9b42bc0759c9845efbfc299b902e"
"dataset/train/concrete/concrete_324.jpg","train","concrete","concrete_324.jpg",".jpg","6941794","e9a35969caa3f39693a59d53bc913918584f597bbbb619db0fcfc6db90a0911e"
"dataset/train/concrete/concrete_325.jpg","train","concrete","concrete_325.jpg",".jpg","5571806","7c3ca31be8329e3c23e83312880037e859a29f756852df82ed92b083c1e5aa08"
"dataset/train/concrete/concrete_326.jpg","train","concrete","concrete_326.jpg",".jpg","6607399","395c4ae84a163265e2dd823aa08a53782a6bdb68301b9a7a531a0a761fdad3cb"
"dataset/train/concrete/concrete_327.jpg","train","concrete","concrete_327.jpg",".jpg","5823631","2a321b1850cd3ed843b2fd2485903c2a2e6c0a599a29a827f8d232f5ec2130ff"
"dataset/train/concrete/concrete_328.jpg","train","concrete","concrete_328.jpg",".jpg","6586946","89c36cc8ddb60515d27dd9ef9b600bc2c63a4555d7b8f974b145a73a9d43eed0"
"dataset/train/concrete/concrete_329.jpg","train","concrete","concrete_329.jpg",".jpg","5441534","a50c9ecd7fd6a503117a55fc0c849ad1fe146a9c03284fdc55285dd18430c561"
"dataset/train/concrete/concrete_330.jpg","train","concrete","concrete_330.jpg",".jpg","6191618","e3eaa9d7ff76c6594198d0800859b2de099b7d89c1c1eb50ff09fd15f4cbc494"
"dataset/train/concrete/concrete_331.jpg","train","concrete","concrete_331.jpg",".jpg","5712415","5f1870fd25b5e211fb6a92095f9537c901929f41a53c037ead162e9877a32a87"
"dataset/train/concrete/concrete_332.jpg","train","concrete","concrete_332.jpg",".jpg","6197743","f9bd8c4df42505efe737a3f6237dde1059c42da9870bcf9c66eee79e662167f1"
"dataset/train/concrete/concrete_333.jpg","train","concrete","concrete_333.jpg",".jpg","6132557","e1138aee37a9f16fc18d2991272b6f1ab7c7593456a374fca0927bcacba2ca9c"
"dataset/train/concrete/concrete_334.jpg","train","concrete","concrete_334.jpg",".jpg","6189409","4b182fe5361ca82f831b9a242b117a0a0d1bec56dd50f528b54d8ba4aceada67"
"dataset/train/concrete/concrete_335.jpg","train","concrete","concrete_335.jpg",".jpg","6662707","5cef2f269af26d41db1b9b7340d2652086af9ab3b1e27b1143cbf8b88c66054d"
"dataset/train/concrete/concrete_336.jpg","train","concrete","concrete_336.jpg",".jpg","4875218","6244c0f4b713898baccc1fc947de94d5ea7579e9472768fa6a725545347e0187"
"dataset/train/concrete/concrete_337.jpg","train","concrete","concrete_337.jpg",".jpg","5233415","da68a2e1cef7e128f68bb7b94026ddbcefef77fac482bac743f128b66becfc40"
"dataset/train/concrete/concrete_338.jpg","train","concrete","concrete_338.jpg",".jpg","6246174","d4dfef6038f63f45295988c5876bf9be30eca5008c741d190542c6b3980e0ef2"
"dataset/train/concrete/concrete_339.jpg","train","concrete","concrete_339.jpg",".jpg","6479743","570c0f774423944f5b24f1239a9ed084b2f70ceeae3b9e17b6114bb6c5199b9b"
"dataset/train/concrete/concrete_340.jpg","train","concrete","concrete_340.jpg",".jpg","6433650","fee2f34725e201c5ee21d990e8d9050799d86c2555ed59109981e1422e69c9c5"
"dataset/train/concrete/concrete_341.jpg","train","concrete","concrete_341.jpg",".jpg","6372972","81ee2cf84625fbf95dd91569d1a1005fd1f9c15378836bc5db8ed2d3fe7d5a64"
"dataset/train/concrete/concrete_342.jpg","train","concrete","concrete_342.jpg",".jpg","6786841","f7766e9ade167bc831b6e277680edddc5e147a9fb9c7196e19aefe1270bffb0a"
"dataset/train/concrete/concrete_343.jpg","train","concrete","concrete_343.jpg",".jpg","6117171","085b31fed34fbca4efa4e9b1950af393d55e5b942d9e3e210b946fe22dc18820"
"dataset/train/concrete/concrete_344.jpg","train","concrete","concrete_344.jpg",".jpg","6663263","6a351dfdf3d5254c3e154436c5fcd91634e2329cb154975ca63523b8a48fe9f6"
"dataset/train/concrete/concrete_345.jpg","train","concrete","concrete_345.jpg",".jpg","5838556","8f5acebd0ea15a97a5b0e7641680a055e20113cc101d11b45fa9016329cffae0"
"dataset/train/concrete/concrete_346.jpg","train","concrete","concrete_346.jpg",".jpg","6741616","f197bffecb99ebaa73b4bd5a87a9e6e8f901c7495544c3414f75a09d83b44f53"
"dataset/train/concrete/concrete_347.jpg","train","concrete","concrete_347.jpg",".jpg","6376456","50a39d24a143881b2e462e65e3d5d85f2b40e928a760ca9d7f764b0f8996a153"
"dataset/train/concrete/concrete_348.jpg","train","concrete","concrete_348.jpg",".jpg","6276732","6fcc82b377cd34b230bcc46324c2815296c39cd89e85f68879fc578a8c045cf7"
"dataset/train/concrete/concrete_349.jpg","train","concrete","concrete_349.jpg",".jpg","7262325","9ac17c6d7f808dcfb2d82565036e4fd11563729b066c9eb12f41e5678a68ddf4"
"dataset/train/concrete/concrete_350.jpg","train","concrete","concrete_350.jpg",".jpg","7617592","a1ff7def0d3c4d1e7a88259995d8d50eb220ec381952ac9c5157e2da6a36ec43"
"dataset/train/concrete/concrete_351.jpg","train","concrete","concrete_351.jpg",".jpg","7019445","4cc7991039f27d592e4b5bf9e71396835609fc9eec950e8405fbc61cce3c5594"
"dataset/train/concrete/concrete_352.jpg","train","concrete","concrete_352.jpg",".jpg","7285191","5ffe0d151e9d08eaa61d2fa74277af20a9dc35af15add9914d249c4a8225a263"
"dataset/train/concrete/concrete_353.jpg","train","concrete","concrete_353.jpg",".jpg","6465286","2b3393afa24f3dba1eb49de38863f9f8e0337461f381098c596fbfe4647f6a84"
"dataset/train/concrete/concrete_354.jpg","train","concrete","concrete_354.jpg",".jpg","6902962","a8b1272f1ab0429d1fb2e574ff84fbca00bfb2908857a8ad1ff44e2675030312"
"dataset/train/concrete/concrete_355.jpg","train","concrete","concrete_355.jpg",".jpg","6591742","417dc497ec7b742a8fb2ceb75499c4d624d046fbfcf47f4eadd169a9b87ef172"
"dataset/train/concrete/concrete_356.jpg","train","concrete","concrete_356.jpg",".jpg","810212","3e51891821d8875c87e113b8ca96e285d1953dcf62c4827dd7b53a15914a5602"
"dataset/train/concrete/concrete_363.jpg","train","concrete","concrete_363.jpg",".jpg","5492447","fd679b7d9c5032b4ae72a492b94ce22f111a331f4ca1a5a785cda52ab1193451"
"dataset/train/concrete/concrete_404.jpg","train","concrete","concrete_404.jpg",".jpg","6012545","d958ea25dc7049c0d7a039bafe6616fc9639692ac856bb64dfa186b7793568a3"
"dataset/train/concrete/concrete_405.jpg","train","concrete","concrete_405.jpg",".jpg","6277821","a7145551f67109417a978e168ae4b3a3cc2e1b6b81057ef91ea69061b0d55238"
"dataset/train/concrete/concrete_406.jpg","train","concrete","concrete_406.jpg",".jpg","6187443","847c6110165572c82db1bacfb1cf62df4c43ef6ea70d370aaf9a25777852614b"
"dataset/train/concrete/concrete_407.jpg","train","concrete","concrete_407.jpg",".jpg","5236744","bd27de215816a2867ef0d8c9af9dd234c21bbae25175b3a74d7cecb62adee8a4"
"dataset/train/concrete/concrete_408.jpg","train","concrete","concrete_408.jpg",".jpg","5293305","d92d63969fca7bb964c81177e472476dbb6fe966d8c222466dc1524e63da9634"
"dataset/train/concrete/concrete_409.jpg","train","concrete","concrete_409.jpg",".jpg","5161781","731054bbdf65cc1ef3122e30e648e94059567002865448551604e3c2f03b9a6c"
"dataset/train/concrete/concrete_411.jpg","train","concrete","concrete_411.jpg",".jpg","4343667","9b71011d0d5ba41c0afa05adcaabd7258e1df66a7020f8ce39a5dcdc78044462"
"dataset/train/concrete/concrete_412.jpg","train","concrete","concrete_412.jpg",".jpg","4677689","367f9f7051750861d1cba8a0e851396e4fa5bb5ad6ece2f1456c79fd3be3f6ac"
"dataset/train/concrete/concrete_413.jpg","train","concrete","concrete_413.jpg",".jpg","4915940","66da221ebab6f8ad09179d865a5e382d0fed19c6f3dce01eb503f429d2a5f529"
"dataset/train/concrete/concrete_414.jpg","train","concrete","concrete_414.jpg",".jpg","4326997","02e6b185968213c824c432cafd33f1b79654039ae265049e3231dd00979e3c24"
"dataset/train/concrete/concrete_415.jpg","train","concrete","concrete_415.jpg",".jpg","5842185","8df3e1388cff3774f2e784e4d87e21c1badbaa6165de117fed28557d28e3e1e2"
"dataset/train/concrete/concrete_416.jpg","train","concrete","concrete_416.jpg",".jpg","5498721","6fed49e629ebfb4fa1b7bd4e4b90002d4858eac179b09bb8a0d93ba19eb02664"
"dataset/train/concrete/concrete_417.jpg","train","concrete","concrete_417.jpg",".jpg","5983568","5456f255b87dc668d4eae131e5d0e2924300cdc7bc3d11562e8258d456f0cef2"
"dataset/train/concrete/concrete_418.jpg","train","concrete","concrete_418.jpg",".jpg","4518777","c7e06bdeb1845beceeb8b4e63136a2633d701bd2b59c4594429e46f50acc3635"
"dataset/train/concrete/concrete_419.jpg","train","concrete","concrete_419.jpg",".jpg","5133657","dccab49e1d7cb6caacfc5a1612f5c9913fac647009d0405635071f86dde19201"
"dataset/train/concrete/concrete_420.jpg","train","concrete","concrete_420.jpg",".jpg","6101716","9cb447bab1bb7ef33367ab79f9bbf051af9889f360dd294cc95f205927f4db42"
"dataset/train/concrete/concrete_421.jpg","train","concrete","concrete_421.jpg",".jpg","4816596","cb95ddc1104c6428e577895be81273ee9ddd1445b126e09db0d436ba228274b5"
"dataset/train/concrete/concrete_422.jpg","train","concrete","concrete_422.jpg",".jpg","4241100","398d406f6ace40d1148b5b82093d9378c4d7b8a02162e2f8f7347f912d6da2d4"
"dataset/train/concrete/concrete_423.jpg","train","concrete","concrete_423.jpg",".jpg","5582908","80d90965beb3786623f2b9a08895a1fbc7f5ca56c486d295bf2f303de74605cc"
"dataset/train/concrete/concrete_424.jpg","train","concrete","concrete_424.jpg",".jpg","5905066","2b71313477d972e7b6b82035dc1f73b7798bfb80799cddf7037ccd61aace3d0e"
"dataset/train/concrete/concrete_425.jpg","train","concrete","concrete_425.jpg",".jpg","5453219","ee4fa652afd0e9828ea00291fdcec812b7afbba1c18f7ffef3e65357625c892d"
"dataset/train/concrete/concrete_426.jpg","train","concrete","concrete_426.jpg",".jpg","5571369","d3b1a1e36fa16095ffd09fc21a97cbf98980f1232605a7eed4cec7811d6ac876"
"dataset/train/concrete/concrete_427.jpg","train","concrete","concrete_427.jpg",".jpg","5189868","ec488c7b757fe619f92c595586b7bd00be7720deb1b4cf05b1ced80783477142"
"dataset/train/concrete/concrete_428.jpg","train","concrete","concrete_428.jpg",".jpg","6514208","0d7e4fb7494b1caaa47ea49b1a897c6880c71f387a8da864cb000f7d442e6e7c"
"dataset/train/concrete/concrete_429.jpg","train","concrete","concrete_429.jpg",".jpg","6104041","d164b5b0e2b1f432e82be9768e7375067bfab661bb42bb0226b93683e5815be8"
"dataset/train/concrete/concrete_430.jpg","train","concrete","concrete_430.jpg",".jpg","5384283","360d8e8a3deca125908c01234824b701327c4498f54e9d8360871c78e6c30e90"
"dataset/train/concrete/concrete_431.jpg","train","concrete","concrete_431.jpg",".jpg","6018032","d3376d8d4f8554d9124b1b45be7ab5f898067613052b194b847df2e59a161f9a"
"dataset/train/concrete/concrete_432.jpg","train","concrete","concrete_432.jpg",".jpg","4109408","314f68b1d936f915ac40182d10f8862248211a52a60a501e92e6cc973bb7efbc"
"dataset/train/concrete/concrete_433.jpg","train","concrete","concrete_433.jpg",".jpg","4852948","721acb553f06e31fab0a2e96ba2f71644820a84c1a7625606058360c53af3efc"
"dataset/train/concrete/concrete_434.jpg","train","concrete","concrete_434.jpg",".jpg","6304378","c9a520d7d10fd72c8cf736c26f46e6a424910d6a1207d857680942ed89565a5b"
"dataset/train/concrete/concrete_435.jpg","train","concrete","concrete_435.jpg",".jpg","4617952","5d5c6bf1fa396dc349cad46a7f40697e4a337c7662d340f7d18887cc47205455"
"dataset/train/concrete/concrete_436.jpg","train","concrete","concrete_436.jpg",".jpg","4668974","55479895d21dab18ae5597f82e55fda727c0a4e190cf32bd27d7ff53ef0c7fbd"
"dataset/train/concrete/concrete_437.jpg","train","concrete","concrete_437.jpg",".jpg","5537290","a8c49f4c1d08102f4cc82bd3f9c61dc21014887dbb986d68e00d9c53d44c11dc"
"dataset/train/concrete/concrete_438.jpg","train","concrete","concrete_438.jpg",".jpg","4736589","6a0d63f36ae61683d4064518ba0444d744bcf2dc20250cb53d432cbe8d6ff60b"
"dataset/train/concrete/concrete_440.jpg","train","concrete","concrete_440.jpg",".jpg","5819325","915f052090a5f0d16e5b7b96dfe846cf7630a9d283102731512a39fe58120639"
"dataset/train/concrete/concrete_441.jpg","train","concrete","concrete_441.jpg",".jpg","5549819","c5bb4cd1a82183c7b5da00c1860a5c237817ab4d09d8fc09eb370594639b5c89"
"dataset/train/concrete/concrete_442.jpg","train","concrete","concrete_442.jpg",".jpg","5504669","cdfd658f688e5847bdeb7671c0d70974e1300a828552958ef72da15b0d379dcd"
"dataset/train/concrete/concrete_443.jpg","train","concrete","concrete_443.jpg",".jpg","5883370","6eaebcd85de3b4ee09c20e0c92440fd2e06536880a295fcd6fa7a7762828ecb3"
"dataset/train/concrete/concrete_444.jpg","train","concrete","concrete_444.jpg",".jpg","6071729","f3ef8609d31a08d8e8151a53c18c2e3607183adbd078ec4464893cce13b8963d"
"dataset/train/concrete/concrete_445.jpg","train","concrete","concrete_445.jpg",".jpg","5773261","b489249270a5d20a1be75bdeb9f1adb5a7e15e0431bd1cadf211e073426eca74"
"dataset/train/concrete/concrete_446.jpg","train","concrete","concrete_446.jpg",".jpg","5162335","db1fe1b74b0d835d92c60a28247804ad89cc66c426b44615f48e484b91aa2f69"
"dataset/train/concrete/concrete_447.jpg","train","concrete","concrete_447.jpg",".jpg","5040336","ddb4181f551c61fcd1309b3453b9588a1e23b1055d95e129a1506d92bc752d5b"
"dataset/train/concrete/concrete_448.jpg","train","concrete","concrete_448.jpg",".jpg","6129114","88f7d3a0baca53f7bc0013c800175b5647032d05c6bdb516f19b4912a87fa836"
"dataset/train/concrete/concrete_449.jpg","train","concrete","concrete_449.jpg",".jpg","5651962","b3f2e4d0577ecca0ae19e58bef88315ecf1ddc58ffb64ff6366e0ae944922af7"
"dataset/train/concrete/concrete_451.jpg","train","concrete","concrete_451.jpg",".jpg","4785416","5d10c99a06b417dc8b6e4ad8fcc581c81d383cce9d932872510b0e0bd1764a11"
"dataset/train/concrete/concrete_452.jpg","train","concrete","concrete_452.jpg",".jpg","5050376","3a9793eeb413d5cb49b92d2c5f28760b73ad8962735c1a52567f2beb2e773988"
"dataset/train/concrete/concrete_453.jpg","train","concrete","concrete_453.jpg",".jpg","5029266","82244c2c691aca0d9a3669d8f8ba96fa5a578e997bf3e3ced699fed7e4408ee0"
"dataset/train/concrete/concrete_457.jpg","train","concrete","concrete_457.jpg",".jpg","5027853","e43c7a29621eaa07db66b7a5475faf7955876f690c5561cab204ae236f10c90f"
"dataset/train/concrete/concrete_458.jpg","train","concrete","concrete_458.jpg",".jpg","5141770","2789bd6b59af3fcfe954208de88ebb84467a97c02c96609843e1e3d9256a208d"
"dataset/train/concrete/DCSM3814.JPG","train","concrete","DCSM3814.JPG",".jpg","674840","af332cf79900fc3e6e4081496e3728c3dccc99522adfd17084534ddc9f51fc00"
"dataset/train/concrete/DECH2754.JPG","train","concrete","DECH2754.JPG",".jpg","756773","f8754add9a06e3b3fe01d4458f9b2ec2cc86ed92cd0c05bd841425a51dab3d79"
"dataset/train/concrete/DMTH4211.JPG","train","concrete","DMTH4211.JPG",".jpg","589718","001b6b38d48c0f5e6e34e2e63de4c7e729bda740e3690d200a5576d9faf07885"
"dataset/train/concrete/EJGX6158.JPG","train","concrete","EJGX6158.JPG",".jpg","533708","6a09d10e5d18d35b3b9d9a68907359a1a5db80beb8dd27ffe9e7183a9ffdd802"
"dataset/train/concrete/EOLB8682.JPG","train","concrete","EOLB8682.JPG",".jpg","572381","597bdc93f69ddd158b71bd0d3ddaad2a6f5d3d4f9f5c83e321b2b5f285759d0b"
"dataset/train/concrete/ESLH0341.JPG","train","concrete","ESLH0341.JPG",".jpg","716013","2203a3853e283f71637ed056390599d68821cc5b305ed718ac08586dd596bdbd"
"dataset/train/concrete/ESWV7899.JPG","train","concrete","ESWV7899.JPG",".jpg","659855","92e85e11ed004ed51a514962a5047ed36cfc34cc902ddc019efec80d72b018bf"
"dataset/train/concrete/EUPV3152.JPG","train","concrete","EUPV3152.JPG",".jpg","724264","fc025247af4a57991a1ca75bed70df5c27b284c46c80642ab239d1d945c5f534"
"dataset/train/concrete/EXZM6080.JPG","train","concrete","EXZM6080.JPG",".jpg","597625","dbbb121ad356ae86367a179040d3096e5444a606d56102af8639a95240e09a38"
"dataset/train/concrete/FCXA7556.JPG","train","concrete","FCXA7556.JPG",".jpg","847498","43187c2a4df3f188e5f7c3cf83a598aaca4eb65cd07f47bcf0ff027edbf49730"
"dataset/train/concrete/FLAE4491.JPG","train","concrete","FLAE4491.JPG",".jpg","826990","9987679fbe139b4d6ecd067e04fab1eb7a4b47ed72e6d534489bc8dd9d2d8df5"
"dataset/train/concrete/FOMJ5143.JPG","train","concrete","FOMJ5143.JPG",".jpg","550777","ebc6d55bb980991a87a8c08b73e52850711e536b62508a2e621dc32354a51338"
"dataset/train/concrete/FTBU0161.JPG","train","concrete","FTBU0161.JPG",".jpg","863846","4072e81e206542d70e9d1b9208b7f9d2403927d3c87df1e7e4b3ae1882e41928"
"dataset/train/concrete/FXBS3451.JPG","train","concrete","FXBS3451.JPG",".jpg","542921","784295559499a81ef1488c1bfd2a6d2b2ada82927eddc5dfee1cd89214e746ba"
"dataset/train/concrete/GQYG7710.JPG","train","concrete","GQYG7710.JPG",".jpg","818316","c2cb83eb7b614b594ba4acdfea627338ad942f8e9f2356ab641daaf1fd37edf8"
"dataset/train/concrete/GRGM1867.JPG","train","concrete","GRGM1867.JPG",".jpg","614713","bf33737559d9238e5dc89197c9fc791b722ea032507d4c42a18da47cd21b66e1"
"dataset/train/concrete/HFPH5283.JPG","train","concrete","HFPH5283.JPG",".jpg","697634","9eda988fb29b72bcefd48c8685f4e01dbf99d085f31518db881a243e4ac3c892"
"dataset/train/concrete/HHHS9555.JPG","train","concrete","HHHS9555.JPG",".jpg","840089","b8d07dcffe835e3e263b65c68577c7a4f164bc74c972a0c096a5369fe3cfe4db"
"dataset/train/concrete/HPWP7985.JPG","train","concrete","HPWP7985.JPG",".jpg","662671","b5a35028e08fe942d0acb36b826318cbffe625c2579ed47131c91aaf46409a05"
"dataset/train/concrete/HWCY3400.JPG","train","concrete","HWCY3400.JPG",".jpg","650023","539382ea0887b0df658e08210d48131273111a54f257bdfee1e76815bb952212"
"dataset/train/concrete/IAAK2221.JPG","train","concrete","IAAK2221.JPG",".jpg","580263","54d5e57e8dd0598922e034976b86f275f2d87277e84515708cc6147a709d018a"
"dataset/train/concrete/IBIT3442.JPG","train","concrete","IBIT3442.JPG",".jpg","728504","e5a85a53756de288d9ad13dd2adaeab1c093a12078316bf83c0716f87aeef323"
"dataset/train/concrete/IGZB4787.JPG","train","concrete","IGZB4787.JPG",".jpg","623737","4fdc69b59568fdcc2d9dbe118ced010d2df7e175641dd7ca4bd60a9c3b4914aa"
"dataset/train/concrete/IMNH7862.JPG","train","concrete","IMNH7862.JPG",".jpg","588259","19ac40a816e1278f7972807ff41f25be9c784b08c2df632ffbee475ad090c9a4"
"dataset/train/concrete/IVJG4056.JPG","train","concrete","IVJG4056.JPG",".jpg","694845","b0d7325b4d2435a856fabe16cdc0b50a1e3e1612fbe05a414c9ef24b14610e48"
"dataset/train/concrete/JIQF7431.JPG","train","concrete","JIQF7431.JPG",".jpg","876151","017c53927786af946121c4aa8575b7db8e09e7117b6141e6f4c0fe44ecd740dc"
"dataset/train/concrete/JMFM2008.JPG","train","concrete","JMFM2008.JPG",".jpg","766285","ccd5e7c3750bb3e1dd98acbf491ca34372535f4edaa873c28599aa7c9468ebfc"
"dataset/train/concrete/JNBL3075.JPG","train","concrete","JNBL3075.JPG",".jpg","745522","6dabb1f56456bfeabd2296171c5335464113c4f717c3808800ef03b68f21b321"
"dataset/train/concrete/JNIN8411.JPG","train","concrete","JNIN8411.JPG",".jpg","708856","04c39d3e53146455193acfe96e02ef7113f8315881980a2779e3702624f2cc7e"
"dataset/train/concrete/JPLR8026.JPG","train","concrete","JPLR8026.JPG",".jpg","621558","b62562020cc9f076b2106bd19e6108e8f5a581479fd613cc289a586f46124e0d"
"dataset/train/concrete/JROK0532.JPG","train","concrete","JROK0532.JPG",".jpg","556305","3c7218d12c7b1fe048eefb7735d91eb7be288f60bdd651f8053f07324a728f05"
"dataset/train/concrete/JVAM0426.JPG","train","concrete","JVAM0426.JPG",".jpg","670174","b0ef670a2db4236096743242d03098312192d416dc3ddae3b76f4dbf9b0bdc52"
"dataset/train/concrete/JWYK3804.JPG","train","concrete","JWYK3804.JPG",".jpg","619636","666a5b05014daad4d8261e30918df3bcf8739660c7c99a72a91524e846d87cdf"
"dataset/train/concrete/KEWK6384.JPG","train","concrete","KEWK6384.JPG",".jpg","523970","b8d2dffaf25590479f0fa3644d293ca47b825cb3a4fabbf03e7d5387c36b1897"
"dataset/train/concrete/LDMG8672.JPG","train","concrete","LDMG8672.JPG",".jpg","705740","6d2d0e51a0eafd064e2ce34d4458f6867a23fab2b0130ff7d5685e9c341c95d9"
"dataset/train/concrete/LIZN3042.JPG","train","concrete","LIZN3042.JPG",".jpg","611973","d22fe452cf1699bd966a514f81de9ae5a7a57f02dcf8de76c85f21002587fa54"
"dataset/train/concrete/LSLX7977.JPG","train","concrete","LSLX7977.JPG",".jpg","527607","3cd8e382036751c7c193012e68379ca820f4b3b9075e87829f12c047358abd27"
"dataset/train/concrete/LWBD8754.JPG","train","concrete","LWBD8754.JPG",".jpg","601629","622d8c622cb3d32d3ac57a8046ab1940ecd4ee466ac967eff2d25b8fdedf6906"
"dataset/train/concrete/LWFU2607.JPG","train","concrete","LWFU2607.JPG",".jpg","566422","92cd98d487439fb5ef461e9b007533ea361cdcf0532e0b5205074d69d9e81f84"
"dataset/train/concrete/LYDX5368.JPG","train","concrete","LYDX5368.JPG",".jpg","785956","5f8d9e2d74d6946af14be47e88844e2c8d2457415195067d0984e7fa3fd1fba4"
"dataset/train/concrete/MCUW6452.JPG","train","concrete","MCUW6452.JPG",".jpg","742394","ac18aec6f92faf90493e15a5a10968ca11215d220b30bf02efee50d71f9e283a"
"dataset/train/concrete/MDGQ9720.JPG","train","concrete","MDGQ9720.JPG",".jpg","657573","4332c1436fc9c1a597d8112ac4eb83e0e68c7f191f0e9e4c500c776cde0c93bd"
"dataset/train/concrete/MMII6730.JPG","train","concrete","MMII6730.JPG",".jpg","830927","b971c2873ba2649cecaa6e8d80eadc61fbcf56fb4ad6f3e4dadcd9c3726e7c16"
"dataset/train/concrete/MNAV6698.JPG","train","concrete","MNAV6698.JPG",".jpg","561240","817b05d0d016f567d711419692317e61f0c27bf08be586e28375f497edfdcd23"
"dataset/train/concrete/MNNU3544.JPG","train","concrete","MNNU3544.JPG",".jpg","663590","da134aeb6ad90651edb7845840def47e4344105ca0cab514429853e81fcbca46"
"dataset/train/concrete/MQMB4486.JPG","train","concrete","MQMB4486.JPG",".jpg","707007","43a7f7225f4b57caf4b18d75e4c4c575c29514a189a420afd92e0356b726ba39"
"dataset/train/concrete/MXRS7122.JPG","train","concrete","MXRS7122.JPG",".jpg","829764","563fa9df0d180352b19f9a80425faf3aab29fa73599527fe86bf4f68ab63669d"
"dataset/train/concrete/NHJF3682.JPG","train","concrete","NHJF3682.JPG",".jpg","551413","6dcf1653cb932333c95f29b9c6c3bee5aecf2f3305759ee0fa375561f7af356b"
"dataset/train/concrete/NOVD4849.JPG","train","concrete","NOVD4849.JPG",".jpg","781274","8540a33684b1f7c69f0da4a8481a9dcaf74575f41610f2cb23c19d523edf5ef2"
"dataset/train/concrete/NSES0709.JPG","train","concrete","NSES0709.JPG",".jpg","848183","b3ce413531cd74ea8ccddc80b372122f7865ba47d55c15fbaf8fce6c88258f69"
"dataset/train/concrete/NVNV0073.JPG","train","concrete","NVNV0073.JPG",".jpg","579622","dc30e8bfae297b7a888b66b7b310cab2282c465f203a1e7ba2ee1c16546ac473"
"dataset/train/concrete/OFRC9045.JPG","train","concrete","OFRC9045.JPG",".jpg","648069","6e39232b87782624d5372cf331964c68709faeeaa669def6dedc5fccd65bafbb"
"dataset/train/concrete/OLJJ3064.JPG","train","concrete","OLJJ3064.JPG",".jpg","802021","1816c8b4467cf458c7ccca0ac5841ba34e127cc02d31f22b0d947826c65ab416"
"dataset/train/concrete/OTCP8025.JPG","train","concrete","OTCP8025.JPG",".jpg","621953","818b93d075034058326e1d9ef2a39d89d394336d7812005330fe79ee44fd6957"
"dataset/train/concrete/OWCD9919.JPG","train","concrete","OWCD9919.JPG",".jpg","786383","d6165aeb55bf9f70bb3035a0ea853dce55f1504a5cb88c31000ee91c9312af94"
"dataset/train/concrete/PKYE6295.JPG","train","concrete","PKYE6295.JPG",".jpg","564842","37187efb8511c6fcaad7fd904f1d069ce714fa1c57234f8b043e2501d69baef0"
"dataset/train/concrete/POUQ2298.JPG","train","concrete","POUQ2298.JPG",".jpg","582204","129d29df82cbe4cd34dfe20f74586051b89e806eac69d68232b58da0d129c3f8"
"dataset/train/concrete/PUVQ6595.JPG","train","concrete","PUVQ6595.JPG",".jpg","614203","ac59ad0cca621d7175a9569527690e802162773afe47ee33c9a898b8ed493520"
"dataset/train/concrete/QAFH7485.JPG","train","concrete","QAFH7485.JPG",".jpg","754331","6b2438ccb0d2c090bc71ae7bbf604cce79813d54931813fd0bfb28495b78d22c"
"dataset/train/concrete/QIUE7002.JPG","train","concrete","QIUE7002.JPG",".jpg","635217","964df9d038708d0c3270c175ca9d1062030ad48ff39ad12cd9f6ab7303f0704b"
"dataset/train/concrete/QSYL7107.JPG","train","concrete","QSYL7107.JPG",".jpg","529710","820e902833c97ede416f5944602b45471c27176e83d030059a1c5e95132e92b0"
"dataset/train/concrete/RRFF7629.JPG","train","concrete","RRFF7629.JPG",".jpg","905800","2769f2614075cab403327b7b4d8b56d946211ad68a3608b8414ded6984a4e380"
"dataset/train/concrete/SFIK4738.JPG","train","concrete","SFIK4738.JPG",".jpg","504986","6ea633e75b9ee3377f21fdea896fbd29483ee0ffd7857b355fc01b5564ff55b0"
"dataset/train/concrete/STMT6842.JPG","train","concrete","STMT6842.JPG",".jpg","633184","76988073671bf859d89ddd86be6e92fe1941beda9d06a40632ab9c5181f4f78c"
"dataset/train/concrete/TDXQ9136.JPG","train","concrete","TDXQ9136.JPG",".jpg","515807","501b7901908453e99a477468f88e74c96c01dfce6ad81d8fb33512bcf440c8f7"
"dataset/train/concrete/TJUD8068.JPG","train","concrete","TJUD8068.JPG",".jpg","813683","2f7ed876838eb0a27a4e288f482c0415c49a5f22e00752684869bd11980696a7"
"dataset/train/concrete/TZYK2702.JPG","train","concrete","TZYK2702.JPG",".jpg","639153","902d482f20690beb12cda378908fa49ea39b5bf07f97fbda91040086f1664928"
"dataset/train/concrete/URRZ0373.JPG","train","concrete","URRZ0373.JPG",".jpg","684979","370d95383c397096461339b1a4ce174be3ca2754528804ccae28c3b71160e0aa"
"dataset/train/concrete/VRAK1035.JPG","train","concrete","VRAK1035.JPG",".jpg","510245","c85731fd29d15c58b684fee818aaf49ea28e7676b6b8b542905e04c68d21be2a"
"dataset/train/concrete/WDMZ9189.JPG","train","concrete","WDMZ9189.JPG",".jpg","573824","b38b660ccfe56abde5395e6f5f8b1330463a2ad9fb8b924dc4eaa57661e1e718"
"dataset/train/concrete/WQLN7220.JPG","train","concrete","WQLN7220.JPG",".jpg","592822","2386be6b559b04e3dc5eee17722cff645d9f4cc5cff91b3c6c8dc10b56c7280d"
"dataset/train/concrete/WRZA5369.JPG","train","concrete","WRZA5369.JPG",".jpg","498753","679ba34d0afce7a370f5f6bfe79bfe8c0c18a4873c061eac6a629b2370faf5b8"
"dataset/train/concrete/WVIK5749.JPG","train","concrete","WVIK5749.JPG",".jpg","833870","6c3ef4ce4966fe9cb8175cb0aef05e52ee419400373755a34324e9646eb43133"
"dataset/train/concrete/WWWK5512.JPG","train","concrete","WWWK5512.JPG",".jpg","576570","a551e784466276c36130f3fb79dfe63564cbbe6dd7d1091c260bfe2548d03108"
"dataset/train/concrete/XPVC1120.JPG","train","concrete","XPVC1120.JPG",".jpg","811746","a7a9a0c3a9806d7bae1db82e760e9a559014beb5b6d0a573a5ab1b1d63518938"
"dataset/train/concrete/XTCT4523.JPG","train","concrete","XTCT4523.JPG",".jpg","738178","c0e2e808e079de06f0cb0ab056512f6ad411406e8c12643b36afaf0902d360e6"
"dataset/train/concrete/YBWN1365.JPG","train","concrete","YBWN1365.JPG",".jpg","865287","000fd0add0eda1a9f7aba2ab331cd8576a7a18e6d211e28212c970743dd3b3af"
"dataset/train/concrete/YJWZ9900.JPG","train","concrete","YJWZ9900.JPG",".jpg","747941","1762387897b079eafe98fb06713dff3a461ca5d48d4fd5fa400678f6c5eddc4c"
"dataset/train/epoxy/BWYH4040.JPG","train","epoxy","BWYH4040.JPG",".jpg","358071","cac0bdc38cdad7a7943a87fbb4cbbb4b2f342dba83c6c5f6132d3c3e09a13633"
"dataset/train/epoxy/BYIN1736.JPG","train","epoxy","BYIN1736.JPG",".jpg","206421","5e1b8dd5ef9f215ad8cb12ac3bd4387a694ced4da72c7354ac17a7d55bc86f43"
"dataset/train/epoxy/CESP4840.JPG","train","epoxy","CESP4840.JPG",".jpg","251814","6e264daca72f6bd5f1b4947629613591d9d2900284e7491c4e7a7d304d91f2ec"
"dataset/train/epoxy/CRUB6668.JPG","train","epoxy","CRUB6668.JPG",".jpg","241343","2ef5dc1716e63162edac8848946980e361b4db8a12ea3537dafcba1d6ba0225f"
"dataset/train/epoxy/DNOV0442.JPG","train","epoxy","DNOV0442.JPG",".jpg","387958","c5175a17217d0e346819f882c9742450ffa66d21f1b48a13aa5c63b9609babb2"
"dataset/train/epoxy/DYYN8574.JPG","train","epoxy","DYYN8574.JPG",".jpg","283563","fdd625b8d0cf87d5b97b23707c744eb31eaf5fed8ca36bf70318b3fac4c017f3"
"dataset/train/epoxy/EERH2393.JPG","train","epoxy","EERH2393.JPG",".jpg","380167","d036c10720204264c436015806e080668ee5a25e358649824cf20f24fec7e673"
"dataset/train/epoxy/EOYQ0997.JPG","train","epoxy","EOYQ0997.JPG",".jpg","315978","8fcd74287285c6cf8f447a358ed62884f358fa1dc8fac530791cee79a1bda0ac"
"dataset/train/epoxy/epoxy_001.jpg","train","epoxy","epoxy_001.jpg",".jpg","5388212","270ea2d0ae8933a27b040a110702b51049fc5b0ce59154481963594a8f022aac"
"dataset/train/epoxy/epoxy_002.jpg","train","epoxy","epoxy_002.jpg",".jpg","4667638","1e729af8962df1e1d7b4d2fdc435b2ad23209020534ab669a9464ed440a3c5b9"
"dataset/train/epoxy/epoxy_003.jpg","train","epoxy","epoxy_003.jpg",".jpg","4908729","51feb9fcb39115898fe6b5c471e33ea4fa15419473904aec620666d759065170"
"dataset/train/epoxy/epoxy_004.jpg","train","epoxy","epoxy_004.jpg",".jpg","4793519","8323348e325e043890646fe49423486130fbd82acf541ae38f7889a445faba3b"
"dataset/train/epoxy/epoxy_005.jpg","train","epoxy","epoxy_005.jpg",".jpg","4598204","d442eb05bca2ef5aa283c1118061416992f234a07e454ee126150a6570659f8b"
"dataset/train/epoxy/epoxy_008.jpg","train","epoxy","epoxy_008.jpg",".jpg","4634869","5944990785a2209236d80fea8ee20c62cab0d60ff3bdd86a13a61b10a2d7b1cc"
"dataset/train/epoxy/epoxy_012.jpg","train","epoxy","epoxy_012.jpg",".jpg","4339643","2319dc3cf77ac0a019d7911626a4a8b2bd373a16d3b3cb20eac3a8d1cd0c7c7d"
"dataset/train/epoxy/epoxy_015.jpg","train","epoxy","epoxy_015.jpg",".jpg","4077224","32f8227d1f27eab42f1e21ab5a3d398b1996f6e16d8b7c76cebbe9b98415de17"
"dataset/train/epoxy/epoxy_016.jpg","train","epoxy","epoxy_016.jpg",".jpg","5197726","d6a78e6bbeb1a67cf447464968b1be4fabbe0ca67e12706b6e2488bdcf9312b5"
"dataset/train/epoxy/epoxy_017.jpg","train","epoxy","epoxy_017.jpg",".jpg","5055331","385764b8f5109b0da198fa3951f3e07b79641b8e377bd1f5b0df0abd47368a17"
"dataset/train/epoxy/epoxy_018.jpg","train","epoxy","epoxy_018.jpg",".jpg","5129973","e2b3b4b4c2087387a9de77593d4ed0653c0fc674afc74dc731cd0495c74704b7"
"dataset/train/epoxy/epoxy_019.jpg","train","epoxy","epoxy_019.jpg",".jpg","4897550","77774aede1ead4491696852dbea0c88340fa477c3763c08b1db03da545cba760"
"dataset/train/epoxy/epoxy_020.jpg","train","epoxy","epoxy_020.jpg",".jpg","5072111","73ffcb941ac8fb4603b1dab74660ccd083896103233fc988189dbbdc2ca8b6e6"
"dataset/train/epoxy/epoxy_021.jpg","train","epoxy","epoxy_021.jpg",".jpg","4300772","e00a3cdb6585cfbb601ba18219e0af66cfac202a5b5d4ec9ee358976a3094d38"
"dataset/train/epoxy/epoxy_022.jpg","train","epoxy","epoxy_022.jpg",".jpg","4185301","9707a59ab6de425385e5aebe04c09f3a4c33f8e8d17f6063d76c439c4b9b6f62"
"dataset/train/epoxy/epoxy_023.jpg","train","epoxy","epoxy_023.jpg",".jpg","4136545","fef7e72bdcdacba8ad137580141a1ac6b9289a8dde9a74ad9c4ef782af6cad82"
"dataset/train/epoxy/epoxy_024.jpg","train","epoxy","epoxy_024.jpg",".jpg","4073172","f6d0a7a1d2322817d5a6e2b0cbf0151b6ed549d79a4aff007d79fa8d453e13bf"
"dataset/train/epoxy/epoxy_025.jpg","train","epoxy","epoxy_025.jpg",".jpg","4100882","dd5689a6329238543b4af4d5bb6e8f3d423b6982b9da1a65ca922449788bdbf1"
"dataset/train/epoxy/epoxy_026.jpg","train","epoxy","epoxy_026.jpg",".jpg","5266708","ed3ed07d6282b63200a8f426978c06fd3c95da7874444b4644ac4f5a50ed64c8"
"dataset/train/epoxy/epoxy_027.jpg","train","epoxy","epoxy_027.jpg",".jpg","4860928","2502ae3b1ab4a613bb0ade9806ffbc0e02b8fbae901e03ca9b67e175e608c10b"
"dataset/train/epoxy/epoxy_028.jpg","train","epoxy","epoxy_028.jpg",".jpg","4427165","45be02125681c258f45b6b1ce7102b67a03771c3f30ae517e943bdbe162795f5"
"dataset/train/epoxy/epoxy_029.jpg","train","epoxy","epoxy_029.jpg",".jpg","4994461","b796507395dfe29ee32aa9e9e8588556bc2eec9cefb970ad8760fd8a9a2bfdb2"
"dataset/train/epoxy/epoxy_030.jpg","train","epoxy","epoxy_030.jpg",".jpg","4485738","1fe96c0f719f9ea569f4f74e5856ca37d9a3907dbdbf13cc771cd0a48f63c9b6"
"dataset/train/epoxy/epoxy_031.jpg","train","epoxy","epoxy_031.jpg",".jpg","4611840","f9c258bb9f7ba4ef4ad4d50894ae7dacfe1db4f89970534e97f6f9b9e3a208ce"
"dataset/train/epoxy/epoxy_032.jpg","train","epoxy","epoxy_032.jpg",".jpg","4982918","50cacf10e4e370d176c4305922dfe9d23164d83012c2cdbf00ad2cc62f650538"
"dataset/train/epoxy/epoxy_033.jpg","train","epoxy","epoxy_033.jpg",".jpg","4963410","a1b56536afea95afba5d4a7bb39a06a068f832160f40163ef240830462399733"
"dataset/train/epoxy/epoxy_034.jpg","train","epoxy","epoxy_034.jpg",".jpg","5013383","9b6aaf7c8f79bda6362623d719bfd75ca4e852e0443576913bd7b362aa36538e"
"dataset/train/epoxy/epoxy_035.jpg","train","epoxy","epoxy_035.jpg",".jpg","4701164","fb245ba852b667e1abd860dec711bd7fce858b9768a68c0c11f0fc67e3d1e39a"
"dataset/train/epoxy/epoxy_036.jpg","train","epoxy","epoxy_036.jpg",".jpg","5227719","4f7f85ae9e22f90ff18417c5dc4354ef9dc0369973b6e81e956c42482b48c4fd"
"dataset/train/epoxy/epoxy_037.jpg","train","epoxy","epoxy_037.jpg",".jpg","5328323","ac5848fb2b4b861e7924518f148f169b8aa3a94699aef425e384ac58755cd61d"
"dataset/train/epoxy/epoxy_038.jpg","train","epoxy","epoxy_038.jpg",".jpg","4761248","87c19443ac545bbefa79cd80ff9c84da80a169e8e030ad8cf6dbf7815acbd205"
"dataset/train/epoxy/epoxy_039.jpg","train","epoxy","epoxy_039.jpg",".jpg","4236565","9db8eefc045aea6717c2e214b5457e69a8692bbbd57fa268c981fc7d58329f14"
"dataset/train/epoxy/epoxy_040.jpg","train","epoxy","epoxy_040.jpg",".jpg","5388203","1c8c547a507c9ee0a3ca5d500b20ffae5e559fc80192d0041343a45c27170afc"
"dataset/train/epoxy/epoxy_041.jpg","train","epoxy","epoxy_041.jpg",".jpg","5147211","12ddfca9071c0950462c0237f7f110f9a4ec3c63f4ac88d8dcc6855e2447568f"
"dataset/train/epoxy/epoxy_042.jpg","train","epoxy","epoxy_042.jpg",".jpg","4950854","154d032e82ec5711fecea7c1cf680b0b7373dfb12f23b861a680fd1823ddebdb"
"dataset/train/epoxy/epoxy_043.jpg","train","epoxy","epoxy_043.jpg",".jpg","4555493","ac93ae26692a192611440e0899794659a97aee43d4fcc69a4e3775d28b45bd81"
"dataset/train/epoxy/epoxy_044.jpg","train","epoxy","epoxy_044.jpg",".jpg","4708113","b6f5e76fc2f4be683d5006940dfd6591088dce105e7c2f926ab811abf420c636"
"dataset/train/epoxy/epoxy_045.jpg","train","epoxy","epoxy_045.jpg",".jpg","4862462","8bfd3e069cd349be2d47acb116cb510eb2fd7b654d8233d8a320f3f61d8ac32d"
"dataset/train/epoxy/epoxy_046.jpg","train","epoxy","epoxy_046.jpg",".jpg","4519790","f7fd150db23fd6f60fd5803bec7398c9f9d828642b78735a3f8a361a0dd04e3e"
"dataset/train/epoxy/epoxy_047.jpg","train","epoxy","epoxy_047.jpg",".jpg","4019161","9aa09456ee19fbea6c8adaee27b3335ba7050231ab9843df9fa44f80a7638b8c"
"dataset/train/epoxy/epoxy_048.jpg","train","epoxy","epoxy_048.jpg",".jpg","4734569","86a88a361667e1f3108cc19c43c5c0af9bbfdac0b62ce123e5c418c85e05cca3"
"dataset/train/epoxy/epoxy_049.jpg","train","epoxy","epoxy_049.jpg",".jpg","4801691","9ddaca6c4edb5429b83d730cc9c1cf77f7c703ede4477699b71137f4396eb2ba"
"dataset/train/epoxy/epoxy_050.jpg","train","epoxy","epoxy_050.jpg",".jpg","4287411","fa0930e24b7e46606edcf1bbc73c9ec85769b55e2d7d825b998e92ca1bbe9376"
"dataset/train/epoxy/epoxy_051.jpg","train","epoxy","epoxy_051.jpg",".jpg","4442239","15caf24cd354c5d76688b11181239e85d516c5c88889d53885b2261ea916198c"
"dataset/train/epoxy/epoxy_052.jpg","train","epoxy","epoxy_052.jpg",".jpg","3713809","7eaf797f028fe531f3abd0638879a2c81287b06d3eb9792c90a84e947a9dad7a"
"dataset/train/epoxy/epoxy_053.jpg","train","epoxy","epoxy_053.jpg",".jpg","4513923","f29b3f17081e9f50572805f85eaba5a142babe3b6e06c68ee472deb65c91c465"
"dataset/train/epoxy/epoxy_054.jpg","train","epoxy","epoxy_054.jpg",".jpg","4607942","d9ee180eda30ef45652255041e011ebc0b2c375b8912e894441278c627eaecce"
"dataset/train/epoxy/epoxy_055.jpg","train","epoxy","epoxy_055.jpg",".jpg","4899807","42682d17b7026440ce241eb10836a3bcd796c52961ed9135cf7beefb2afd4d52"
"dataset/train/epoxy/epoxy_056.jpg","train","epoxy","epoxy_056.jpg",".jpg","4994731","cd6576c7e86b3422e170803439b334df080634e4a198c32cbf0ba5b5a875ca36"
"dataset/train/epoxy/epoxy_057.jpg","train","epoxy","epoxy_057.jpg",".jpg","5348449","af78bd5b6d355ed27c1e57fbdc3a337eba8eae1048f2cd5d3b4f96c40697ad17"
"dataset/train/epoxy/epoxy_058.jpg","train","epoxy","epoxy_058.jpg",".jpg","5276322","f26fe4c332892fba07ec12d8529b89445192772f396dfd917d3fe13940f0f603"
"dataset/train/epoxy/epoxy_059.jpg","train","epoxy","epoxy_059.jpg",".jpg","4222193","ea53c86a68b42fa4e41ce30e403b126f10d1e8d238d4b0feb00169f83707dace"
"dataset/train/epoxy/epoxy_060.jpg","train","epoxy","epoxy_060.jpg",".jpg","4061431","1ff6e2c64a72cbeb6a51f34bbb938bbf359b527cf59af45e00e6fd1c4d0384fd"
"dataset/train/epoxy/epoxy_061.jpg","train","epoxy","epoxy_061.jpg",".jpg","5202818","e5334b7862298dad6034b14d3e91a8f0ecd89e00b286730d32e1e9f37d18d84a"
"dataset/train/epoxy/epoxy_062.jpg","train","epoxy","epoxy_062.jpg",".jpg","4995819","21bd70a2898c427bff52d76c509a699b070a876d31eddc9bab6aeaa2e39a0ce7"
"dataset/train/epoxy/epoxy_063.jpg","train","epoxy","epoxy_063.jpg",".jpg","4994147","d5fec11f3e04e908afdcfa61cbd8edae5b97d1a23f9b15441ea75a969b058d95"
"dataset/train/epoxy/epoxy_064.jpg","train","epoxy","epoxy_064.jpg",".jpg","4267308","86d4feb3a2a4f22770f4a38987a22869e253c2fd596b0e99a37ce2ff9845fdd2"
"dataset/train/epoxy/epoxy_065.jpg","train","epoxy","epoxy_065.jpg",".jpg","4787495","11d633ca93d2ae60f3f79d4e40a4a79c0d0abfa87d57ec2b6434f4bac19fbd5f"
"dataset/train/epoxy/epoxy_066.jpg","train","epoxy","epoxy_066.jpg",".jpg","3734314","08f136e6d556dd0361152ef7fe53a10f64cc95830192766557b474a78a451e01"
"dataset/train/epoxy/epoxy_067.jpg","train","epoxy","epoxy_067.jpg",".jpg","5113492","bcf5e0248ab5e344309d266ecb2467479d400744ae324b1faa58235dd8bbe916"
"dataset/train/epoxy/epoxy_068.jpg","train","epoxy","epoxy_068.jpg",".jpg","4281437","89897471577f248fd4c07e64fd259ad1fffdf20d6c0da7f5838767bad7926be0"
"dataset/train/epoxy/epoxy_069.jpg","train","epoxy","epoxy_069.jpg",".jpg","4617654","52fe007ce16cfc158e546628be0d1b0b91b255683b73f9cf7cb31ceb20bb19cd"
"dataset/train/epoxy/epoxy_070.jpg","train","epoxy","epoxy_070.jpg",".jpg","5114532","8357d3126b6ec6d082be7d42679ecc0b2d0d0625b9168d71395f99cb714c8be9"
"dataset/train/epoxy/epoxy_071.jpg","train","epoxy","epoxy_071.jpg",".jpg","5486934","4f935c734152badba62c2ac4150a3cd0f8ab53fedec26fe9741da85083522b93"
"dataset/train/epoxy/epoxy_072.jpg","train","epoxy","epoxy_072.jpg",".jpg","4425594","44619f52886780ffa0eb8c80c17f74a29256cb2886bbbd248ff0a8743489eedc"
"dataset/train/epoxy/epoxy_073.jpg","train","epoxy","epoxy_073.jpg",".jpg","4561246","aed057f5020dd6826da3cf37b10ae9f902e99c31af17db1b2c55c0aebcd1485c"
"dataset/train/epoxy/epoxy_074.jpg","train","epoxy","epoxy_074.jpg",".jpg","4460767","a4ad08c0de5a19343720d53157c416250a18add1b57de5bd5c99be30e4931c49"
"dataset/train/epoxy/epoxy_075.jpg","train","epoxy","epoxy_075.jpg",".jpg","4819550","d045917d8df51845b8a8654439c7ac88469f905cc450f978579c81136c7d0c1f"
"dataset/train/epoxy/epoxy_076.jpg","train","epoxy","epoxy_076.jpg",".jpg","5540171","bf33fb716ab4fcdae38d94944893e803c9d5f45a99ce644bbb08d5da0747955c"
"dataset/train/epoxy/epoxy_077.jpg","train","epoxy","epoxy_077.jpg",".jpg","4668911","802f3f87765640c522e9b803d01a323f48bc2ebd35dc2c7d0124b2a89aa157b5"
"dataset/train/epoxy/epoxy_078.jpg","train","epoxy","epoxy_078.jpg",".jpg","4620178","2ffe706f9222a29c0098c73c8052d844ee66548e8a808552645ea5e6c5df2b91"
"dataset/train/epoxy/epoxy_079.jpg","train","epoxy","epoxy_079.jpg",".jpg","4389473","7051b3442ef87cdb6393ae82e9ac9690b0885907983bdb4c5f639c06ad84dbd7"
"dataset/train/epoxy/epoxy_080.jpg","train","epoxy","epoxy_080.jpg",".jpg","4840755","220814c1b24067bece3eaf380db8f67e21f0a3f8597050100c29b6ce5b400f7b"
"dataset/train/epoxy/epoxy_081.jpg","train","epoxy","epoxy_081.jpg",".jpg","5772814","a245f9b163b8342755ef0b10e3002d7d2d5ef25e4d4184edee675a6189d764a5"
"dataset/train/epoxy/epoxy_082.jpg","train","epoxy","epoxy_082.jpg",".jpg","4592078","d9fffcf93f00077dc24d73ee7161224ca28f9158494ba4c6c5ea36e70a6e8e07"
"dataset/train/epoxy/epoxy_083.jpg","train","epoxy","epoxy_083.jpg",".jpg","4501670","2d06352cb4e1d6e83edfe051f42e0fb29acd2f93ee4d9067d3034071109a88d8"
"dataset/train/epoxy/epoxy_084.jpg","train","epoxy","epoxy_084.jpg",".jpg","4477581","b453923d07c71534a1a1c9e539487236562576c29de74c7105bb7a7eec61f255"
"dataset/train/epoxy/epoxy_085.jpg","train","epoxy","epoxy_085.jpg",".jpg","4556231","97f16ad3fd61f04d3de9396cb9860a5afd72cce6e0052e0e610558b1b548ea43"
"dataset/train/epoxy/epoxy_086.jpg","train","epoxy","epoxy_086.jpg",".jpg","4745727","fde313cdc0749bd00c14cc6a50ac8324da59f5d0eb92d4595c1f95df225432a9"
"dataset/train/epoxy/epoxy_087.jpg","train","epoxy","epoxy_087.jpg",".jpg","4738054","e1fd214203ee035ff9a17c18130bb71ef03f459e29f5fb98f3c96fd01e3bc760"
"dataset/train/epoxy/epoxy_088.jpg","train","epoxy","epoxy_088.jpg",".jpg","5247147","f861d51964dc2fba17ab4bd301998cbe2ea91a9496723af694746744218f5abf"
"dataset/train/epoxy/epoxy_089.jpg","train","epoxy","epoxy_089.jpg",".jpg","4991765","cd09331429dd5d78db939522cfae49e2489de506d2c8fce44946d624802ffd29"
"dataset/train/epoxy/epoxy_090.jpg","train","epoxy","epoxy_090.jpg",".jpg","4875390","e3351ebb2c6bfa6e682112bbaa1ceadc4195f1e7ae6bacd092c9f7e7051e6eef"
"dataset/train/epoxy/epoxy_091.jpg","train","epoxy","epoxy_091.jpg",".jpg","4800953","56b2652794a1c51bcfdcd3c4bd6ba31965d1383b2499f6b32a764082825af645"
"dataset/train/epoxy/epoxy_092.jpg","train","epoxy","epoxy_092.jpg",".jpg","4958367","a89c9cd8d8c2e8d781c5156e3fedcb222b42c85b91f93eb83837afdc32818e8c"
"dataset/train/epoxy/epoxy_093.jpg","train","epoxy","epoxy_093.jpg",".jpg","5300560","a77c78c508175bd48b2da2be5c02db876cee6452c75f3bfd644ff221ee869d41"
"dataset/train/epoxy/epoxy_094.jpg","train","epoxy","epoxy_094.jpg",".jpg","4902219","3ffee4954e99de03795e58431bda2601dd0ffee8d643a28841647e118b6d332e"
"dataset/train/epoxy/epoxy_095.jpg","train","epoxy","epoxy_095.jpg",".jpg","4668390","ced3596d5f360bcea05528edf822fd89bcc84c920684fe9a46c337a44037b6a1"
"dataset/train/epoxy/epoxy_096.jpg","train","epoxy","epoxy_096.jpg",".jpg","4977877","3fb83a919038994cbde7f0bcaa28f30e5c8371364b1b0e6d66f5c3a947c715b9"
"dataset/train/epoxy/epoxy_097.jpg","train","epoxy","epoxy_097.jpg",".jpg","4188103","477800dfc1be6b6e0e415b0153e5b195875198986d66e404d08a46ef13425285"
"dataset/train/epoxy/epoxy_098.jpg","train","epoxy","epoxy_098.jpg",".jpg","4109689","17326977b7b1697bd10dae7814943de186aa91262c55644c1f0f56c09099508f"
"dataset/train/epoxy/epoxy_099.jpg","train","epoxy","epoxy_099.jpg",".jpg","4256111","dc9c9c2fe19afb2d64bbfb05da427b9d70e2bf02d57c0bac1926dd21fa7e37a8"
"dataset/train/epoxy/epoxy_100.jpg","train","epoxy","epoxy_100.jpg",".jpg","3869047","89bf562811bfcb9278a5fdc4c7e3d5af4d8acb06416b94db1c04601da5073c56"
"dataset/train/epoxy/epoxy_101.jpg","train","epoxy","epoxy_101.jpg",".jpg","3444912","bd05911d42464dd87627da50baabc4697a1e8ab2bed75f48bdcfb70faef8acba"
"dataset/train/epoxy/epoxy_102.jpg","train","epoxy","epoxy_102.jpg",".jpg","2877542","fb4be183df2eb45140fef28fa474db05dadc22e912b15d8529dbd7da15929a73"
"dataset/train/epoxy/epoxy_103.jpg","train","epoxy","epoxy_103.jpg",".jpg","4518073","2cccf84bd131f5619361acd1ded5d071f5d8d21754ecf8571e0bdebfe0a6efec"
"dataset/train/epoxy/epoxy_104.jpg","train","epoxy","epoxy_104.jpg",".jpg","3808561","17d21f27fb2053352efb342f1e54a3b3bfd4185c3493f33903ce236ea02e31ee"
"dataset/train/epoxy/epoxy_105.jpg","train","epoxy","epoxy_105.jpg",".jpg","3286908","6a8e54f397bc10b6f4e59ba3296af7e3eeb2066a32c40fe9ef48c29b8ccf95df"
"dataset/train/epoxy/epoxy_106.jpg","train","epoxy","epoxy_106.jpg",".jpg","4134103","92ee5d0b9f3bfd1d3b5da44d4571af60d303a41a6e84b9f7f3dfa3425b48f520"
"dataset/train/epoxy/epoxy_107.jpg","train","epoxy","epoxy_107.jpg",".jpg","4589505","c6f317cf2934d2a50bfdc5615f9c6bb6687e127b01839d411e00e23bae7e32d1"
"dataset/train/epoxy/epoxy_108.jpg","train","epoxy","epoxy_108.jpg",".jpg","4039655","461e691c9aeaea74f32a5a0232c9152295726443c7dc72a6b616eb79c8622235"
"dataset/train/epoxy/epoxy_109.jpg","train","epoxy","epoxy_109.jpg",".jpg","3987304","7b8e8bfc7ac807a97dae62cda59635e83f52d8da01a933e77dbe513ef7722989"
"dataset/train/epoxy/epoxy_110.jpg","train","epoxy","epoxy_110.jpg",".jpg","3867065","624a038eb142a318dc99fdb9084d35c578ff4f30154f41fad28859fa6319a0ed"
"dataset/train/epoxy/epoxy_111.jpg","train","epoxy","epoxy_111.jpg",".jpg","4185515","51f8e7ced2c8c3904df58a75e993d5e4db394117ff860d564b939e187f3e2ac0"
"dataset/train/epoxy/epoxy_112.jpg","train","epoxy","epoxy_112.jpg",".jpg","4083972","033260620f4ce586089124cbdaf019d18655e852a3896d38841165185378c5ff"
"dataset/train/epoxy/epoxy_113.jpg","train","epoxy","epoxy_113.jpg",".jpg","4234109","5c5c0f71ac51c6982aedee5a71614e3005973592df223b24829103e68081c89b"
"dataset/train/epoxy/epoxy_114.jpg","train","epoxy","epoxy_114.jpg",".jpg","4486257","fe83f48c7a676f51366f8895321156c5ea3240b9497d06cd127671d6955b7a2b"
"dataset/train/epoxy/epoxy_115.jpg","train","epoxy","epoxy_115.jpg",".jpg","4436032","b22c35d737f9000f0484a0b7c2b38279433523dcddffe2db1b1ff216527fa86f"
"dataset/train/epoxy/epoxy_116.jpg","train","epoxy","epoxy_116.jpg",".jpg","4398123","eefb2c75b53409361ee411cd791198e0c20e7fed94da0ad7de46855a002afc8b"
"dataset/train/epoxy/epoxy_117.jpg","train","epoxy","epoxy_117.jpg",".jpg","4570262","5a05a0953a721dcabfbe747397d663a4e9d3b8ee48c73de514cfe68eee1d6e66"
"dataset/train/epoxy/epoxy_118.jpg","train","epoxy","epoxy_118.jpg",".jpg","4363402","b143177e548d6d0e0d5d2a8902b3f53d062c85ec2c013fad52215c4b199e7d10"
"dataset/train/epoxy/epoxy_119.jpg","train","epoxy","epoxy_119.jpg",".jpg","4395471","9aa6643bb4b93ace32de37733abb01097b7bc472875309004e1e4b34ae3c7eb2"
"dataset/train/epoxy/epoxy_120.jpg","train","epoxy","epoxy_120.jpg",".jpg","4239218","b692f4b2bffab67c391e90b06ccc5baddd9f8d308f3fa339c7e9c3d6296a61b2"
"dataset/train/epoxy/epoxy_121.jpg","train","epoxy","epoxy_121.jpg",".jpg","4134522","e988b23c4de01ac2ebe258bc2fa98e5b0d7c06435d6e48f8fd1bfa67ae62e92d"
"dataset/train/epoxy/epoxy_122.jpg","train","epoxy","epoxy_122.jpg",".jpg","4345088","a8b3efd3bc2c28942b742cf84dab90ea2451c46f43acdc1546478afc7e096074"
"dataset/train/epoxy/epoxy_123.jpg","train","epoxy","epoxy_123.jpg",".jpg","5676526","49158b63a0295207540f0fa47643cac31176595b78a10d1425d496cc4f1b862c"
"dataset/train/epoxy/epoxy_124.jpg","train","epoxy","epoxy_124.jpg",".jpg","5145710","78da55754befa54fdfc52f53ac95bb4d9be5430d427697016da0af28267fe3c6"
"dataset/train/epoxy/epoxy_125.jpg","train","epoxy","epoxy_125.jpg",".jpg","4672463","c5e60d1e886335af2e38396d3a9432a33dbb58124aaa38db5bee7a64d56b1a84"
"dataset/train/epoxy/epoxy_126.jpg","train","epoxy","epoxy_126.jpg",".jpg","4710290","82b22655d2c24152869084b46ef60dc4683dd65cfaff43d6813a42d1141e7370"
"dataset/train/epoxy/epoxy_127.jpg","train","epoxy","epoxy_127.jpg",".jpg","4231252","f5b8e7fc95c27baf16629a47ca4f165fd5a958528a24fdd2c087663913b9e8f0"
"dataset/train/epoxy/epoxy_128.jpg","train","epoxy","epoxy_128.jpg",".jpg","4244409","f002461cfabf0ed2eb24e2a1c05bd3ceb69fb0f064b3527bc3d7adb7dbaab64c"
"dataset/train/epoxy/epoxy_129.jpg","train","epoxy","epoxy_129.jpg",".jpg","4355769","cbd44136fd977563d1341a09d711d1bb47b794abe58ac32812d8e95ba5dee7f6"
"dataset/train/epoxy/epoxy_130.jpg","train","epoxy","epoxy_130.jpg",".jpg","4240310","d66c0bbac69e7a69286ccd718b3adf45ef698af8ae0d4915ce7d2d645c5c2ff4"
"dataset/train/epoxy/epoxy_131.jpg","train","epoxy","epoxy_131.jpg",".jpg","4829451","d553dd56443177617b951e0f601fda2c17af3a824941169798f067ac1cf5f3aa"
"dataset/train/epoxy/epoxy_132.jpg","train","epoxy","epoxy_132.jpg",".jpg","4461108","a517b2c98d0b52e1a91cb7fb2529461e6ae14ffd49fc46edf9ca758aba107cb5"
"dataset/train/epoxy/epoxy_133.jpg","train","epoxy","epoxy_133.jpg",".jpg","4381500","ffa11a26d5955a6255669b3cb53900f93e4b0a731082df95096015eb1e49f0ef"
"dataset/train/epoxy/epoxy_134.jpg","train","epoxy","epoxy_134.jpg",".jpg","4493856","b88c254e88d9b64fd817ea84a8ab0ad3dd4b85524269fc89173613a3b18dda63"
"dataset/train/epoxy/epoxy_135.jpg","train","epoxy","epoxy_135.jpg",".jpg","4437739","afe6a09ee06d3334315e0d2a0519ac10078fb64c98e002b7afa7f224bebb3fe2"
"dataset/train/epoxy/epoxy_136.jpg","train","epoxy","epoxy_136.jpg",".jpg","4452128","f53d0ce44534808ec0bf51bad4bc8894b6801a7676e3b998c2cc2b395ad82645"
"dataset/train/epoxy/epoxy_137.jpg","train","epoxy","epoxy_137.jpg",".jpg","4307133","68233169c41eb378c5dbf232372dfa646035a3bc39fecfab0882ddf5f27f1ab8"
"dataset/train/epoxy/epoxy_138.jpg","train","epoxy","epoxy_138.jpg",".jpg","4652392","eff7e54f9308e2a2c20fb96a5b2fa8db8e0cd94d994c1974ca82232b7acd39c2"
"dataset/train/epoxy/epoxy_139.jpg","train","epoxy","epoxy_139.jpg",".jpg","4381074","3f6a92a7ab5b2469dbf5ea0395da570257d369ee9222237f29cfbe7e930e5477"
"dataset/train/epoxy/epoxy_140.jpg","train","epoxy","epoxy_140.jpg",".jpg","4234689","fea12685877d2124a2dfc264d9c79a9fe46d9ae67ae8c5dfc61e833ffefbf99d"
"dataset/train/epoxy/epoxy_141.jpg","train","epoxy","epoxy_141.jpg",".jpg","4344653","0083e3a27c6566af5e7b4fefeb276bbcea4e7fed93b244866a88d84f63bf41f7"
"dataset/train/epoxy/epoxy_142.jpg","train","epoxy","epoxy_142.jpg",".jpg","4587275","f0786dfad792c7509468223e77eee5a3562f3acfb260ab2413a089159174f9fb"
"dataset/train/epoxy/epoxy_143.jpg","train","epoxy","epoxy_143.jpg",".jpg","4434564","e99612d7ab0f43bba53440cd2056b29235c3d8fbad7770f2170e7e20f6783c65"
"dataset/train/epoxy/epoxy_144.jpg","train","epoxy","epoxy_144.jpg",".jpg","4303937","4d904315b7ea8521f4701a62e06daf1451a9aa139c6bd59f8b8bdd5134587d87"
"dataset/train/epoxy/epoxy_145.jpg","train","epoxy","epoxy_145.jpg",".jpg","4094841","ded2ce91344f6d7b30ea69978d5dc5d15cdb956557c4ee4ea17a3971c2118eda"
"dataset/train/epoxy/epoxy_146.jpg","train","epoxy","epoxy_146.jpg",".jpg","4438131","b56ba626b1adf22e29e72fcf129fc826aafb4eae5961714194c13fa0de71879c"
"dataset/train/epoxy/epoxy_147.jpg","train","epoxy","epoxy_147.jpg",".jpg","4348308","000e59479dc4da44b4cf9b7dcfb6b056026b3d00f6437e4f8aa58d300b8dd705"
"dataset/train/epoxy/epoxy_148.jpg","train","epoxy","epoxy_148.jpg",".jpg","4269101","6cf071f1ad02c2d224ba2086dd3b01338d9596a2b672ce6908d28b79ee11d737"
"dataset/train/epoxy/epoxy_149.jpg","train","epoxy","epoxy_149.jpg",".jpg","4181170","aefb7e0f41cddd767e0ecb628c31b8f2b9ffe6cbb2e0948b3b311f984832dfe1"
"dataset/train/epoxy/epoxy_150.jpg","train","epoxy","epoxy_150.jpg",".jpg","4127237","89bb5d0c44ff95da95101c743eb304f97c3f248a84d02e9a40d3232f341b2320"
"dataset/train/epoxy/epoxy_151.jpg","train","epoxy","epoxy_151.jpg",".jpg","4629691","f374d6b83c8d378f50c46dfc3ddd82f243f18c0d5acc024143b62c0d45b8a8de"
"dataset/train/epoxy/epoxy_152.jpg","train","epoxy","epoxy_152.jpg",".jpg","4400272","ac9d34d95aeccf4bcaf94a6e1e851f80185755b43435240d2e4ef45f6743b249"
"dataset/train/epoxy/epoxy_153.jpg","train","epoxy","epoxy_153.jpg",".jpg","4506803","95ec9f2d4738e467f2510604ee8ded02a9952355742379d08a1e62acd71a8768"
"dataset/train/epoxy/epoxy_154.jpg","train","epoxy","epoxy_154.jpg",".jpg","4502979","918529f1e41da43dd734c31851f36f873b366199f4d59241db6300ccda88b92d"
"dataset/train/epoxy/epoxy_155.jpg","train","epoxy","epoxy_155.jpg",".jpg","4523963","fba3abe1ca805e298338b8f097b0b89333d3400a16d32ecf89d48c664963c1f3"
"dataset/train/epoxy/epoxy_156.jpg","train","epoxy","epoxy_156.jpg",".jpg","4187434","1d26e6417a355a6ff7324d9369bdd12cec0520340c9f7aa1a973b0eb3784428b"
"dataset/train/epoxy/epoxy_157.jpg","train","epoxy","epoxy_157.jpg",".jpg","4250167","8a756619eae27e9db762e34a4786325576115f06bcc34240ee033d2874ea2342"
"dataset/train/epoxy/epoxy_158.jpg","train","epoxy","epoxy_158.jpg",".jpg","4205698","796239618cd7259ee5c43f156aea5b1655e5b91f743bb17a1fa816a36718146a"
"dataset/train/epoxy/epoxy_159.jpg","train","epoxy","epoxy_159.jpg",".jpg","4559237","b4092b5a55dc8644ace41e176ccb506569fc7d70a3f9c4ab0bf0e76d76d4c5fa"
"dataset/train/epoxy/epoxy_160.jpg","train","epoxy","epoxy_160.jpg",".jpg","4282869","ecf132ce6dd7534dfb6425924fe7bfb80fbd2c94b900ba75f75e2cf67511614d"
"dataset/train/epoxy/epoxy_161.jpg","train","epoxy","epoxy_161.jpg",".jpg","4299240","43be7fc7b8b43a79da533bf60b0748b6c92294a4cefde47974e85548589534d8"
"dataset/train/epoxy/epoxy_162.jpg","train","epoxy","epoxy_162.jpg",".jpg","4228656","039659efb2f1fa81637beac16531d346916a1d143eba18ed49f92171e8d0f231"
"dataset/train/epoxy/epoxy_163.jpg","train","epoxy","epoxy_163.jpg",".jpg","4306917","d3e675133b4b102324e18b4f2371ae75cb741ee56a02661062fbb8d0fca5c153"
"dataset/train/epoxy/epoxy_164.jpg","train","epoxy","epoxy_164.jpg",".jpg","4432912","7e7f6067c6201928020de12708b93f5234659b6bb1f5723322ef0e259735ea12"
"dataset/train/epoxy/epoxy_165.jpg","train","epoxy","epoxy_165.jpg",".jpg","2688408","1ada3d535583622fcf4a6624d934e56bfeb2226d553f29a112e5aaf0ad5fe6f1"
"dataset/train/epoxy/epoxy_166.jpg","train","epoxy","epoxy_166.jpg",".jpg","4347974","d419dd6615d4740b368820fbdb13b964dcfbbcbc89d9f533bb0d9b95c01e7e4a"
"dataset/train/epoxy/epoxy_167.jpg","train","epoxy","epoxy_167.jpg",".jpg","4210272","23c8f5c9c9ffb8fa93f3b37c618e1d33e318a3cb294e531a54cae8f9f180fe4b"
"dataset/train/epoxy/epoxy_168.jpg","train","epoxy","epoxy_168.jpg",".jpg","2804074","b7bd61f5d1a2a1f2ad938239d5b4826c1149e7aefd10b456b8dc54ae55359455"
"dataset/train/epoxy/epoxy_169.jpg","train","epoxy","epoxy_169.jpg",".jpg","2697543","0eb83526a2392482a03cb47ebd5577992b393e02d7a666acf4efcc4572358593"
"dataset/train/epoxy/epoxy_170.jpg","train","epoxy","epoxy_170.jpg",".jpg","4255877","df8250a218c5df91da62f55d8a4b028b5cdf8096736555f1d30c688920d17e5a"
"dataset/train/epoxy/epoxy_171.jpg","train","epoxy","epoxy_171.jpg",".jpg","4123767","fdacd4250c8b802e94dc104746e22ba1d60e90912bc5ee28457981301aebf22a"
"dataset/train/epoxy/epoxy_172.jpg","train","epoxy","epoxy_172.jpg",".jpg","3804103","c913b581fc5c82d8a49439ace008bf161451ea6ac2cf50fb5a37c7241d3802d7"
"dataset/train/epoxy/epoxy_173.jpg","train","epoxy","epoxy_173.jpg",".jpg","2876109","6867ffb16794ac25477992b16c0bc5a61941d92e907c5933e24989464a2ea6b7"
"dataset/train/epoxy/epoxy_174.jpg","train","epoxy","epoxy_174.jpg",".jpg","4091659","9e8d5a2fa3dbc841b00cc3cb654091292f7f4e35667ed82caf3afcdeb7039554"
"dataset/train/epoxy/epoxy_175.jpg","train","epoxy","epoxy_175.jpg",".jpg","4135077","a6126e5705cec4288adcbb23fe8694c2fb659822ff130fc43dba6e5dbc866382"
"dataset/train/epoxy/epoxy_176.jpg","train","epoxy","epoxy_176.jpg",".jpg","3957874","6c60729f9b2aa51d240a7e12f47eedc140f3602b9997a8b953c044e141ec1629"
"dataset/train/epoxy/epoxy_177.jpg","train","epoxy","epoxy_177.jpg",".jpg","3956535","3cab7cbc4671cda79761257a37e0b194f22cbbb264c9d01482ba397c6e02281b"
"dataset/train/epoxy/epoxy_178.jpg","train","epoxy","epoxy_178.jpg",".jpg","4089749","3092d5043b51f77c3f3d64aee52f7b53e430a32c5df8a10ba26ca1652a96e86f"
"dataset/train/epoxy/epoxy_179.jpg","train","epoxy","epoxy_179.jpg",".jpg","3952905","df228f5cdd02bb397e81e87387a02de3edb530b5a9897eb87da3f8fb4acaa558"
"dataset/train/epoxy/epoxy_180.jpg","train","epoxy","epoxy_180.jpg",".jpg","3943632","bc776c44a174f9d965b2e10e8b191481f75452af3d4f6cbcc07051b9a621a516"
"dataset/train/epoxy/epoxy_181.jpg","train","epoxy","epoxy_181.jpg",".jpg","4307687","2ddeabd50170dab9021140645abdc8bf7206dee2f96ec7504931eb81b479907b"
"dataset/train/epoxy/epoxy_182.jpg","train","epoxy","epoxy_182.jpg",".jpg","4040235","ce790485d14dff6013f457536fed7cb938e2201a4a47ef443453508e11ab8b0a"
"dataset/train/epoxy/epoxy_183.jpg","train","epoxy","epoxy_183.jpg",".jpg","4223135","79edb4dece0f9c7e1bae8bb7225d32708f00ab2fbe9811b67901dccca4159732"
"dataset/train/epoxy/epoxy_184.jpg","train","epoxy","epoxy_184.jpg",".jpg","4331118","d7eb6a70819b45706c3c717e4225a2e001154c58f3a89e5c389cc7abfdc7760b"
"dataset/train/epoxy/epoxy_185.jpg","train","epoxy","epoxy_185.jpg",".jpg","4406999","00321757590ebfac5698162528d52fca669e7736ea1e0a54ae855ff67010f2b1"
"dataset/train/epoxy/epoxy_186.jpg","train","epoxy","epoxy_186.jpg",".jpg","4318619","23f4dd4d1552f60c5a2f785a49a5985c03ea386477d4b5e9bf40de86376cc0b5"
"dataset/train/epoxy/epoxy_187.jpg","train","epoxy","epoxy_187.jpg",".jpg","4127489","35f1b133a0ebf53f1c2231c471053c25d075eccada9b348e486955b604f3394c"
"dataset/train/epoxy/epoxy_188.jpg","train","epoxy","epoxy_188.jpg",".jpg","4494571","cc2bcc503162f84d885210250fa5d70b6c78d0f85f6bbb4f73746765618c52e7"
"dataset/train/epoxy/epoxy_189.jpg","train","epoxy","epoxy_189.jpg",".jpg","4477225","58e2b4b69de50176d6e80b945b0275121addd27e6c3559951a2601ec5e37461d"
"dataset/train/epoxy/epoxy_190.jpg","train","epoxy","epoxy_190.jpg",".jpg","4369813","7efe704f9fe38eb7c563d3886c3988a9278d83fde342adbd94bd3b9b480938fc"
"dataset/train/epoxy/epoxy_191.jpg","train","epoxy","epoxy_191.jpg",".jpg","4356856","740616a0bb920fbcc4c3323ee548fe7065042bb69dbb50a4172da403651420d3"
"dataset/train/epoxy/epoxy_192.jpg","train","epoxy","epoxy_192.jpg",".jpg","4326840","edf7e6eda50b8fc31eb419628283c6cb8f12ed864dc2156ddb0aedc9bace4d9b"
"dataset/train/epoxy/epoxy_193.jpg","train","epoxy","epoxy_193.jpg",".jpg","4273085","d1eea724dc85c13a6a5ed199cafae9be9d572440f0a7cd4ecc8555ae900706f2"
"dataset/train/epoxy/epoxy_194.jpg","train","epoxy","epoxy_194.jpg",".jpg","4403540","6c429a3ee92a9cc41680cab8f00d7c31dcfdb790dd90433833d42fe59c63dcce"
"dataset/train/epoxy/epoxy_195.jpg","train","epoxy","epoxy_195.jpg",".jpg","4609318","27821ff1a13a20053570c388eef16ac45e5a7133c009b10341732279c46f699e"
"dataset/train/epoxy/epoxy_196.jpg","train","epoxy","epoxy_196.jpg",".jpg","4277500","19da902dfb9989a23c4c3fe50503395eaa33da79c4367416a8a304b343d27eee"
"dataset/train/epoxy/epoxy_197.jpg","train","epoxy","epoxy_197.jpg",".jpg","4293096","acec45722e31568918374a9db9c6d90244a6814a54f8a4beecf98dd67e6e5a65"
"dataset/train/epoxy/epoxy_198.jpg","train","epoxy","epoxy_198.jpg",".jpg","4201525","5fe561f555bc128b4e16795d4d96d8348242c58e0123cf5b382640f858b84b1d"
"dataset/train/epoxy/epoxy_199.jpg","train","epoxy","epoxy_199.jpg",".jpg","4477647","f2482b3196005c38673b41b2f9c13d076e45ed2e3645a3b396be99e8b27b94e1"
"dataset/train/epoxy/epoxy_207.jpg","train","epoxy","epoxy_207.jpg",".jpg","4362596","d8a75ca6dd600715d02d659baf4630c2917b58287213949480c79b071754d327"
"dataset/train/epoxy/epoxy_208.jpg","train","epoxy","epoxy_208.jpg",".jpg","4308449","8f9cb2922860002bddbf365bde18f19903a6b0eaa5c8de2f8fb53f159d86f244"
"dataset/train/epoxy/epoxy_215.jpg","train","epoxy","epoxy_215.jpg",".jpg","4324265","74b4e24c38b3bd371dffc8d3cb55d41264dd3d3611a202e1f8a4295c303eff9b"
"dataset/train/epoxy/epoxy_216.jpg","train","epoxy","epoxy_216.jpg",".jpg","4544513","36866937112cacf09b0642ba472246139d293cf3fa38456cbd0819d24836fdd7"
"dataset/train/epoxy/epoxy_222.jpg","train","epoxy","epoxy_222.jpg",".jpg","4659143","2a48ae40c37a8d131910b0e7bb072ed5949122ec9ebc599763f1e1768181fb4a"
"dataset/train/epoxy/epoxy_223.jpg","train","epoxy","epoxy_223.jpg",".jpg","4376450","7bd131fa76624a19689511a4528709f39349e3d5fdd6cabf0d1b398324776e67"
"dataset/train/epoxy/epoxy_224.jpg","train","epoxy","epoxy_224.jpg",".jpg","4546186","be0984b6a8ef106b92a4cdc93cda38e7c55eeff4998534be0787bf315c2476e0"
"dataset/train/epoxy/epoxy_225.jpg","train","epoxy","epoxy_225.jpg",".jpg","4624548","ecb987d76bbef274561e923244c6ab98645a2f8d44cae6cdceb4f55986da2904"
"dataset/train/epoxy/epoxy_226.jpg","train","epoxy","epoxy_226.jpg",".jpg","4386004","d1155411c9731dbfead0a65fc6bab323061f0905a1604b740cda16eab8fb0c5b"
"dataset/train/epoxy/epoxy_227.jpg","train","epoxy","epoxy_227.jpg",".jpg","4275324","c6314fda5861daf612a7275c63c35a42e4fbb1345865b6b8e5e94b1bab1d28cf"
"dataset/train/epoxy/epoxy_228.jpg","train","epoxy","epoxy_228.jpg",".jpg","4301627","114832f4ca30cef7afbb708b3d748cbda62c92c5dfa560c79810913a53d972ff"
"dataset/train/epoxy/epoxy_229.jpg","train","epoxy","epoxy_229.jpg",".jpg","4062350","87740ccdce6786f389cd84dbf439e669f8465269360bccfaf00682d7e132af05"
"dataset/train/epoxy/epoxy_230.jpg","train","epoxy","epoxy_230.jpg",".jpg","3897892","24295eae3ef7d02ab8b7c8ead899554952a03467f9ee55c7e985175a031d09bc"
"dataset/train/epoxy/epoxy_231.jpg","train","epoxy","epoxy_231.jpg",".jpg","3958437","4d454cee5d9327e1126c1010f9879a9f2335ab9acc9e07fbe51692eff89d8f23"
"dataset/train/epoxy/epoxy_232.jpg","train","epoxy","epoxy_232.jpg",".jpg","4034960","fb48b2c4653ee646f10dfeb79cc89154c928a5eeb23adb2d3d1a9e2d695eb74a"
"dataset/train/epoxy/epoxy_233.jpg","train","epoxy","epoxy_233.jpg",".jpg","4112895","aba386347be845def0eed684cf6c9fc33c5f4594ac721816a75406c3c02ba8b3"
"dataset/train/epoxy/epoxy_234.jpg","train","epoxy","epoxy_234.jpg",".jpg","3926361","84c50c45ad724c231e53b9c8caefc8d7fe3e133220f1dd629ac626dab4d480d0"
"dataset/train/epoxy/epoxy_235.jpg","train","epoxy","epoxy_235.jpg",".jpg","4235134","839d6f09535606c7c08efbb982485e1287f4d6bd02ac5f816b4e9aa6e6acac4b"
"dataset/train/epoxy/epoxy_236.jpg","train","epoxy","epoxy_236.jpg",".jpg","4178756","f16c92a07ab6b58946da038be15ad427efbaadb7cf2bd6149954f78de4b333fb"
"dataset/train/epoxy/epoxy_237.jpg","train","epoxy","epoxy_237.jpg",".jpg","4203669","8deabcb2d9ce1f31af6c7429d2cd51c76114c6121ec560dc44cae869ed5a91f6"
"dataset/train/epoxy/epoxy_238.jpg","train","epoxy","epoxy_238.jpg",".jpg","4070117","90f54f7a689bf4d1ab3423ca627074ce7c150890ace3f0ea5b8e7d8ece06ba4c"
"dataset/train/epoxy/epoxy_239.jpg","train","epoxy","epoxy_239.jpg",".jpg","4300883","898b90cf2afe5f9ccb531a3f5ffd5a5621c006933a5ef2bf751d232558429523"
"dataset/train/epoxy/epoxy_240.jpg","train","epoxy","epoxy_240.jpg",".jpg","4314420","2add5c4ef2ab129eaaf2312aaf4511ddaccfe0a820dae543d755120610ee1457"
"dataset/train/epoxy/epoxy_241.jpg","train","epoxy","epoxy_241.jpg",".jpg","4248866","798dec0b450f2827a6fa6e22866b6d6877e85cfae65c2fcf9c510a0ab073b9bf"
"dataset/train/epoxy/epoxy_242.jpg","train","epoxy","epoxy_242.jpg",".jpg","4266364","e137436f76e16a23e6f2964d691cdbe22ed0b57432c9c9075f7dca40c9582335"
"dataset/train/epoxy/epoxy_243.jpg","train","epoxy","epoxy_243.jpg",".jpg","3827261","d58d3bc4d2eb8cff5a2d9afcd11c899584e43a79dd5cbdad7c5aa1d0bf7edbb1"
"dataset/train/epoxy/epoxy_244.jpg","train","epoxy","epoxy_244.jpg",".jpg","3869856","0f3bffa73bd9e2276d27c684f9aeee99975bf15edad137aab69b1278db304958"
"dataset/train/epoxy/epoxy_245.jpg","train","epoxy","epoxy_245.jpg",".jpg","4386383","472c942dd98edfc1d2abbd45cdd3982c95640d8fa50f7db0ff674761d5a10c57"
"dataset/train/epoxy/epoxy_246.jpg","train","epoxy","epoxy_246.jpg",".jpg","4346944","52bc97213bcc21b28311a51b68df3396e6508acc298a1cdc0be6402b32c8d86e"
"dataset/train/epoxy/epoxy_247.jpg","train","epoxy","epoxy_247.jpg",".jpg","4472775","6fba35345b098f4c270c90f0bb72585b194f215de73b271f327291f5d00e59c8"
"dataset/train/epoxy/epoxy_248.jpg","train","epoxy","epoxy_248.jpg",".jpg","4088711","970116acdc6a1fc74f5a185bf4f9b907d256d2200198d80ff337af279c49bdcc"
"dataset/train/epoxy/epoxy_249.jpg","train","epoxy","epoxy_249.jpg",".jpg","4614439","fe79769c3ce4cf6652436cd72c9b97b7745c92ba045681310ba0d2dd95b573fb"
"dataset/train/epoxy/epoxy_250.jpg","train","epoxy","epoxy_250.jpg",".jpg","4324321","ee134229ad0eab69cddaedda344f9caa3ac5d7e7d306b9a2b586f5b0832a828d"
"dataset/train/epoxy/epoxy_251.jpg","train","epoxy","epoxy_251.jpg",".jpg","4355914","68d637a416830a526fa4a456752f530eb149d6919049d7d4ce9e122c6d4ccc31"
"dataset/train/epoxy/epoxy_252.jpg","train","epoxy","epoxy_252.jpg",".jpg","4256271","21ee8b5f453ad652072ceb339c155f5b3b61fa83e6503b77204a337a7fb6d58b"
"dataset/train/epoxy/epoxy_253.jpg","train","epoxy","epoxy_253.jpg",".jpg","4076377","93e1c9ff299e61a6564bde741c21c6d1c4d5c883c67f8f3110bddac8dffb44c2"
"dataset/train/epoxy/epoxy_254.jpg","train","epoxy","epoxy_254.jpg",".jpg","4213185","3d83cc24e56a823b98b5b38d2f82bb3f337fc14ac75ce204246f058e9c62ed08"
"dataset/train/epoxy/epoxy_255.jpg","train","epoxy","epoxy_255.jpg",".jpg","4296776","1699d029b739a142b19adee3feb31afa92460b3272a089b4f54f972c0e901a68"
"dataset/train/epoxy/epoxy_256.jpg","train","epoxy","epoxy_256.jpg",".jpg","4506156","443d37910b541f00d14033fa2f8bbcaf0ad5bccdca9387ed4edfb89f257611fc"
"dataset/train/epoxy/epoxy_257.jpg","train","epoxy","epoxy_257.jpg",".jpg","4405542","80e7a1f7bfc6cf67c0c624416c4bd591366cc34becafee91e183c49edb9c9466"
"dataset/train/epoxy/epoxy_258.jpg","train","epoxy","epoxy_258.jpg",".jpg","4264494","7a48f5a5c8e12865c93d9e5e2a6e22b679e7b8abf3a70a6f3e8259eaa841d5e4"
"dataset/train/epoxy/epoxy_259.jpg","train","epoxy","epoxy_259.jpg",".jpg","4503163","ef69a2daa15c13bd490167ea55a39aa7a1f83445374eae2fdcb57081e210111d"
"dataset/train/epoxy/epoxy_260.jpg","train","epoxy","epoxy_260.jpg",".jpg","4274302","63093e74f68114a2224eab5abd363a94beb71ba8aa71c3284a0b7b9de497664e"
"dataset/train/epoxy/epoxy_261.jpg","train","epoxy","epoxy_261.jpg",".jpg","4177412","ea04ecdce24c87c53aa0cc682089068f8bc9c40a45a35b1d9cb010fbf65f5e93"
"dataset/train/epoxy/epoxy_262.jpg","train","epoxy","epoxy_262.jpg",".jpg","3990420","2c912fc1e925568e45ffa3aa6d587c64c817e4d6a736725334a90e2aa42d31e9"
"dataset/train/epoxy/epoxy_263.jpg","train","epoxy","epoxy_263.jpg",".jpg","4366615","a0941f456938fa4420800676d953326f4f4099143ac58b1521b862e0db5dd722"
"dataset/train/epoxy/epoxy_264.jpg","train","epoxy","epoxy_264.jpg",".jpg","4208060","90122715ee1cdcf933d9c9f99a982580a4de11e3fa445a09fec0fc957ae61266"
"dataset/train/epoxy/epoxy_265.jpg","train","epoxy","epoxy_265.jpg",".jpg","4193919","3fe05b5547ebc7e8bce9cddb116d85cb8c6e2c82c8e5ea0e9a228e33522a4519"
"dataset/train/epoxy/epoxy_266.jpg","train","epoxy","epoxy_266.jpg",".jpg","4364378","cd98bbceb7d8b0467388c36a7812885591dbc3b117994733d363c1deaa6bb114"
"dataset/train/epoxy/epoxy_267.jpg","train","epoxy","epoxy_267.jpg",".jpg","4008559","5bb4b39412c3ac7aa5d9e2614e91a3dc9739c3c2146f61177799bd5dbaba3b7c"
"dataset/train/epoxy/epoxy_268.jpg","train","epoxy","epoxy_268.jpg",".jpg","3969048","42b5c32b5586c3e53c6b47b36b8be9c88a3ef6949ce1a298a385d45021e25b8b"
"dataset/train/epoxy/epoxy_269.jpg","train","epoxy","epoxy_269.jpg",".jpg","4125885","ac6c05ff9009da5aff47723e8f6626285b479e72a164701718efd96d5b972df7"
"dataset/train/epoxy/epoxy_270.jpg","train","epoxy","epoxy_270.jpg",".jpg","4091573","777e8e2de708b6e6937e391b11f6de0def960bdd7b6cc8110a98276faba14616"
"dataset/train/epoxy/epoxy_271.jpg","train","epoxy","epoxy_271.jpg",".jpg","4498613","5657556c48b91bebacf9e63ad4e651c33a1385e11d93e960ebe01b0c350a57f0"
"dataset/train/epoxy/epoxy_272.jpg","train","epoxy","epoxy_272.jpg",".jpg","4460766","894b5656021a5bb6e96941c8ec1d5bf382c538ab764e2cb89152cf4c3a5ec69f"
"dataset/train/epoxy/epoxy_273.jpg","train","epoxy","epoxy_273.jpg",".jpg","4687158","b1720ace70809efb03558892ce8da7bef818315dc5049e596e70d4fa9756f0cc"
"dataset/train/epoxy/epoxy_274.jpg","train","epoxy","epoxy_274.jpg",".jpg","4434649","6a9f557dd76a4819cd1b7f467dc8701275d63dcc1bac8ae17af457c299ce1cbb"
"dataset/train/epoxy/epoxy_275.jpg","train","epoxy","epoxy_275.jpg",".jpg","5179468","00dd531ff64e1004176db6d5f3ec05976ad712ac08ec024ef101edd202a806d2"
"dataset/train/epoxy/epoxy_276.jpg","train","epoxy","epoxy_276.jpg",".jpg","4140392","6acdd2e3c01141ccbb79945558dd19c855385dae74411c799b05d35efd881a74"
"dataset/train/epoxy/epoxy_277.jpg","train","epoxy","epoxy_277.jpg",".jpg","3805645","aafa99f813bd9f3fd84f1aef503f4fcecbafc3078eb482ff07fdd871ae4064bc"
"dataset/train/epoxy/epoxy_278.jpg","train","epoxy","epoxy_278.jpg",".jpg","4332128","a82eba963ef5f7e37d1d1f5e465a48f565486f4eb1114b569da82ce82d99b94d"
"dataset/train/epoxy/epoxy_279.jpg","train","epoxy","epoxy_279.jpg",".jpg","4381756","c774628afa251878a37e8b87f190877deadc8c3f935bd72cf4bcb8ba0ad03f13"
"dataset/train/epoxy/epoxy_280.jpg","train","epoxy","epoxy_280.jpg",".jpg","4604295","fc84c4d3f502ad8e8385310c5c9e34c824f34916a05fd9a6d617a1be8f737a0b"
"dataset/train/epoxy/epoxy_281.jpg","train","epoxy","epoxy_281.jpg",".jpg","4374967","1ce4fe0196b29c29d5d85061f99d098a0445a37eaee858e45af9a05d2efbc746"
"dataset/train/epoxy/epoxy_282.jpg","train","epoxy","epoxy_282.jpg",".jpg","4530054","249c22c201b6a5e6f1c00568bc738196f9d8443bca4bc25a58b47f86e71677c5"
"dataset/train/epoxy/epoxy_283.jpg","train","epoxy","epoxy_283.jpg",".jpg","4737129","cbba8abdd4a5bedf03aa83ba78b2cde6f670fc4285c931215d6a5ad750116488"
"dataset/train/epoxy/epoxy_284.jpg","train","epoxy","epoxy_284.jpg",".jpg","4451858","92c5a8d1098f0c894624d1dc1f5733280ff89735a905b9e7f6360cd27cf852d3"
"dataset/train/epoxy/epoxy_285.jpg","train","epoxy","epoxy_285.jpg",".jpg","4553969","434df9de6e4d8cf2a13aaa637771f10c7c66b2d65a8d04804eee71552f94dde9"
"dataset/train/epoxy/epoxy_286.jpg","train","epoxy","epoxy_286.jpg",".jpg","4054944","3615e682b40faf162880b731c07f22645678d9dbde40ef325ace5b98f496b8a5"
"dataset/train/epoxy/epoxy_287.jpg","train","epoxy","epoxy_287.jpg",".jpg","4361345","8af4eb4439fa2db76715440ca078aa87cf46d8ea427404991f798bbc9d68baac"
"dataset/train/epoxy/epoxy_288.jpg","train","epoxy","epoxy_288.jpg",".jpg","4537526","71edea9fb8292cd6a5f8b16a8d6d44dd0342c9d433144fdac8c21ea66611189a"
"dataset/train/epoxy/epoxy_289.jpg","train","epoxy","epoxy_289.jpg",".jpg","4493249","2c170db9789cf555b8f86e3fb687c4735c9e122aa36bf735f12b061ca2df227c"
"dataset/train/epoxy/epoxy_290.jpg","train","epoxy","epoxy_290.jpg",".jpg","4658087","b57f70bcec8da175c3637e6941f5e47f923d7f47c6ec127bcdf4f03ce9d4783d"
"dataset/train/epoxy/epoxy_291.jpg","train","epoxy","epoxy_291.jpg",".jpg","5153088","448ab1a3b09416bec1217ea07a30cf165db4edb4e5c476082ed3633e16379778"
"dataset/train/epoxy/epoxy_292.jpg","train","epoxy","epoxy_292.jpg",".jpg","4531466","de265654031e8c0c4c7339bc10f4a39849210834fc4eb9d356aa525eb720549d"
"dataset/train/epoxy/epoxy_293.jpg","train","epoxy","epoxy_293.jpg",".jpg","4651332","8c96efdb9f5b9345dfdf1faf4bee4ffc693713e130cda66e3d34e3354ec14417"
"dataset/train/epoxy/epoxy_294.jpg","train","epoxy","epoxy_294.jpg",".jpg","4539017","f6818b1bee0e96b2713a9881132573dd9673060a94b013613cdd6b6821112913"
"dataset/train/epoxy/epoxy_295.jpg","train","epoxy","epoxy_295.jpg",".jpg","4608953","9e8467d855cc22f977fbd5f2a096f7394aed994bfb23cb22c72954ec091b58d0"
"dataset/train/epoxy/epoxy_296.jpg","train","epoxy","epoxy_296.jpg",".jpg","4568700","e3f2a15d3ce237050a4cffdca7f149d9c19e0cbf7a1fb965e781a03e787366b2"
"dataset/train/epoxy/epoxy_297.jpg","train","epoxy","epoxy_297.jpg",".jpg","4220477","89bf10a07e966696bd34f16f92333ab45aa4be362998286d48accadd76f17df2"
"dataset/train/epoxy/epoxy_298.jpg","train","epoxy","epoxy_298.jpg",".jpg","4840689","997928e887f8258ccaabbfc98edb45f428795d0d429c85ca857d57999138b5a2"
"dataset/train/epoxy/epoxy_299.jpg","train","epoxy","epoxy_299.jpg",".jpg","4898147","4651c7f211b6bb8b20f131e8d6b038dd71bed782ce0a96adacbd4f277610620a"
"dataset/train/epoxy/epoxy_300.jpg","train","epoxy","epoxy_300.jpg",".jpg","4388945","804e9965b076dfb60ed11533c90e83613f2931a07a1ec2e95078c6dd5b00f470"
"dataset/train/epoxy/epoxy_301.jpg","train","epoxy","epoxy_301.jpg",".jpg","4547630","7a6cb6a855694dcbeca720f3c50805dca180b822959aa4490fc1b40cfe1fd8c1"
"dataset/train/epoxy/epoxy_302.jpg","train","epoxy","epoxy_302.jpg",".jpg","4748464","b63c4f0a2cd6bcc6b66d28280543940249328f3078b3bdb3452e9f25cffd2519"
"dataset/train/epoxy/epoxy_303.jpg","train","epoxy","epoxy_303.jpg",".jpg","4343680","4c795915fbce7a5a442029626b868526056e3ee71fc3fc6e2f13d6910f23fdc8"
"dataset/train/epoxy/epoxy_304.jpg","train","epoxy","epoxy_304.jpg",".jpg","4254076","7c940cc6ff39ba444376e325a396eacb47b2d2ef2fab00076a9e2bf34c3c16e4"
"dataset/train/epoxy/epoxy_305.jpg","train","epoxy","epoxy_305.jpg",".jpg","3814305","5c3b9d9d6c960d56c11f055cf3034939e0209b60e456516e77f70af3bd013d3b"
"dataset/train/epoxy/epoxy_306.jpg","train","epoxy","epoxy_306.jpg",".jpg","3914510","d4291cc4719c4e741d05e49099838d3519d6639382c37862caadef9eb77d21d5"
"dataset/train/epoxy/epoxy_307.jpg","train","epoxy","epoxy_307.jpg",".jpg","3806314","e278200352187b6efb3ec28508ced12fbefa8ede822c24d50d2bb3a4c77066fa"
"dataset/train/epoxy/epoxy_308.jpg","train","epoxy","epoxy_308.jpg",".jpg","3960799","2f69420be7da1fcd83bb178ca162ba3183bbc8afa1e46bb5f5ddeb2d7ee9a1ef"
"dataset/train/epoxy/epoxy_309.jpg","train","epoxy","epoxy_309.jpg",".jpg","4151422","074e3aeb3fd0bb19fbe2cbfdf916801bfbefc466a2948668720348aa7dcb8787"
"dataset/train/epoxy/epoxy_310.jpg","train","epoxy","epoxy_310.jpg",".jpg","4220386","662d9ba1ff93a52841730dc5a2cddc024542931c7dae3b060479541156449739"
"dataset/train/epoxy/epoxy_311.jpg","train","epoxy","epoxy_311.jpg",".jpg","4565376","0abe7eb282779e10c8f6d6f881e639d90b182beb7d8f63c0680542dffcc9bfe9"
"dataset/train/epoxy/epoxy_312.jpg","train","epoxy","epoxy_312.jpg",".jpg","4192451","3fad24b10121a1c8e8c72aeb9eb332dae437d94beb8dc4175fd15cee8d7a9bea"
"dataset/train/epoxy/epoxy_313.jpg","train","epoxy","epoxy_313.jpg",".jpg","3978841","5ca7b50e023ec299da1bb2233a8f684789a0ad92f0c30722ed1026ba1e4ae964"
"dataset/train/epoxy/epoxy_314.jpg","train","epoxy","epoxy_314.jpg",".jpg","4605604","56ac145a179c3a6c671d7aefae03b7be37b7db6321ae8e4dd8996d52cc516891"
"dataset/train/epoxy/epoxy_315.jpg","train","epoxy","epoxy_315.jpg",".jpg","3899780","082b36301ce660fae3ec47a455781f5a81b766b0768b07109cb11a5dea141415"
"dataset/train/epoxy/epoxy_316.jpg","train","epoxy","epoxy_316.jpg",".jpg","3938739","7c3833aedd7cc37f66e8d733739a1f1974ca39329ec52d5b008daba096c93024"
"dataset/train/epoxy/epoxy_317.jpg","train","epoxy","epoxy_317.jpg",".jpg","4254013","48904be15e8b845618722b4a66f7026f7e06ca3e131861047beaf2797554d4d1"
"dataset/train/epoxy/epoxy_318.jpg","train","epoxy","epoxy_318.jpg",".jpg","4265473","507b725cb6ac421d3e16f4c6b6634c4521e5089a4beeb15a574c1b6d102a70a6"
"dataset/train/epoxy/epoxy_319.jpg","train","epoxy","epoxy_319.jpg",".jpg","4388719","b4d4bad3822db40e31d914927706b31deca25530e8194104c4020905697ac8f4"
"dataset/train/epoxy/epoxy_320.jpg","train","epoxy","epoxy_320.jpg",".jpg","4398012","b14370b4f994d1b09bf8f2d38cdb150102802b4d7dcdd3b2d5c47e5e32c5c0db"
"dataset/train/epoxy/epoxy_321.jpg","train","epoxy","epoxy_321.jpg",".jpg","4165673","bdf577fe24682d9679de09de29e32d524760f752575eac744f1c0062270bb648"
"dataset/train/epoxy/epoxy_322.jpg","train","epoxy","epoxy_322.jpg",".jpg","4275917","aa0f59d6ec3db3455f6e35d330ca94d000c617c58232f864b9db20635827a9b4"
"dataset/train/epoxy/epoxy_323.jpg","train","epoxy","epoxy_323.jpg",".jpg","4543649","18f48b01b160eba1c50dd0cc4c13d1a5bd45d1f1ce4e40cdc30c06cfb46f2b8c"
"dataset/train/epoxy/epoxy_324.jpg","train","epoxy","epoxy_324.jpg",".jpg","4181723","fdfa0eff9b19992a62c66ab9b7e689eca1c13b727790405d8f3f8e492da2e32c"
"dataset/train/epoxy/epoxy_325.jpg","train","epoxy","epoxy_325.jpg",".jpg","4090713","3b4a5cf434a91fb12b9b6e5d4053b11722123bf0524f4e4f92a68153749e5c6d"
"dataset/train/epoxy/epoxy_326.jpg","train","epoxy","epoxy_326.jpg",".jpg","4213264","5c91c5077412f754df132e2e19ddfc05044a965266c9b7aca3572fa432f10f8a"
"dataset/train/epoxy/epoxy_327.jpg","train","epoxy","epoxy_327.jpg",".jpg","4363196","c785805ea78a1d3e367f44a30fde3784e4a1543d0afe9bbb07e68195da09d6da"
"dataset/train/epoxy/epoxy_328.jpg","train","epoxy","epoxy_328.jpg",".jpg","4460752","456adf5d331d70e84487d7b72c35886c48ef232dbaec8723fc7138c5c03e2d9c"
"dataset/train/epoxy/epoxy_329.jpg","train","epoxy","epoxy_329.jpg",".jpg","4318495","88b2d52adc9af68ad368ca819af5463960565cf2cf66d64a5d95c3c1e2f13f50"
"dataset/train/epoxy/epoxy_330.jpg","train","epoxy","epoxy_330.jpg",".jpg","4651941","6e8ba94a93196abc5c2461f5effca8e26be9e6a8445badb1d257904e8da3e797"
"dataset/train/epoxy/epoxy_331.jpg","train","epoxy","epoxy_331.jpg",".jpg","4434579","0b8e95172ce25e1ac9a5a017bc7528ba21ddb61b20987aaf1c8e738df7fd35c1"
"dataset/train/epoxy/epoxy_332.jpg","train","epoxy","epoxy_332.jpg",".jpg","4425335","8477a73b06474e39d8d7efab93d289e069a87925f76a5d41e270037a9c502715"
"dataset/train/epoxy/epoxy_333.jpg","train","epoxy","epoxy_333.jpg",".jpg","4364043","7df8c664b784f44ad6acb0c793fa80b5bad10846af93134efcff7f47fbc0f741"
"dataset/train/epoxy/epoxy_334.jpg","train","epoxy","epoxy_334.jpg",".jpg","4807447","222569b78536ca8a88e58c08406e2a14c12e44f82524bbd37e8c1d79786d93d3"
"dataset/train/epoxy/epoxy_335.jpg","train","epoxy","epoxy_335.jpg",".jpg","2913456","f025938fdbae91289eb35f37283cc1a622140e794c029073f5af38ffb4b96aed"
"dataset/train/epoxy/epoxy_336.jpg","train","epoxy","epoxy_336.jpg",".jpg","4919128","889f1971581858965944cbba6d2a69b775f8aaefa3ee39381c0b28f332927381"
"dataset/train/epoxy/epoxy_337.jpg","train","epoxy","epoxy_337.jpg",".jpg","4289337","0796f5163b6b94df0d4300f3d042cbbb9de8abee4d98cdf59f05be0d8fec94e5"
"dataset/train/epoxy/epoxy_338.jpg","train","epoxy","epoxy_338.jpg",".jpg","4427642","f48f1514d00b8942346b956ceb41623ad2c2a197cc081f613a26caf2d749d766"
"dataset/train/epoxy/epoxy_339.jpg","train","epoxy","epoxy_339.jpg",".jpg","4660935","4f48dfac20ef5ecd28af21ab7ec785e86f70d6baf8e9ef0518033db6695f7162"
"dataset/train/epoxy/epoxy_340.jpg","train","epoxy","epoxy_340.jpg",".jpg","4726860","e40ccfc20526662c62b90ad349ddff98beb12d32bd0460d5edc180c8c1951be8"
"dataset/train/epoxy/epoxy_341.jpg","train","epoxy","epoxy_341.jpg",".jpg","4507598","ed4d621a99141d4b94d9a10f23ad3f9d81692f548bed0436853d63df63fabb78"
"dataset/train/epoxy/epoxy_342.jpg","train","epoxy","epoxy_342.jpg",".jpg","4525742","e6a1aef3abaedc018c4cbfd146a6365f0d15fe610d3b309b02a789b27c335dea"
"dataset/train/epoxy/epoxy_343.jpg","train","epoxy","epoxy_343.jpg",".jpg","4453067","a5c0f78a9b73dba3a235a88c15a8afc178f7727dfed9a9c60a21fce3cc4c99ae"
"dataset/train/epoxy/epoxy_344.jpg","train","epoxy","epoxy_344.jpg",".jpg","4996352","8ecda1cd9dbf80397c9c685426543b66401e7359b5a70268b43af217baf491f7"
"dataset/train/epoxy/epoxy_345.jpg","train","epoxy","epoxy_345.jpg",".jpg","4405163","4c083299b5bc945e4f3d0e075d83fe0fa8d6a0765558a8a1b484ff0df256c4ff"
"dataset/train/epoxy/epoxy_346.jpg","train","epoxy","epoxy_346.jpg",".jpg","4117021","817f2b30b380b32c4d10d4e7749e8b7621c7d4ecbea4d31c767c2c7e9e590ded"
"dataset/train/epoxy/epoxy_347.jpg","train","epoxy","epoxy_347.jpg",".jpg","5053399","4ccaf463d82b22770c35c813cd571344a7d29e1484f884ce0e72104f404c3c57"
"dataset/train/epoxy/epoxy_348.jpg","train","epoxy","epoxy_348.jpg",".jpg","4090406","5cb3fc4fc3bd1f02a8706e3fe843d77beb12b156f5a5dfc22af4d8544d3673be"
"dataset/train/epoxy/epoxy_349.jpg","train","epoxy","epoxy_349.jpg",".jpg","4424002","92fed3b7c16db0a0e582b9a3cbc6eb1068d391f6b40c5043e2a080e316e7fad9"
"dataset/train/epoxy/epoxy_350.jpg","train","epoxy","epoxy_350.jpg",".jpg","4101724","e7466e7c91ff8835581cb98e23b6e08258b4eee93df6b87fab4b42415a2cabbd"
"dataset/train/epoxy/epoxy_351.jpg","train","epoxy","epoxy_351.jpg",".jpg","4277059","298047e42d6e35af0a79110686c5ae75fba987fd8c30b20fed6765d4fcd21487"
"dataset/train/epoxy/epoxy_352.jpg","train","epoxy","epoxy_352.jpg",".jpg","4490560","698a30406be58911fa336b4ea8675aaaae900f799b73e3d6c1a1e0f33dc6998e"
"dataset/train/epoxy/epoxy_353.jpg","train","epoxy","epoxy_353.jpg",".jpg","4627666","53db937d529c6d69b2e47e0c110af57180e741d5060d499e88e1330cd3b7a871"
"dataset/train/epoxy/epoxy_354.jpg","train","epoxy","epoxy_354.jpg",".jpg","4385789","00ead43757e472e2caa23c18d404b89e51c7d348ef5d176bccae44738f6613cb"
"dataset/train/epoxy/epoxy_355.jpg","train","epoxy","epoxy_355.jpg",".jpg","4463481","4c0266f461398e7a4fcea34e08445f41fb1677a83b5bd2571ecf5f393992eeaf"
"dataset/train/epoxy/epoxy_356.jpg","train","epoxy","epoxy_356.jpg",".jpg","4497938","12ed1d92b87b7d335441d6ee82f4c5f6194809dedf944cf9e51f13c4266cfbff"
"dataset/train/epoxy/epoxy_357.jpg","train","epoxy","epoxy_357.jpg",".jpg","4246155","8495e1127699b7ccd639265f7ac63d93d6c8a31af1a1a236d7181ec6e89f2653"
"dataset/train/epoxy/epoxy_358.jpg","train","epoxy","epoxy_358.jpg",".jpg","4254879","d2c13110b86feaed8aae8cd7299bc9da38dbeb61f1ed861cd8e9f5ba58bd5f87"
"dataset/train/epoxy/epoxy_359.jpg","train","epoxy","epoxy_359.jpg",".jpg","4229794","55b0f4d3bf779cee23e0824d3fa280475f3f8beaa24b1fe2b61d30617aad5b13"
"dataset/train/epoxy/epoxy_360.jpg","train","epoxy","epoxy_360.jpg",".jpg","4290905","127796f41b4225e71e84dd2e5f3604e327be867338d6104925efb869af66e350"
"dataset/train/epoxy/epoxy_361.jpg","train","epoxy","epoxy_361.jpg",".jpg","4536701","2098a1ff9a9658aba4dabd14012038081baeae855edd5563bfa162dcb26ff962"
"dataset/train/epoxy/epoxy_362.jpg","train","epoxy","epoxy_362.jpg",".jpg","4193705","c9f80f2ba15dce3c633d5888153922fd7976ca4e4e110ce5c68b09877e5f95c1"
"dataset/train/epoxy/epoxy_363.jpg","train","epoxy","epoxy_363.jpg",".jpg","4341184","1ba331c02a88bdc434566d4056c729642baeb73b03e896507c14623c7d113a1c"
"dataset/train/epoxy/epoxy_364.jpg","train","epoxy","epoxy_364.jpg",".jpg","4335435","c6bf0a7b7c05fd0a70608ff4839acccc374fee17af4e6ba7820bf2c1b8ee25f7"
"dataset/train/epoxy/epoxy_365.jpg","train","epoxy","epoxy_365.jpg",".jpg","3825529","81b2ad3924959974a8fca149d9d5a29b7a5b6a5c3b98e9a7acf32ee643b41ade"
"dataset/train/epoxy/epoxy_366.jpg","train","epoxy","epoxy_366.jpg",".jpg","3892644","313b1a20d8c549e50336e1edf3c109617e332af00177d663a22dea65451c41aa"
"dataset/train/epoxy/epoxy_367.jpg","train","epoxy","epoxy_367.jpg",".jpg","4436391","d77eddef92433bde26c1050f3f843eb4780eadeb5870816986b0dafa8da0e013"
"dataset/train/epoxy/epoxy_368.jpg","train","epoxy","epoxy_368.jpg",".jpg","4415324","fadcbecc31d09718bc62f49ee8f278cad25498150912b40e663e7e87d69844e4"
"dataset/train/epoxy/epoxy_369.jpg","train","epoxy","epoxy_369.jpg",".jpg","4411070","75e97d31fe6ac956c9299963522d96e7a44284497ac5648782500b50e339a0ae"
"dataset/train/epoxy/epoxy_370.jpg","train","epoxy","epoxy_370.jpg",".jpg","4439567","c3dd7972343d000c913d02600a27bc6623a0f4ea50b466765256a428c9c860d8"
"dataset/train/epoxy/epoxy_371.jpg","train","epoxy","epoxy_371.jpg",".jpg","4397313","5e12af67d214220710f0fbd02ce743da43a2dc47027138f56ac0394e3bd57843"
"dataset/train/epoxy/epoxy_372.jpg","train","epoxy","epoxy_372.jpg",".jpg","4182393","15177b2c611329b7991a883b3f8817f770e1ba467168fcc070ffe9c33df72653"
"dataset/train/epoxy/epoxy_373.jpg","train","epoxy","epoxy_373.jpg",".jpg","3677099","144cdf59e8104468d902b55f5bb88142d701a7edd4c5b323b53354694e70e878"
"dataset/train/epoxy/epoxy_374.jpg","train","epoxy","epoxy_374.jpg",".jpg","4302662","beddce7c019ea351738ce228015e4c19078b7471d3a8acf6f933e17fe399fc72"
"dataset/train/epoxy/epoxy_375.jpg","train","epoxy","epoxy_375.jpg",".jpg","4325446","8dd3da1542c185045c00c578611655297456b9626beee431fceb33a29c838fd2"
"dataset/train/epoxy/epoxy_376.jpg","train","epoxy","epoxy_376.jpg",".jpg","4236582","1b270ea932bad0bc77b1c0eb1c7c87a8a8b9c23ef58ccbb4c0a0a2118357cbbd"
"dataset/train/epoxy/epoxy_377.jpg","train","epoxy","epoxy_377.jpg",".jpg","4084855","6819038b63a6e0f9a5edde503fccd6ad4768e43be6721fe484e1c4f80142a6b8"
"dataset/train/epoxy/epoxy_378.jpg","train","epoxy","epoxy_378.jpg",".jpg","4056518","b0a3f9d35a0067136d2bf9368bfe4622738f7d1483aac9d71ad9b9d39e1595ae"
"dataset/train/epoxy/epoxy_379.jpg","train","epoxy","epoxy_379.jpg",".jpg","4455210","40a2608f137f4548466e2e4e022f1b99748bda866a22eff117c9636fd5436dd1"
"dataset/train/epoxy/epoxy_380.jpg","train","epoxy","epoxy_380.jpg",".jpg","4464688","369eb8b1cbf5b55d7ff2492b1516470ce4a0f9e0dcbbf85c9e26ab5d37113385"
"dataset/train/epoxy/epoxy_381.jpg","train","epoxy","epoxy_381.jpg",".jpg","4546717","7e2e5782c7cfd44ede491944c307ba303aa9a90f979a52cae3c574a267e56000"
"dataset/train/epoxy/epoxy_382.jpg","train","epoxy","epoxy_382.jpg",".jpg","4649018","b687a2e1b93016638793703b16182f037fc42bdf05fa91f098ee6c6dcf12cbd3"
"dataset/train/epoxy/epoxy_383.jpg","train","epoxy","epoxy_383.jpg",".jpg","4409897","c5ef4341f4389e2fbfba9edc127ede7926791114b48153197ef2a32aea4c0525"
"dataset/train/epoxy/epoxy_384.jpg","train","epoxy","epoxy_384.jpg",".jpg","4467121","091974b9880174781cbc3879fa7113df61d3a89774877c676e66cda900449806"
"dataset/train/epoxy/epoxy_385.jpg","train","epoxy","epoxy_385.jpg",".jpg","4300250","00d7d61e13e32dd48be7b36f5326a131a55d8509d6f814bfae62e4dd2787b7b2"
"dataset/train/epoxy/epoxy_386.jpg","train","epoxy","epoxy_386.jpg",".jpg","4112727","40346e2e310785e50df788f42f2557cd2e41758fb975ca17543bf10bcffb79d8"
"dataset/train/epoxy/epoxy_387.jpg","train","epoxy","epoxy_387.jpg",".jpg","4344337","a9c7236b07a3b1e6b36237c02746c560e52faf29278785026a44855c685dcd01"
"dataset/train/epoxy/epoxy_388.jpg","train","epoxy","epoxy_388.jpg",".jpg","4166429","5abf12269c98498345749f473cca7bbd4821655d6a738cbedc38f198c2134ac7"
"dataset/train/epoxy/epoxy_389.jpg","train","epoxy","epoxy_389.jpg",".jpg","4497974","7b97b9dac9e919a23b129ed4c4cde6548263ac710f498d3e0667630525153f91"
"dataset/train/epoxy/epoxy_390.jpg","train","epoxy","epoxy_390.jpg",".jpg","4173578","1395164eef6453d658d465b80f339f93c207cc8cbfb023f91e953d6d13b2f40b"
"dataset/train/epoxy/epoxy_391.jpg","train","epoxy","epoxy_391.jpg",".jpg","4137572","2b0c6be59bfcb15358c2ef8f74af56a7dd93c0ba0b1b701f854d2c813b154abb"
"dataset/train/epoxy/epoxy_392.jpg","train","epoxy","epoxy_392.jpg",".jpg","4162222","510a3bb033ef4bae26d7fa1559cd35a3ff33be8cc2548dd4edbae42c22e2718d"
"dataset/train/epoxy/epoxy_393.jpg","train","epoxy","epoxy_393.jpg",".jpg","4480123","d727090fd6451b63348a01c9317ec2729773de2b679b251c9dd16a33a9918347"
"dataset/train/epoxy/epoxy_394.jpg","train","epoxy","epoxy_394.jpg",".jpg","4484542","3d630f915bd8bdf92b309bb987f4b6c4d65a2513443c8f4740f0be1f116a2c77"
"dataset/train/epoxy/epoxy_395.jpg","train","epoxy","epoxy_395.jpg",".jpg","3952052","3edd73ce6f3e9f9ac9acf16aba559308571fe03fabc9e23d364fe6c5e6e116a0"
"dataset/train/epoxy/epoxy_396.jpg","train","epoxy","epoxy_396.jpg",".jpg","4829051","f9e3a9c26e597dafbc19d4d803337ed10883fb1a12e2b9562771a59dba2984f2"
"dataset/train/epoxy/epoxy_397.jpg","train","epoxy","epoxy_397.jpg",".jpg","4035904","bf151af6a0d999ce032905e7809b8e5fbfb786f78d8a936cdb1215c93a2dc2d1"
"dataset/train/epoxy/epoxy_398.jpg","train","epoxy","epoxy_398.jpg",".jpg","3968159","ac98922f5abfbb77568a3b56802743dc6a9eaf5ce56b151aa5d617627b35b30c"
"dataset/train/epoxy/epoxy_399.jpg","train","epoxy","epoxy_399.jpg",".jpg","4377407","e73438cad878bf5883073c309555b4fa8ba7f3ce5ef35c98e6068c8e94149a83"
"dataset/train/epoxy/epoxy_400.jpg","train","epoxy","epoxy_400.jpg",".jpg","3770849","a05ef38c9df245f784038611bcbd626d0361ff034076347ada70fb6e87e63fdf"
"dataset/train/epoxy/epoxy_401.jpg","train","epoxy","epoxy_401.jpg",".jpg","4494629","5c8d2e5e6260de9ba5d861c52797921a29c91d05762eac2205a052c1b3354af6"
"dataset/train/epoxy/epoxy_402.jpg","train","epoxy","epoxy_402.jpg",".jpg","4445316","0b7fcd1cf608d33fad87e5cb0d1a7c08ea4b3c40c34aa6beb5a8496937c01b54"
"dataset/train/epoxy/epoxy_403.jpg","train","epoxy","epoxy_403.jpg",".jpg","4048885","48080df97595db6759df94eb9b3d6c43a7b1dbfc56d41648841c33469c9ace21"
"dataset/train/epoxy/epoxy_404.jpg","train","epoxy","epoxy_404.jpg",".jpg","3774860","e15ba6ed2d31a9b3fa103ef4013a9ec05b75de6c1335b6933ccb90d781e69e6d"
"dataset/train/epoxy/epoxy_405.jpg","train","epoxy","epoxy_405.jpg",".jpg","3501473","7807c927f93c97434088160f19552e92493b688e38f9ad93e0191940c956f440"
"dataset/train/epoxy/epoxy_406.jpg","train","epoxy","epoxy_406.jpg",".jpg","4024985","80b2c38173615b514ffd12008c727291506226ed78f00a056ae61b71d0dc7601"
"dataset/train/epoxy/epoxy_407.jpg","train","epoxy","epoxy_407.jpg",".jpg","4075616","3430c1702de5b4552ce8f023bcf471929a99b9d7d2540d324996657eaa902d9d"
"dataset/train/epoxy/epoxy_408.jpg","train","epoxy","epoxy_408.jpg",".jpg","4543069","2a36c535309abe86a50b1b40646cb9a9a8829b87518223026df6ea314df4dfe7"
"dataset/train/epoxy/epoxy_409.jpg","train","epoxy","epoxy_409.jpg",".jpg","4410781","bf081f3532091da496514a210296af4036ddac2debfd3204d152783b5f9802e1"
"dataset/train/epoxy/epoxy_410.jpg","train","epoxy","epoxy_410.jpg",".jpg","4625296","2f71d97406dea172240f002c8bad8ea313556431de8aa3150950101f6b9589a0"
"dataset/train/epoxy/epoxy_411.jpg","train","epoxy","epoxy_411.jpg",".jpg","4326562","45be15a14d293fc9a2f164df86f3243efb2ce3b75b7c7775d06fd47ec6346125"
"dataset/train/epoxy/epoxy_412.jpg","train","epoxy","epoxy_412.jpg",".jpg","4479778","f2526fd30ff4d0c3053d4475eb909b2d324606753304e33a13718ea08b443982"
"dataset/train/epoxy/epoxy_413.jpg","train","epoxy","epoxy_413.jpg",".jpg","4371445","509d385ccd753558f2316446d989d3c0f922c9223834307cb35848f13580fbe4"
"dataset/train/epoxy/epoxy_414.jpg","train","epoxy","epoxy_414.jpg",".jpg","4500599","c25a00d97b1f1d98caf3bab79c52b6e75b47a2efc0ebae6f5f6c01f2deeba45f"
"dataset/train/epoxy/epoxy_495.jpg","train","epoxy","epoxy_495.jpg",".jpg","4782949","0fcc7dcb8c3ab0720a9197bdbdb5c8d396bd4cf5f4e6cdbd7ff6a26884479758"
"dataset/train/epoxy/epoxy_496.jpg","train","epoxy","epoxy_496.jpg",".jpg","4837135","772f2db024e169e8d3652ac6c50f6fb8686ed4b17723e229c4604e6cb959dd7f"
"dataset/train/epoxy/epoxy_497.jpg","train","epoxy","epoxy_497.jpg",".jpg","5012703","8e20b10f177b6277536752d090b0160f4ab24ef721d053995e2016f3648152c6"
"dataset/train/epoxy/epoxy_498.jpg","train","epoxy","epoxy_498.jpg",".jpg","2975372","bf4708ae24c644b703ed02e379d3298b2262e429d43e597377349f559dd06fb3"
"dataset/train/epoxy/epoxy_499.jpg","train","epoxy","epoxy_499.jpg",".jpg","4631431","3d40d75532ec98b96754854db09d1ac40c93621f237c385b7421b075491e2b48"
"dataset/train/epoxy/epoxy_500.jpg","train","epoxy","epoxy_500.jpg",".jpg","4693290","fcdbf8fcdba3be42c2c4039f3435f5cfd3e3baea221e8d27dd53d5a23f030e96"
"dataset/train/epoxy/epoxy_501.jpg","train","epoxy","epoxy_501.jpg",".jpg","4339381","c2acafc110cbaa2b9778456dc7f133a8a734020ef47c1a78deb718d6ab6b2591"
"dataset/train/epoxy/epoxy_502.jpg","train","epoxy","epoxy_502.jpg",".jpg","4519832","91d93edd273a4355b171960aaa0b186465c8721f13abdd3bec6ca36a1695f5a3"
"dataset/train/epoxy/epoxy_503.jpg","train","epoxy","epoxy_503.jpg",".jpg","4520347","54833b830ddcb293c861c54ff6d9d01602c77d05b7ca08f8c9f903dd039b860b"
"dataset/train/epoxy/epoxy_504.jpg","train","epoxy","epoxy_504.jpg",".jpg","4620671","4d5ab07bda615a2b2fc40bf62fb7d85143bcb6e65e4f101f93598b5439733ceb"
"dataset/train/epoxy/epoxy_505.jpg","train","epoxy","epoxy_505.jpg",".jpg","4602414","c4b2743bfb290a2e7e08d970450c5b86c13f462d5fea47f4b605f1acfc46cec6"
"dataset/train/epoxy/epoxy_506.jpg","train","epoxy","epoxy_506.jpg",".jpg","4595383","cd03fc6a1fab85fb91a6f5adee082ec91247afac5e51cc9e29e99ec8d1ceb558"
"dataset/train/epoxy/epoxy_507.jpg","train","epoxy","epoxy_507.jpg",".jpg","4594458","c2b3973ed7422709374538c0358f6287cf56fc6c5071d51b1e90baff28b6cfa5"
"dataset/train/epoxy/FGUB1717.JPG","train","epoxy","FGUB1717.JPG",".jpg","240863","fb194b7fab57f3df7b4fced66bfb957d3814c46601544b066aba20c9ff84821b"
"dataset/train/epoxy/FSVU1524.JPG","train","epoxy","FSVU1524.JPG",".jpg","196864","1ab2e17e7bd041f1a1db9437bf2ebc9a555f75b4b4363169039dc54fc718d646"
"dataset/train/epoxy/FYGD8914.JPG","train","epoxy","FYGD8914.JPG",".jpg","291252","89604124fcb99ea945a7380a5f8c3604957b7b9448b6af49aafe632e3b13bf27"
"dataset/train/epoxy/GZJF5968.JPG","train","epoxy","GZJF5968.JPG",".jpg","337193","0863b49f8eaf0f6e00c47d78ce44c9780abd6f69c34c2415f3a47fac6695c41d"
"dataset/train/epoxy/HXTP1643.JPG","train","epoxy","HXTP1643.JPG",".jpg","201027","489df5faf789b7b0562b69986fab3adef3d8f83ece1edc24939bdeaf3e7c5087"
"dataset/train/epoxy/IIKO1320.JPG","train","epoxy","IIKO1320.JPG",".jpg","290021","c7f582609bb81e2ea0e3503bb5ee44a74be76f4262ceee41a5cf70fb77f9bc2e"
"dataset/train/epoxy/ILJC1906.JPG","train","epoxy","ILJC1906.JPG",".jpg","297643","729f6d3c1fb812c844258735c258e42d91712d87308183fd1fa23c0c573a9055"
"dataset/train/epoxy/KLSN1691.JPG","train","epoxy","KLSN1691.JPG",".jpg","208688","e4a3fb1b58161f41c52bbfcb78523089eb62f763fceb1a1162d39562859b2363"
"dataset/train/epoxy/KTUC9945.JPG","train","epoxy","KTUC9945.JPG",".jpg","292606","65448bf623b7520c1c683679427aa16883c15efcf355c9ec96f6c514cb3692fa"
"dataset/train/epoxy/LCUN0753.JPG","train","epoxy","LCUN0753.JPG",".jpg","397734","fe0081d76e6cb6eba6ebf888b4d8784b9fb3a2a0b396562f70d62d4f4c25bf48"
"dataset/train/epoxy/LEZW3904.JPG","train","epoxy","LEZW3904.JPG",".jpg","187630","a00a4d852b9a6ae9629e01bf97fd49c5f0df84ece084376be572465adca48f6d"
"dataset/train/epoxy/LIJA1764.JPG","train","epoxy","LIJA1764.JPG",".jpg","317508","c62929eb2299219f8c92849863d33e536d56b4869ef131ce3c6c6ecc60f2402a"
"dataset/train/epoxy/LQOC3384.JPG","train","epoxy","LQOC3384.JPG",".jpg","267099","8b85f83aaef3e22ab35465e405d89a36052349d8c0a40421eb982c2d6f89e80f"
"dataset/train/epoxy/LSSE1314.JPG","train","epoxy","LSSE1314.JPG",".jpg","295561","7dd09792a92c158da3b043863cdcc9b75a40879530f9c42527b9861d8ac7c963"
"dataset/train/epoxy/MCKM6012.JPG","train","epoxy","MCKM6012.JPG",".jpg","211334","4e3b18336c0bf582935ea8f813928075060ff95553915812dfa2c55a0a69893d"
"dataset/train/epoxy/MPCQ2468.JPG","train","epoxy","MPCQ2468.JPG",".jpg","437404","c86827ddf58cde7e730516969590a46c335a0b1dcf79d7f296274235f44ded78"
"dataset/train/epoxy/NKQC3349.JPG","train","epoxy","NKQC3349.JPG",".jpg","193790","9a2ae4ed6ca5d1d22fd2d2e0d86cf287fc0d49d7dc50c99266033bd855c18f14"
"dataset/train/epoxy/PDTJ6106.JPG","train","epoxy","PDTJ6106.JPG",".jpg","193849","a4d5019b8a2d65d2797186892b86977db2260bb3d10b307908089bdc56193608"
"dataset/train/epoxy/PSCN9972.JPG","train","epoxy","PSCN9972.JPG",".jpg","308628","204aa8094ebeb58c669167c8ecfce88293ee20df0e8fa1c4ee2bd69e99188ba2"
"dataset/train/epoxy/QNIU8386.JPG","train","epoxy","QNIU8386.JPG",".jpg","315327","8a55d7872bcdc4ef2c2edc33a9fa6c012b58f317ce9c7fafd1898d4568d466c8"
"dataset/train/epoxy/SBHC5244.JPG","train","epoxy","SBHC5244.JPG",".jpg","441171","f5b6f6c381acaf1e36e2ff880896426eae9846a61d52aed4c77ef3a323bbb3d5"
"dataset/train/epoxy/SHDL1184.JPG","train","epoxy","SHDL1184.JPG",".jpg","216448","fdbc6f73e30146dc8058d4db656ee87a2415bd3ba2d06947579d577af9d4b9d3"
"dataset/train/epoxy/SLPM4675.JPG","train","epoxy","SLPM4675.JPG",".jpg","238927","23eb5af8294eeb96fb0a3323732b15d7f069d7fc184cf2af59930103feb0895d"
"dataset/train/epoxy/TMSZ4447.JPG","train","epoxy","TMSZ4447.JPG",".jpg","206447","4452bb4af06ea9d8a921a05acfb633db2c59b646f1706b4e1d8cb83a1ab763e9"
"dataset/train/epoxy/TVBU3187.JPG","train","epoxy","TVBU3187.JPG",".jpg","385153","253dc2f22137363a9acdb216615ffefd91edbab417edbb2bf5faab2e0bfceb35"
"dataset/train/epoxy/TYHQ8538.JPG","train","epoxy","TYHQ8538.JPG",".jpg","211415","f0ac207e5fc6657b49b26772d88854e7edf0d10f014595499513e664a2a21c7a"
"dataset/train/epoxy/UEIL0377.JPG","train","epoxy","UEIL0377.JPG",".jpg","212470","9ea787722d164afdc7619233c3e33a0f708198b566ccfa9e4af4c20b2efbc1a7"
"dataset/train/epoxy/UQYZ5815.JPG","train","epoxy","UQYZ5815.JPG",".jpg","426961","acac16bf95ffd17c4fa4a283074a078bc9857c06519d56971279c731a37ed167"
"dataset/train/epoxy/UWDO5250.JPG","train","epoxy","UWDO5250.JPG",".jpg","228030","3ab30e64b45a3bdf9563299144a7b8a7c7f5917ee979a2feb40b2ae8a1cbaac4"
"dataset/train/epoxy/VYMF5089.JPG","train","epoxy","VYMF5089.JPG",".jpg","196357","d592d3443635c0808f23340c643bce336bd2cc261d11c5d9ca2d882fbd895f3a"
"dataset/train/epoxy/WCMZ9119.JPG","train","epoxy","WCMZ9119.JPG",".jpg","347538","b1fed70880156c306ee540ad944bbdc0873d96f1d07dc462503cffb0c73154dc"
"dataset/train/epoxy/WMQJ0807.JPG","train","epoxy","WMQJ0807.JPG",".jpg","308944","4b7f08ed1577d52cde92961a8104cf7c99ad632d2f6937ac3a85f30960b27d0b"
"dataset/train/epoxy/XESQ5689.JPG","train","epoxy","XESQ5689.JPG",".jpg","183444","83f9e549ae48811e482f829a13b64c047c661df6cb35d043b5257112b45b6fef"
"dataset/train/epoxy/XSVD5474.JPG","train","epoxy","XSVD5474.JPG",".jpg","265409","68293ec51a1f47613f4ce2285a76ba54a295ceb5414f27d647c31f9ee13ca67e"
"dataset/train/parquet/parquet_001.jpg","train","parquet","parquet_001.jpg",".jpg","76413","d1e7189a1a793fe2734d5f8a75b21c0c571a3ca6aa780aac40a670036353a8c1"
"dataset/train/parquet/parquet_002.jpg","train","parquet","parquet_002.jpg",".jpg","69873","075d86bda5a330e18a24918d555fe83533b8d239d208cc57de48976c8a2a15ac"
"dataset/train/parquet/parquet_003.jpg","train","parquet","parquet_003.jpg",".jpg","71373","5fc7badf9cdcfe219800e30d3c98c0b0131b1d2aa2599184004765f405fc6b0d"
"dataset/train/parquet/parquet_004.jpg","train","parquet","parquet_004.jpg",".jpg","93536","a35563b5f2f993250142914dfdbde4f387ebc16bb6cb57d5f682e0633916be99"
"dataset/train/parquet/parquet_005.jpg","train","parquet","parquet_005.jpg",".jpg","102639","ffe20e579cfc337792dd5f4a3a69b80aa1aa5d0a3e30f88205c41fb23d17d857"
"dataset/train/parquet/parquet_006.jpg","train","parquet","parquet_006.jpg",".jpg","93456","59c8c640383f28c0a5522702e33ef8aa804e91d00ae2a7aa20a814123cf6b00b"
"dataset/train/parquet/parquet_007.jpg","train","parquet","parquet_007.jpg",".jpg","91357","5e158b121d5ffcae99bb007da4883b7ac71d20835665701096cda28c7a35649b"
"dataset/train/parquet/parquet_008.jpg","train","parquet","parquet_008.jpg",".jpg","76168","3a323b64ac546e484d5da12bbac4e0d7bbf40f27e618cde04e9e67407a4ea57c"
"dataset/train/parquet/parquet_009.jpg","train","parquet","parquet_009.jpg",".jpg","85593","54e8d454185b8cd268ac36009e6e0c06b7ef026c4895432166bcc5e5ada9bf15"
"dataset/train/parquet/parquet_010.jpg","train","parquet","parquet_010.jpg",".jpg","64874","b8f37875d39f7a409469e064b9e5b831181010ed72dc80be4876decddcee8b26"
"dataset/train/parquet/parquet_011.jpg","train","parquet","parquet_011.jpg",".jpg","95935","1f0421852327c57423635962432639163bad3c8e099553dee02fb048dfda0b35"
"dataset/train/parquet/parquet_012.jpg","train","parquet","parquet_012.jpg",".jpg","86358","0f092a882709750021c45d6b38d17af7e5f329debb433b51bdf6cf6a2f4bc5b8"
"dataset/train/parquet/parquet_014.jpg","train","parquet","parquet_014.jpg",".jpg","96965","72a10109aa23af022fb5076d95d012e617b63db9d9e0fdda07a552b04f62fff2"
"dataset/train/parquet/parquet_015.jpg","train","parquet","parquet_015.jpg",".jpg","82182","383fed342af1d3283849538ac325fc8170663a2b2217bab4d283eda9ae8378af"
"dataset/train/parquet/parquet_016.jpg","train","parquet","parquet_016.jpg",".jpg","103938","f4a74b0bae78051d9aec12c1efb2ba3b5600534b9dc4e2d87a278cfe7cc23751"
"dataset/train/parquet/parquet_017.jpg","train","parquet","parquet_017.jpg",".jpg","71602","14b2ed6943ddf95e538298bc47e0c0496a85a43b23c7587649b88f7a2aec15ea"
"dataset/train/parquet/parquet_018.jpg","train","parquet","parquet_018.jpg",".jpg","66712","19ca06cd91135d0d3b2947e32103309c3eaee7b27ada1233be4bd2770c87a824"
"dataset/train/parquet/parquet_020.jpg","train","parquet","parquet_020.jpg",".jpg","70013","1addbd674721a359c28c642877934abf83664401ddef7d962f5e5513d4dd3fff"
"dataset/train/parquet/parquet_021.jpg","train","parquet","parquet_021.jpg",".jpg","74116","f9059c866b75153c4175d69bf48796ca1abbb7667d47b10a73be44a4fd374c43"
"dataset/train/parquet/parquet_022.jpg","train","parquet","parquet_022.jpg",".jpg","75227","11484f807344b1239d246a8692aa12149cb92d0a40d498dbc66825a9c026ee4a"
"dataset/train/parquet/parquet_023.jpg","train","parquet","parquet_023.jpg",".jpg","88605","68d1c5dd443c71ff621ee3a252facd0bd7629b5642cd353c9d74dd79c65b0835"
"dataset/train/parquet/parquet_026.jpg","train","parquet","parquet_026.jpg",".jpg","131864","6434992c62ba8bb6fa80ac7b6d02b53d4f9c2bf5dead346e7996345f6865b38f"
"dataset/train/parquet/parquet_027.jpg","train","parquet","parquet_027.jpg",".jpg","128235","afd7d14052dd4b4aea1a37be667eecd7719c801f5f848e87490eb2680af07659"
"dataset/train/parquet/parquet_030.jpg","train","parquet","parquet_030.jpg",".jpg","85782","80e22ae07fe2821e1c5473a4da2a2954ffa19d38e5c07d87ecb47f433fedb52e"
"dataset/train/parquet/parquet_031.jpg","train","parquet","parquet_031.jpg",".jpg","125573","51e67a76aa27cbf3eb894cd243bf9c57ead12c2651ebe2a0bfca55be92f9709b"
"dataset/train/parquet/parquet_032.jpg","train","parquet","parquet_032.jpg",".jpg","137577","3eb33e81622d1eacea9fbf4123cc6d61a8459a9e2409e638bbad96f94d68cc1a"
"dataset/train/parquet/parquet_033.jpg","train","parquet","parquet_033.jpg",".jpg","106912","9a216c691826fd99c397aa0998e34ff69d3342d9e0562b3fb2df6f412f9d2765"
"dataset/train/parquet/parquet_035.jpg","train","parquet","parquet_035.jpg",".jpg","113383","f1df4c45b02ebb3e9ab864889f4c08c6b4672aa7180b2e37639ccbb22879caa0"
"dataset/train/parquet/parquet_036.jpg","train","parquet","parquet_036.jpg",".jpg","116781","ab435fbc4044cb2c992071d57452b64152e6ce7c4153c8b293ecb7b6ff8d1d56"
"dataset/train/parquet/parquet_037.jpg","train","parquet","parquet_037.jpg",".jpg","132286","233ca7d96dad293ec56087c35446a9b528c355f68edd794065d5cac4b407b2be"
"dataset/train/parquet/parquet_038.jpg","train","parquet","parquet_038.jpg",".jpg","107041","9d678157985dc3008c9d9c05355b00155048df663daad5e1b42361228e164ce9"
"dataset/train/parquet/parquet_039.jpg","train","parquet","parquet_039.jpg",".jpg","110689","0b4ac88dd768e48e53abccc558ce445141f670d81cb4378c4f9f7895af7a1c3c"
"dataset/train/parquet/parquet_040.jpg","train","parquet","parquet_040.jpg",".jpg","94939","a47782e60fe05178d0002518de503208e794b835f941195c6265e830fde83288"
"dataset/train/parquet/parquet_041.jpg","train","parquet","parquet_041.jpg",".jpg","87332","e7546c20dc0e034fa391365d5167fba70fefd2bcc8490b58988618cc6162525c"
"dataset/train/parquet/parquet_042.jpg","train","parquet","parquet_042.jpg",".jpg","86300","e6d563b7996bedad5e9307ce3373356d5530fb27d851e5062ebc522415a3b02e"
"dataset/train/parquet/parquet_043.jpg","train","parquet","parquet_043.jpg",".jpg","102370","c353f74bfca412b275eaf257d01cb784042ff98f92b8997d52e8dfd8b4fd5fc4"
"dataset/train/parquet/parquet_045.jpg","train","parquet","parquet_045.jpg",".jpg","112230","e2256062e1842d165bba16cc96c830b138268985458a1c28adb501415afeaabb"
"dataset/train/parquet/parquet_046.jpg","train","parquet","parquet_046.jpg",".jpg","125137","e6ab05c6810b9250b3eead79532329776ea8201ac553fc3f93d3032f41b91f65"
"dataset/train/parquet/parquet_047.jpg","train","parquet","parquet_047.jpg",".jpg","105483","c590bc66e8e0e098f33fe81ced42532b16629b012513826f912ba11e8f4dc732"
"dataset/train/parquet/parquet_048.jpg","train","parquet","parquet_048.jpg",".jpg","96740","72975ed5764c3ff7f836ac5b34601f6b234f5db1a967f0a111395084f969d2d3"
"dataset/train/parquet/parquet_049.jpg","train","parquet","parquet_049.jpg",".jpg","100646","1bcda32028b99b1d96ff530f8cfe7d0776bd9298bf843ba8e0e389e0f1478061"
"dataset/train/parquet/parquet_050.jpg","train","parquet","parquet_050.jpg",".jpg","93823","f33f61745af17a20c34d2f367f42c7d324987e9969b22c5d8fc6d407f9509c9d"
"dataset/train/parquet/parquet_052.jpg","train","parquet","parquet_052.jpg",".jpg","91669","adfc497f03325c30940ab810d016967035ec6eff494d2f3aea2322ff990661b9"
"dataset/train/parquet/parquet_053.jpg","train","parquet","parquet_053.jpg",".jpg","102735","b753908cf608c68bf203dce0f9a8451cce662e18fbd54f594b44cb8657fe52e0"
"dataset/train/parquet/parquet_054.jpg","train","parquet","parquet_054.jpg",".jpg","80884","af1a71d4a00607d8a85f8a5d6a09874799a485ba6b78e29f54f76f0af3d771d5"
"dataset/train/parquet/parquet_055.jpg","train","parquet","parquet_055.jpg",".jpg","134376","e0461a23284cbfa77cab786dd487a3c522775355ed0cfc8ff67d9426479d08c3"
"dataset/train/parquet/parquet_056.jpg","train","parquet","parquet_056.jpg",".jpg","108069","ed92f465fcf4905b4872594b853dccbd8c4aa4180999fc869b09d8c7e6e929b3"
"dataset/train/parquet/parquet_058.jpg","train","parquet","parquet_058.jpg",".jpg","179568","a8482764c58dcc5d6c906ce7d95ef79f85c554637202a8296e293f9d141e1f5a"
"dataset/train/parquet/parquet_061.jpg","train","parquet","parquet_061.jpg",".jpg","144096","49b212f918f63f265dd6582cc3f549f6d527213b815aaad7213bc41cf97934eb"
"dataset/train/parquet/parquet_067.jpg","train","parquet","parquet_067.jpg",".jpg","142745","0980a5e2d08d35ef6e2b2d89c99a231a989d61d09fcbef5c64e6370b4efa506e"
"dataset/train/parquet/parquet_073.jpg","train","parquet","parquet_073.jpg",".jpg","147876","74e9e4b96d5b26268a583dd2adc73c900c134c7991429b5307e5dd6ac926e7de"
"dataset/train/parquet/parquet_079.jpg","train","parquet","parquet_079.jpg",".jpg","102484","b2cbe0ae4c5d2899f27b0adcaf1adcdd877cc14e783c32c2893458c68e6becfe"
"dataset/train/parquet/parquet_080.jpg","train","parquet","parquet_080.jpg",".jpg","152210","4d246fc7bc8e09975d85f192ed3295d40212ed95f8372a0632090b10c1c68edb"
"dataset/train/parquet/parquet_082.jpg","train","parquet","parquet_082.jpg",".jpg","128777","d9953e910a1fc60602f24cb1fbfc4152e87157556e0b389a66bb9beb4fd6bfe5"
"dataset/train/parquet/parquet_085.jpg","train","parquet","parquet_085.jpg",".jpg","111883","1bdb37bec372e2d5e67f94d03579085ea766ad24ff9363b3e0f05d72add1603a"
"dataset/train/parquet/parquet_088.jpg","train","parquet","parquet_088.jpg",".jpg","143229","d7d54cf9bccaca2a68dfe033f2eb1f710909ea78291dbee4a6496dec892f9a14"
"dataset/train/parquet/parquet_089.jpg","train","parquet","parquet_089.jpg",".jpg","132818","c955cb1fc040af1f41c4b709da2ace4a9c7c23272dcf1376cb9f30d856c6ee35"
"dataset/train/parquet/parquet_090.jpg","train","parquet","parquet_090.jpg",".jpg","116599","f4b2367977eec905032d81c363ebd9d65ae8da0e0e60dfa3ddca56622b9b7df1"
"dataset/train/parquet/parquet_091.jpg","train","parquet","parquet_091.jpg",".jpg","90972","ce2f21b7152c18d52148ff437ca9a70c46f2685fe45224e8c21cce017786449d"
"dataset/train/parquet/parquet_092.jpg","train","parquet","parquet_092.jpg",".jpg","106420","d93b982646e80984be4d74c8d0ecefcf148977778f7fbd604c30ccf83e041c0e"
"dataset/train/parquet/parquet_094.jpg","train","parquet","parquet_094.jpg",".jpg","103787","b2a63daebd5ba14a287807d215650a26503e8062ccb30ece1502c42c2948e8f0"
"dataset/train/parquet/parquet_096.jpg","train","parquet","parquet_096.jpg",".jpg","105212","12a9da065b9d42c2086231de67d9446492fc3e1dd9c142b78093ee893f68c129"
"dataset/train/parquet/parquet_097.jpg","train","parquet","parquet_097.jpg",".jpg","93581","2c0ce6e9d186dc7310763fc5524893aed86e2c6decba5b501e31c527cd6d479b"
"dataset/train/parquet/parquet_098.jpg","train","parquet","parquet_098.jpg",".jpg","71978","078dd69fa35724a88dce4323e7a454777dd2949d2abde597564e04ca33c6d63a"
"dataset/train/parquet/parquet_100.jpg","train","parquet","parquet_100.jpg",".jpg","116757","82c0a80cc386d114a4dfa8681bfd5ec9dc31120ad4604a25e9bf2d00d5fccd6b"
"dataset/train/parquet/parquet_101.jpg","train","parquet","parquet_101.jpg",".jpg","162093","d5d78434d8856f61114d8126eebd21ee8f3df27c3501055f2f0577cb0b055312"
"dataset/train/parquet/parquet_102.jpg","train","parquet","parquet_102.jpg",".jpg","136820","57e7fb86eebbacd5c0fe28afc0a6a26ac1a390d0cd42e0e01a0397d3fced6a7a"
"dataset/train/parquet/parquet_103.jpg","train","parquet","parquet_103.jpg",".jpg","123749","08878e1a9b080d8d81272e5b2a7ae7ca008cc1c6f48e7ee9543c778b30ad0dd2"
"dataset/train/parquet/parquet_104.jpg","train","parquet","parquet_104.jpg",".jpg","127971","811ac4ee770fc9b14afa5a3c65a53c86e3197c5a168de1bb24a66e9de1008aba"
"dataset/train/parquet/parquet_105.jpg","train","parquet","parquet_105.jpg",".jpg","117336","d19e78a7229aaa81b20dcf2ed753225c3c46166bd324fa76fbc28857d12cf3c7"
"dataset/train/parquet/parquet_107.jpg","train","parquet","parquet_107.jpg",".jpg","121983","382515f9f9d60cccae6be64e9455c77883f248a17ac23dfcb0dae004fbda9bf6"
"dataset/train/parquet/parquet_109.jpg","train","parquet","parquet_109.jpg",".jpg","88044","564b8e0ef564dde763933ed6214bd7fcc1cb48de79e81625adf586efe3b4ae32"
"dataset/train/parquet/parquet_110.jpg","train","parquet","parquet_110.jpg",".jpg","106001","d4cbb5c1c00239cc365f57a92e1faef6eb8d52c2745537324409ddd08a998e75"
"dataset/train/parquet/parquet_111.jpg","train","parquet","parquet_111.jpg",".jpg","104151","527902899980ff8be9159617cdec87bebc651f792505bfb84e4bf7676c73b2f1"
"dataset/train/parquet/parquet_112.jpg","train","parquet","parquet_112.jpg",".jpg","83715","651cb10b9be525c1b9eaa7fe643bb8d56d6fbc1f07ea65dd7351e70bfff306d0"
"dataset/train/parquet/parquet_113.jpg","train","parquet","parquet_113.jpg",".jpg","81569","1c9246d2a0d0019f965e00351729671ab2b3d693a08620f9750484d9b07d58a5"
"dataset/train/parquet/parquet_114.jpg","train","parquet","parquet_114.jpg",".jpg","94733","2ee48e164a5c0db8ce2bfb854822c815c5f1d5c37f34648355bc606d4795406f"
"dataset/train/parquet/parquet_115.jpg","train","parquet","parquet_115.jpg",".jpg","110527","593cfd51e15854c7eb2b901c7b70dfd0ecbc8b0ebc44e25b226b6d20591b66b2"
"dataset/train/parquet/parquet_117.jpg","train","parquet","parquet_117.jpg",".jpg","108878","1a93d596321730a8d74b20969779452b5542d0758b4e7a29d79f2b521b7da8f5"
"dataset/train/parquet/parquet_118.jpg","train","parquet","parquet_118.jpg",".jpg","83635","9864223cd06dc0c6ea6d81f42f950ab22e09effb718a5920b11500b0131d89d4"
"dataset/train/parquet/parquet_119.jpg","train","parquet","parquet_119.jpg",".jpg","109188","0c5cd074a1ef910b02780c8f03eeafcd04b768b3af446a42ed05a0cc0c766870"
"dataset/train/parquet/parquet_120.jpg","train","parquet","parquet_120.jpg",".jpg","118276","04d84215c4376cfd28b046e2fa600e40d36a8c71c47bcbc2310dc3da5f93735b"
"dataset/train/parquet/parquet_121.jpg","train","parquet","parquet_121.jpg",".jpg","111188","8dd2cae29983e79b0705c475070c05ae2e1fc7f6acc51dbb234f6a57be812a1d"
"dataset/train/parquet/parquet_122.jpg","train","parquet","parquet_122.jpg",".jpg","120758","fab5761e17deab4731964388e0e3de9bf0a847fe713c3c478572993a6445d516"
"dataset/train/parquet/parquet_123.jpg","train","parquet","parquet_123.jpg",".jpg","5640132","94d861c1cc9ea3d44ca93600891a540bf9d3639b76fa449e3a6d794c565fb2c8"
"dataset/train/parquet/parquet_124.jpg","train","parquet","parquet_124.jpg",".jpg","5704065","16a5e0d737a252eb18663b4be09a67d8d3d8572a0146685a2275ef1ba26c1378"
"dataset/train/parquet/parquet_125.jpg","train","parquet","parquet_125.jpg",".jpg","5994180","b4f417a9c886acf36fde39e58613de509160b5e0a8726285775a953889341b5c"
"dataset/train/parquet/parquet_126.jpg","train","parquet","parquet_126.jpg",".jpg","3883042","ea82b43eb21b456353832bf65719b75104aeb8c5ce1c3320f014adc55e277efd"
"dataset/train/parquet/parquet_127.jpg","train","parquet","parquet_127.jpg",".jpg","5355667","5c40ad9b9e79d6eec3041e254c00de3dbfa69fba4670f5e058bef3a81da6a388"
"dataset/train/parquet/parquet_128.jpg","train","parquet","parquet_128.jpg",".jpg","6415416","0b8fdb7d2d58f52f69c9fa4759f26d3e7796a7b964491be6bb6487ae73761c60"
"dataset/train/parquet/parquet_129.jpg","train","parquet","parquet_129.jpg",".jpg","6459248","41f61ee925f909e8aa65e2404de8d12a9fb0e5ff63b9565a42c75eda407f09b0"
"dataset/train/parquet/parquet_130.jpg","train","parquet","parquet_130.jpg",".jpg","5073486","579b837e168bbf40bdaa98fc28e09e5e219d064c881d8f4b5e26588b9e516dfa"
"dataset/train/parquet/parquet_131.jpg","train","parquet","parquet_131.jpg",".jpg","6526387","366472b53cf6631d5f426f600d29f92a8cad27a171ff968b07ea9b5385767928"
"dataset/train/parquet/parquet_132.jpg","train","parquet","parquet_132.jpg",".jpg","4298466","f93ac1848409e417665d42bbcb0e9ef1b23f0c92f5f3cdd4b3d18bda6691b3a7"
"dataset/train/parquet/parquet_133.jpg","train","parquet","parquet_133.jpg",".jpg","4224858","3ef59b398fde692a438f02d55edcc76542cab5daadf8bf323d0b7b2e85fcebc0"
"dataset/train/parquet/parquet_134.jpg","train","parquet","parquet_134.jpg",".jpg","5071590","67de72d75c9111acd4ee3ab79dd68ecb97667580539fe905e49c032a78e7991e"
"dataset/train/parquet/parquet_135.jpg","train","parquet","parquet_135.jpg",".jpg","4217432","1d20884c7024507837e0d2957583c69fc399c69406dea39f050a8ec3a51bba81"
"dataset/train/parquet/parquet_136.jpg","train","parquet","parquet_136.jpg",".jpg","4575034","a732d004570f3ebe38d8e235e2b554b9ac4c7134b3edd8b14974db374fde3051"
"dataset/train/parquet/parquet_137.jpg","train","parquet","parquet_137.jpg",".jpg","4670833","8415cae412808844ee02ad1cb996a9d998e9fe7782ede3663824cf8d6136d077"
"dataset/train/parquet/parquet_138.jpg","train","parquet","parquet_138.jpg",".jpg","4524630","e5189ab4ebe2a240bfbcaf292bc660668bffc4bc09b5b149987632011a885eab"
"dataset/train/parquet/parquet_139.jpg","train","parquet","parquet_139.jpg",".jpg","4556902","d5814f97ed474778ab3b3299e0aa1d5f7d0fb6db7ba089d7f0ecc6ca0825b03f"
"dataset/train/parquet/parquet_140.jpg","train","parquet","parquet_140.jpg",".jpg","4440240","abdab312eb6b3227c4a64bc874bbe751258e1a32a7c8e397827edec5667be28d"
"dataset/train/parquet/parquet_141.jpg","train","parquet","parquet_141.jpg",".jpg","4481344","8574d47f1833417b1be65411a74878c1d09f28fbae62615f0a25ce51bb2e39d2"
"dataset/train/parquet/parquet_142.jpg","train","parquet","parquet_142.jpg",".jpg","4616210","35e8929de90cff6d6c1cf4120595010889bddcb514827c59294335406bd9d4d9"
"dataset/train/parquet/parquet_143.jpg","train","parquet","parquet_143.jpg",".jpg","6983175","b85b6099006694b5cd2a859dfed7df72695270a32cf972f291c5492be6ddc501"
"dataset/train/parquet/parquet_144.jpg","train","parquet","parquet_144.jpg",".jpg","6170784","e9bce6704174fac676c0af6d5de64f3982ab5fab1a1b61d1adbd546d9d27294d"
"dataset/train/parquet/parquet_145.jpg","train","parquet","parquet_145.jpg",".jpg","5593577","5ed5c808c215f921c498f08189eab2324e71dd4931800bbfc50a1a986e85e6d0"
"dataset/train/parquet/parquet_146.jpg","train","parquet","parquet_146.jpg",".jpg","5063862","3bdd85567629fd46bd1d3ec68652e8ac9a6fb5abe2abb5976cdae1ba012c147b"
"dataset/train/parquet/parquet_147.jpg","train","parquet","parquet_147.jpg",".jpg","5794708","6b09fa4c1ca7194802b330909b531c05296d64cf75a5e460b1806b234b6bdb5c"
"dataset/train/parquet/parquet_148.jpg","train","parquet","parquet_148.jpg",".jpg","4909545","22471d0b4817e44b0776df14845d28867efb1c0a1bfa93c821576a2a18c0af1e"
"dataset/train/parquet/parquet_149.jpg","train","parquet","parquet_149.jpg",".jpg","6083302","60605cf215cc4831a8740d576d19356e6323cdbf9335a3f96c285a991a29f15b"
"dataset/train/parquet/parquet_150.jpg","train","parquet","parquet_150.jpg",".jpg","6134740","4d5a02fa978abaf16d48c9ad5b42128b881a1d9bfc3f2554130ffedc840f08a2"
"dataset/train/parquet/parquet_151.jpg","train","parquet","parquet_151.jpg",".jpg","5413780","7f3151c801bc6796047384f8fadc991fbe3b75f462f56f243aa99103fc90bdcd"
"dataset/train/parquet/parquet_152.jpg","train","parquet","parquet_152.jpg",".jpg","6546239","3161ce030c891c91b4600757e30e85942f22ecf29404e6ab83e1cb9003f9d265"
"dataset/train/parquet/parquet_153.jpg","train","parquet","parquet_153.jpg",".jpg","6350867","462b1226cffb2d21ab83ca456792e93d8e8a413ccd257cdc6948f72d8457feee"
"dataset/train/parquet/parquet_154.jpg","train","parquet","parquet_154.jpg",".jpg","5021487","3c5a27686608af31ea465b8247e89d28aa6d8108964fc9951139ca3daa4d146e"
"dataset/train/parquet/parquet_155.jpg","train","parquet","parquet_155.jpg",".jpg","6909560","a4da3cc323ac62abcd0271d8a5b00b1526b8d3410c6bed2f0033fc9ce31b2847"
"dataset/train/parquet/parquet_156.jpg","train","parquet","parquet_156.jpg",".jpg","5374583","2c01a6bd9840d2dc155b660d5e076810cfd46c79613c151ac1c2bb65349e54a4"
"dataset/train/parquet/parquet_157.jpg","train","parquet","parquet_157.jpg",".jpg","6583840","fb2dfb42f187874408b4b30492fd27b69553cc0f7f6598101a100588e69340dd"
"dataset/train/parquet/parquet_158.jpg","train","parquet","parquet_158.jpg",".jpg","6926312","ebb02b23922c65ac814fda9cfb2438ee75acebba269437b222d314d30f1697a2"
"dataset/train/parquet/parquet_159.jpg","train","parquet","parquet_159.jpg",".jpg","6019617","63798a0e1bd10dc5aed7fcca658b10061a6a7c5b99d651b2cac6fce115cc3dc1"
"dataset/train/parquet/parquet_160.jpg","train","parquet","parquet_160.jpg",".jpg","7147605","9866f15ed7e58c21ca07dda4e4fcf377264a3ecfb1303a35547657b9fcdab1ab"
"dataset/train/parquet/parquet_161.jpg","train","parquet","parquet_161.jpg",".jpg","6053458","6d3a4bd2a8f688d2ec0f7d19d97198e807cab010a5bc1143aa2479faa178477d"
"dataset/train/parquet/parquet_162.jpg","train","parquet","parquet_162.jpg",".jpg","6198738","7476fe4e7a424ad9cfbaf76f71c0b52dcacebbb51eb550bd542b9581f0307bb0"
"dataset/train/parquet/parquet_163.jpg","train","parquet","parquet_163.jpg",".jpg","6715687","8211a8e5ffbeddf36f8376774a14f51e98e13fd64494ea8e729a9d8507dbdc95"
"dataset/train/parquet/parquet_164.jpg","train","parquet","parquet_164.jpg",".jpg","6164614","892747e36e10ad202b452f7350f0b222b5dbe087d7c44658f06bd3864c64d40f"
"dataset/train/parquet/parquet_165.jpg","train","parquet","parquet_165.jpg",".jpg","6502470","344f0e5b74c549dbde7693cff6193ca74757fa9329adc1080d1c68a153d91e43"
"dataset/train/parquet/parquet_166.jpg","train","parquet","parquet_166.jpg",".jpg","6267657","36ea9263a73006359939e448bacc6ec0bddb76763e1d1286a66cae7085a27fb8"
"dataset/train/parquet/parquet_167.jpg","train","parquet","parquet_167.jpg",".jpg","6152410","4a05dc50e5b38b50f11280f32c556e8f0ef2e4a5b3681003708a482373ac7932"
"dataset/train/parquet/parquet_168.jpg","train","parquet","parquet_168.jpg",".jpg","4733944","a3bbf1fd85b4cc3a23bc9868788ef4605eac179b94ca0f3c5d36aaf82f25c546"
"dataset/train/parquet/parquet_169.jpg","train","parquet","parquet_169.jpg",".jpg","4603423","b83597ebf2344904d454e279d78a3f6c47caeccedef929c0f9a9030e8f304396"
"dataset/train/parquet/parquet_170.jpg","train","parquet","parquet_170.jpg",".jpg","4608419","2612d6a636f39c497863a25ee839363f4288f25ab9fee60b6259ac64ba0d1f48"
"dataset/train/parquet/parquet_171.jpg","train","parquet","parquet_171.jpg",".jpg","4281874","98837da14fa9f7292aced6fe87f3230103530f755ff8e83cfb556652d7e51570"
"dataset/train/parquet/parquet_172.jpg","train","parquet","parquet_172.jpg",".jpg","4282931","cea53fedb43efb4afb273a3369b6f3656fb453188d685267f7970984c9bd9d71"
"dataset/train/parquet/parquet_173.jpg","train","parquet","parquet_173.jpg",".jpg","4526213","ce49d2a04740802808ad26ea981ced63751ec181876cb9ce4e7a93560793d017"
"dataset/train/parquet/parquet_174.jpg","train","parquet","parquet_174.jpg",".jpg","4342513","c06f973f46f32cf4078df1bac91305cd0d9d491842fdd2e6c2e06a89555d00c3"
"dataset/train/parquet/parquet_175.jpg","train","parquet","parquet_175.jpg",".jpg","4593776","979c99ddcbb82a886cd4445c128ccd2e7ae2a00c3c87562f76cf03323ed93717"
"dataset/train/parquet/parquet_176.jpg","train","parquet","parquet_176.jpg",".jpg","4406474","496572d38db03438fcba11aa2df01a81615d2d04bcc2bdc96f28cb8a84569eec"
"dataset/train/parquet/parquet_177.jpg","train","parquet","parquet_177.jpg",".jpg","4284439","d27acba78844cede635921818b5cbbb9390e7d5c424cdc0dcd82c9b1224f1fd2"
"dataset/train/parquet/parquet_179.jpg","train","parquet","parquet_179.jpg",".jpg","4615243","4229e5e66e9da750af9a95e534148c4d43d880fee7822d226de09e671572491b"
"dataset/train/parquet/parquet_180.jpg","train","parquet","parquet_180.jpg",".jpg","4361429","70658b3c3493e02c2c9eb94d6e9d3e6a024255b4e1be408fe4356da412915e76"
"dataset/train/parquet/parquet_181.jpg","train","parquet","parquet_181.jpg",".jpg","4501726","8153ae0ba7023d645dedbe99cc48c13f10725f4b71287b67d5cfec2cfc625272"
"dataset/train/parquet/parquet_182.jpg","train","parquet","parquet_182.jpg",".jpg","4297851","d62f12ac47c3745ac67cb52e02451fcfd4e28f1a2e296e32d2658e86f795bfb0"
"dataset/train/parquet/parquet_183.jpg","train","parquet","parquet_183.jpg",".jpg","4366668","85871516b5788f074a41021cfd0ebbea424425890cd622ff5e4d6e88d2b2ffd7"
"dataset/train/parquet/parquet_184.jpg","train","parquet","parquet_184.jpg",".jpg","4334047","5057d14c26077053f7642d31825abd892c2612cc5fe2120622342ff50a11254e"
"dataset/train/parquet/parquet_185.jpg","train","parquet","parquet_185.jpg",".jpg","4521516","fd88e0832c74d785b74645fe39397fd057b4ae63c698ba93ae045c174a88e280"
"dataset/train/parquet/parquet_186.jpg","train","parquet","parquet_186.jpg",".jpg","3943637","b42d6b6b48e7f88a2291aae2f71b511628d1b5354266bc2a7d4c75f8edef4730"
"dataset/train/parquet/parquet_187.jpg","train","parquet","parquet_187.jpg",".jpg","3898046","d919e562e3156d91b8c0db2794c1bbf66457dcfb4ca4caae70ad4b8cdb16de42"
"dataset/train/parquet/parquet_188.jpg","train","parquet","parquet_188.jpg",".jpg","4175752","22b97bd6b60e481373b1ecd2883ea21ae54905c195c4ef0030ab0ab0dead24f0"
"dataset/train/parquet/parquet_189.jpg","train","parquet","parquet_189.jpg",".jpg","4313779","e1871a0a08aaab97fcfe1bf97e2e01c659230ce0f83f2d2277aab1b24853aed8"
"dataset/train/parquet/parquet_190.jpg","train","parquet","parquet_190.jpg",".jpg","4228309","0f787f81b07166ab7f051be18cb2bad807447c629b4a9ee6049bc7b2ed5de998"
"dataset/train/parquet/parquet_191.jpg","train","parquet","parquet_191.jpg",".jpg","4198157","bf884b2787dd8fd4cecefb27cb76c06daa480e9bd6edbc7539afef7d1ad20e4c"
"dataset/train/parquet/parquet_192.jpg","train","parquet","parquet_192.jpg",".jpg","4465746","747fcbd55d7e1933112281f8a591cc1e9382f37b0a7dcd49f2283030822cfeb2"
"dataset/train/parquet/parquet_193.jpg","train","parquet","parquet_193.jpg",".jpg","4214737","7ec74f392a92ef524c980c4eb4990c2f1fc7bf99f836751a9e53549543388786"
"dataset/train/parquet/parquet_194.jpg","train","parquet","parquet_194.jpg",".jpg","4603113","14aa7624e885dcaaa1d4a6f4ff225fe0d94ff6ed200a0b87481bc050591218df"
"dataset/train/parquet/parquet_195.jpg","train","parquet","parquet_195.jpg",".jpg","4324247","157be5573cc86c90089bbabcfae76611d2164108cfd5c6c4495cd59dd7063fc9"
"dataset/train/parquet/parquet_196.jpg","train","parquet","parquet_196.jpg",".jpg","4354076","1a2bbed4d4569725f1c5724b30faf133da2df32bcf469ca0d8679b54137ce7d9"
"dataset/train/parquet/parquet_197.jpg","train","parquet","parquet_197.jpg",".jpg","4639751","72d2cbc37fc634df5cd94921276fca1b38619b3c874a2078875d086f231b4358"
"dataset/train/parquet/parquet_198.jpg","train","parquet","parquet_198.jpg",".jpg","4408301","c53143200df3f83553325884e427d20a7a44ddf08ba2977fcc8e1f9bbedf0006"
"dataset/train/parquet/parquet_199.jpg","train","parquet","parquet_199.jpg",".jpg","4798808","1c20a41194e983d753866a0720c8ffe3848c42eb94e78043066d161b6c70c8f2"
"dataset/train/parquet/parquet_200.jpg","train","parquet","parquet_200.jpg",".jpg","3843088","67520e9ed5d1109003e319ff9ff408c68177ede2ad8409ae4ee18754de36704f"
"dataset/train/parquet/parquet_201.jpg","train","parquet","parquet_201.jpg",".jpg","4163579","aa1a786487c8ac80ad78f983fc853b723200f69fc55c929c0ee29b73e48669f0"
"dataset/train/parquet/parquet_202.jpg","train","parquet","parquet_202.jpg",".jpg","4252794","d909be6caf739183b5b8a8446267b5090be73d3222209402ff69c7870276ebfd"
"dataset/train/parquet/parquet_203.jpg","train","parquet","parquet_203.jpg",".jpg","4450023","a0216c5a99e4a76c5a06988cd15e1f6c1c1924155e24d37b619b93bf87f46b76"
"dataset/train/parquet/parquet_204.jpg","train","parquet","parquet_204.jpg",".jpg","3831491","211743bda73a30f93e332d1a9678a8d1296fb1010ac1252605b1800011dfd5cf"
"dataset/train/parquet/parquet_205.jpg","train","parquet","parquet_205.jpg",".jpg","3890393","eb624050454dfa7f8f0340403164ce4522edf184fb2fc5b31f76f00af92332ae"
"dataset/train/parquet/parquet_207.jpg","train","parquet","parquet_207.jpg",".jpg","4837811","757382b43cb52ccbb25fbf40eca51219b620d370f7c295285a6a5a0b82cc18bb"
"dataset/train/parquet/parquet_208.jpg","train","parquet","parquet_208.jpg",".jpg","4412332","c38bd7e03701ea47fe434a347f89d691e39d6432e9bc1a1a562d3e64a4dc9746"
"dataset/train/parquet/parquet_209.jpg","train","parquet","parquet_209.jpg",".jpg","4330089","252d79eef89f95084ebe4ab70d84906e33276837906e237ecff22fbea47f4815"
"dataset/train/parquet/parquet_210.jpg","train","parquet","parquet_210.jpg",".jpg","4495221","7e721f11df275e7e89106452aacb9740183279b9409e6a719a58d384edab12fa"
"dataset/train/parquet/parquet_211.jpg","train","parquet","parquet_211.jpg",".jpg","4154499","c9024ad110768134c9b9e978d9b61266a09f6e401780ac6e0b5dfd5c97965b2c"
"dataset/train/parquet/parquet_212.jpg","train","parquet","parquet_212.jpg",".jpg","4144232","92adcaf20b25a5823f79df0d373a8d5107a4ff1218b8bb9870f45eecba7e6b9c"
"dataset/train/parquet/parquet_213.jpg","train","parquet","parquet_213.jpg",".jpg","4857823","6a2271e7a819beecbb9ecd4e5032a7ff0b30fe36e73080131b3f5a24d77af640"
"dataset/train/parquet/parquet_214.jpg","train","parquet","parquet_214.jpg",".jpg","4806695","55254e9e14061b55af94c33cc4f2c023804a134339de5f8be71a8a70ee333cfe"
"dataset/train/parquet/parquet_215.jpg","train","parquet","parquet_215.jpg",".jpg","4418192","e76a842b0ae6edc38b75ce35eebbc81ec63347af393f1b4988c1e95ac41273ba"
"dataset/train/parquet/parquet_216.jpg","train","parquet","parquet_216.jpg",".jpg","4951485","c8a05431ab9faa3fb694e0cd001a3ff09781853f4a0214df9a07aaff41f656b3"
"dataset/train/parquet/parquet_217.jpg","train","parquet","parquet_217.jpg",".jpg","4963695","7ebf27826eee0f4af464c262431d1a4b1314e06685c088042002bd9a13ffe105"
"dataset/train/parquet/parquet_218.jpg","train","parquet","parquet_218.jpg",".jpg","4078497","cde55819a8180ca1018783d6d433f2b61cb0e9b9cdfc0afe5318ffdcab21efd0"
"dataset/train/parquet/parquet_219.jpg","train","parquet","parquet_219.jpg",".jpg","4265257","4846790624c2739cf76d1093a9b37f12ecc4e424d52fa90fb469459c9a1f4c54"
"dataset/train/parquet/parquet_220.jpg","train","parquet","parquet_220.jpg",".jpg","4380391","87bf1b407303fe55bfb13276381f8955c226ba08a81d9b9f189d4a549238e310"
"dataset/train/parquet/parquet_221.jpg","train","parquet","parquet_221.jpg",".jpg","4591767","4d69dd9f19e044a2e64331637416319491f89e5f9bb51afae337c7087ae06223"
"dataset/train/parquet/parquet_222.jpg","train","parquet","parquet_222.jpg",".jpg","4291467","2a4e79d4246a90e5a54436bcb22e896d5875028b30a7af22e77a0bed4195febc"
"dataset/train/parquet/parquet_223.jpg","train","parquet","parquet_223.jpg",".jpg","4287561","b10ca7f0ad58d3530728c57ec21ce294c0bf011b569a5bc72ecc1b7a50ff1ee4"
"dataset/train/parquet/parquet_224.jpg","train","parquet","parquet_224.jpg",".jpg","4193955","995917f0256c1ebf61a3cef85e271c14d1b5eff9ed9833b4500ba2ce574bc5d5"
"dataset/train/parquet/parquet_225.jpg","train","parquet","parquet_225.jpg",".jpg","4055423","3800ba1a4016c17970ccf0ecad0964158dccaf300896d03549ebf17cfae9ecbe"
"dataset/train/parquet/parquet_226.jpg","train","parquet","parquet_226.jpg",".jpg","4459138","0e30f8306a4f07b784daf59c0c5b65bbf4190debe4a052811a07143097ba1677"
"dataset/train/parquet/parquet_227.jpg","train","parquet","parquet_227.jpg",".jpg","4405872","2ba8254499dedb51e42d1b11fbee736385a49fef7b770e899c5506dd951efd4b"
"dataset/train/parquet/parquet_228.jpg","train","parquet","parquet_228.jpg",".jpg","4256819","67a0a7b19fee1ae19309784a1f4fd5565cc76073fd7df04edf875ff895c6ff01"
"dataset/train/parquet/parquet_229.jpg","train","parquet","parquet_229.jpg",".jpg","4731858","80977ecf456faa93971fde85ac5ea9ffb46c3489d926a781972777189d357ce3"
"dataset/train/parquet/parquet_230.jpg","train","parquet","parquet_230.jpg",".jpg","4117271","d4891ca9f524b94c043f9c2e578330900274acd84b532e248352d2046b6d10eb"
"dataset/train/parquet/parquet_231.jpg","train","parquet","parquet_231.jpg",".jpg","3887417","12940b931783625ad9ee5d1294db03ff0d60f22331e687996e9b09e46b4deb8b"
"dataset/train/parquet/parquet_232.jpg","train","parquet","parquet_232.jpg",".jpg","3845923","239325fc923ba4332922177faab6142a64ab9f4972921c824b14bc63e92a73cf"
"dataset/train/parquet/parquet_233.jpg","train","parquet","parquet_233.jpg",".jpg","3946952","21b1b875fc2ccbceaa40df0d004183419ba6fa5738136189cb585c8ca889798a"
"dataset/train/parquet/parquet_234.jpg","train","parquet","parquet_234.jpg",".jpg","4281262","abde68b84b0d060a3cae134dd9476a0dced4398c26de2191f8cecee20b7bedae"
"dataset/train/parquet/parquet_235.jpg","train","parquet","parquet_235.jpg",".jpg","4572629","937686fa8b42cba0136cbe2941240dc9cd78e1f2e19751f1135dea0e5b5bb31c"
"dataset/train/parquet/parquet_236.jpg","train","parquet","parquet_236.jpg",".jpg","4152247","7d513fffe0a253e63a1180b7d89c2d5f11f109a28e1f93d6129f20fe518fc654"
"dataset/train/parquet/parquet_237.jpg","train","parquet","parquet_237.jpg",".jpg","4003356","d927bf4ad9b6d28aba1bb99c6d50fa076e16b433b75bd4f1741284359f9b974a"
"dataset/train/parquet/parquet_238.jpg","train","parquet","parquet_238.jpg",".jpg","4103725","07de0fa481ce24e10a46c9cbe697e475008d1701d54e8b5f10873e0e51d2c35b"
"dataset/train/parquet/parquet_239.jpg","train","parquet","parquet_239.jpg",".jpg","4338632","95037e57e2a02c3c3f03e294d411c8959bb30e7950eeb52787ca71c3898bb306"
"dataset/train/parquet/parquet_240.jpg","train","parquet","parquet_240.jpg",".jpg","4443470","425f8175842020f5dec7dab586a8165bd2bfc30c11f387a0d458a1ffefe1f342"
"dataset/train/parquet/parquet_241.jpg","train","parquet","parquet_241.jpg",".jpg","4307520","1f32a48266f647bac8a340b44fa5623efdebc8320f21b067aa2d7f1cfdd8095f"
"dataset/train/parquet/parquet_242.jpg","train","parquet","parquet_242.jpg",".jpg","4444051","98dad43c92fd0b17f36f45f5b0a051fa4f2fc79ab479b65f560935f51bb21a13"
"dataset/train/parquet/parquet_243.jpg","train","parquet","parquet_243.jpg",".jpg","4546874","90e75cb7c0fa85623016db9092f170a9fc19cc0cc1adb811a94a5c06896e6de5"
"dataset/train/parquet/parquet_244.jpg","train","parquet","parquet_244.jpg",".jpg","4348940","f770e179dd936ed9d6491a5cbcc423204cf87e0df6141bc58fba8acfec7a68be"
"dataset/train/parquet/parquet_245.jpg","train","parquet","parquet_245.jpg",".jpg","4555744","f9af974be298381ed168b066d083cdf16f7d38a3fc89ad55691b0fbaf9178f5d"
"dataset/train/parquet/parquet_246.jpg","train","parquet","parquet_246.jpg",".jpg","4320000","c2022f6b1acc04c26a397fdadab8c027963d11588a8a62bf4dc4f87297b9edc7"
"dataset/train/parquet/parquet_247.jpg","train","parquet","parquet_247.jpg",".jpg","4385966","c56934a5934343a0c8cce7cf12c02c1e7672e8e4288734774b8336a25584afa2"
"dataset/train/parquet/parquet_248.jpg","train","parquet","parquet_248.jpg",".jpg","4625129","f7d3829225ddfa89c3afa80428495174a849f27f58c3205420ed74b9781af5b5"
"dataset/train/parquet/parquet_249.jpg","train","parquet","parquet_249.jpg",".jpg","4234645","4760ac305c1670b65dbec61b7fb495323a56c32ee0e346d305709ad00c410b9d"
"dataset/train/parquet/parquet_251.jpg","train","parquet","parquet_251.jpg",".jpg","4522437","ebdceb734d1ab4fce90d2242900cba0c873c736aaed64eadc8936462233e7e82"
"dataset/train/parquet/parquet_252.jpg","train","parquet","parquet_252.jpg",".jpg","4525154","66a201b3681f3d846e4f9d26fff5acbf7780647c01ca4f782e083b84ca36e216"
"dataset/train/parquet/parquet_253.jpg","train","parquet","parquet_253.jpg",".jpg","3888825","95a6ff0ab6340099045956cdaf4d0188c384dc59ea2fef9991bc7cde5333df4c"
"dataset/train/parquet/parquet_254.jpg","train","parquet","parquet_254.jpg",".jpg","3816200","ad56a8cc36e23bf1e2c95d55252ed3fdfc946bf3dc295f4ade04afa95387e839"
"dataset/train/parquet/parquet_255.jpg","train","parquet","parquet_255.jpg",".jpg","3804767","1bc8490a9fc53cd9c51d4f14ba87da884107560af5e773287ae45b862e968255"
"dataset/train/parquet/parquet_256.jpg","train","parquet","parquet_256.jpg",".jpg","3837663","27ce7ba9be3e32a30d7c2999d5bc8c34640709340c9422dda2775d2770c16767"
"dataset/train/parquet/parquet_257.jpg","train","parquet","parquet_257.jpg",".jpg","3619323","92360b7d7fd41fda0daaebda1fa17c5a7259ff0f309fe72168791837b3a90396"
"dataset/train/parquet/parquet_258.jpg","train","parquet","parquet_258.jpg",".jpg","4579332","19feb4c2cba0d9356d1f8fced205bcdc8cebcd08b020bad77c7e5d3e7a2a1112"
"dataset/train/parquet/parquet_259.jpg","train","parquet","parquet_259.jpg",".jpg","4627099","6c39125c93fca742631c2d7b168eca90fb42394794d1352e8dd770f525d67674"
"dataset/train/parquet/parquet_260.jpg","train","parquet","parquet_260.jpg",".jpg","4624217","7ba9b76407c02a02a28b57f873624b788f80b858f03f891d5afcd5f24c3b90f1"
"dataset/train/parquet/parquet_261.jpg","train","parquet","parquet_261.jpg",".jpg","4542774","356860c4151c0ed54f0c9ae19bc9e91b7727d8369461114bba8e753fd34c7866"
"dataset/train/parquet/parquet_262.jpg","train","parquet","parquet_262.jpg",".jpg","4359212","1ca613abe6d5fa7a02f1b1d8b4a412bb1aff676f4405b4803db69b981a80235c"
"dataset/train/parquet/parquet_263.jpg","train","parquet","parquet_263.jpg",".jpg","4218928","d5b5a8673eb1693f903935bb058a33e7dcbada64ea8791547bf88bac15e3d0a6"
"dataset/train/parquet/parquet_264.jpg","train","parquet","parquet_264.jpg",".jpg","4157919","56a6fe70d9f985730f2861a98c21b0d52d6ef6ae3981205ff33ce404fa493e54"
"dataset/train/parquet/parquet_265.jpg","train","parquet","parquet_265.jpg",".jpg","4744903","6f2b3aa03dffa638e74b5df40f75a7e87984771806270efe96ec74ac438fb58e"
"dataset/train/parquet/parquet_266.jpg","train","parquet","parquet_266.jpg",".jpg","4289527","b95a3892c783dbaff19d14db4ee85fc709543c299a212913daa9f5b6362cacfa"
"dataset/train/parquet/parquet_267.jpg","train","parquet","parquet_267.jpg",".jpg","4135067","dd98c230925c8610d403bd7d075966c5bb61e76dacc965b17104967f9f631bdd"
"dataset/train/parquet/parquet_268.jpg","train","parquet","parquet_268.jpg",".jpg","4289570","bd5ad9845f659b70b133bd603a6a2f474624dce2aff9bb9a3260c553128971cb"
"dataset/train/parquet/parquet_269.jpg","train","parquet","parquet_269.jpg",".jpg","4184963","d5f795ebbdcbe23b21017a3fd7b6688363a3a902b615f5109d0d02a28b5ee213"
"dataset/train/parquet/parquet_270.jpg","train","parquet","parquet_270.jpg",".jpg","4388263","7fb0b5dbe46fc53354a8eacb9aecddf1d0aa98c6aa952e7228538cde0e91028d"
"dataset/train/parquet/parquet_271.jpg","train","parquet","parquet_271.jpg",".jpg","4736993","525cbc9c004a9e954ba629463780b0e6384ebf186558e5b2de4efafb3b62e5ac"
"dataset/train/parquet/parquet_272.jpg","train","parquet","parquet_272.jpg",".jpg","4174679","54fa3f9c1552089e9f08ec12febf6c91ad12cdd4139108c6eaf6513b1105ecf0"
"dataset/train/parquet/parquet_273.jpg","train","parquet","parquet_273.jpg",".jpg","4611707","79e56bf4e3e29b977d8bacbf4dc690cdb58b62803dd2d41d960363cb0ac9b971"
"dataset/train/parquet/parquet_274.jpg","train","parquet","parquet_274.jpg",".jpg","4479868","7fc6bf664e1177afe23260a86e10c24e1a0c454309b7eaaa5aca6d4477072800"
"dataset/train/parquet/parquet_275.jpg","train","parquet","parquet_275.jpg",".jpg","4438530","c108a5653e3e9ae31a3cf826df7a78e7d7db730baec3bc913ca8ef75a0d4be56"
"dataset/train/parquet/parquet_276.jpg","train","parquet","parquet_276.jpg",".jpg","4736879","11e4e8a55a30fdfd5ec4e1808dde0c23ec94fc257189a2479469cfbdbe67df00"
"dataset/train/parquet/parquet_277.jpg","train","parquet","parquet_277.jpg",".jpg","4766840","dbf87d76662229d51e99954f546eee9d022d5f245bb0e2d3555dea8281d73cae"
"dataset/train/parquet/parquet_278.jpg","train","parquet","parquet_278.jpg",".jpg","4509432","66e7f9f4a77fe0ca824958febeaa73d848e83da73193b4b2f406ab666d07f81e"
"dataset/train/parquet/parquet_279.jpg","train","parquet","parquet_279.jpg",".jpg","4868537","25f8136ec60339a82b8c1923be398436e45c3a1675b359c98d84ed7835f8f365"
"dataset/train/parquet/parquet_280.jpg","train","parquet","parquet_280.jpg",".jpg","4314253","ec06b68978da25e6e82eb34d5e221e32d1856c330ac82937a8d2303683405e5a"
"dataset/train/parquet/parquet_281.jpg","train","parquet","parquet_281.jpg",".jpg","4530997","7a1f02524665c5d6680c430e4208be5c6e5f091a68edef9435b43b71a75ab457"
"dataset/train/parquet/parquet_282.jpg","train","parquet","parquet_282.jpg",".jpg","4398443","4ee06c37fc0ad738620210a9324b0eca1d0aad3dda5bb5f2c67244906e1435ad"
"dataset/train/parquet/parquet_283.jpg","train","parquet","parquet_283.jpg",".jpg","4492173","be01da4ec3927827b36e8503f03e549bd270499b4c186a9cc207e8c607602585"
"dataset/train/parquet/parquet_284.jpg","train","parquet","parquet_284.jpg",".jpg","3974143","b3256adda7acfd4dcfa168170aec3acc4a5e9468cd0599da21e3abff2a0d74c7"
"dataset/train/parquet/parquet_285.jpg","train","parquet","parquet_285.jpg",".jpg","4485596","751e334331e39a912199825809db849f074bcf3042228b4788230e939a8d6a9c"
"dataset/train/parquet/parquet_286.jpg","train","parquet","parquet_286.jpg",".jpg","4633233","af46d16fd585dc666bb5edeeae9fdf4bd02a0116919ac12fb2c203668ad8f2ac"
"dataset/train/parquet/parquet_287.jpg","train","parquet","parquet_287.jpg",".jpg","4605097","48dc4fa3d88c6c8f3fa265fae9c32063cf1304932c3697b5261c2ef559481fa0"
"dataset/train/parquet/parquet_288.jpg","train","parquet","parquet_288.jpg",".jpg","4502685","963f5c08a03045a50910dafc2513a8653881b4efdb1a4e4fb8bfdf12fd4879b2"
"dataset/train/parquet/parquet_289.jpg","train","parquet","parquet_289.jpg",".jpg","4192625","3a7e81a01261404d2388bd347585362f97d33eee9ba476b7ca4ea2f13bac2674"
"dataset/train/parquet/parquet_290.jpg","train","parquet","parquet_290.jpg",".jpg","4243742","a11c4ae9937320da869f55d405b812775149548ec7387e4a7a3815a56b255e04"
"dataset/train/parquet/parquet_291.jpg","train","parquet","parquet_291.jpg",".jpg","3794581","46d37778c97c5f0dc75dbb9a3734bbef121f9f1dc241959d31f3c5a03be31015"
"dataset/train/parquet/parquet_292.jpg","train","parquet","parquet_292.jpg",".jpg","4220449","148fcd152eed0f663a52771608d9e3f1f1896a566868f0e4bc51e900243c0342"
"dataset/train/parquet/parquet_293.jpg","train","parquet","parquet_293.jpg",".jpg","4298230","22b5a42f3c0431ca25b27ab04df51741cf625b32c7358c1aeffb36412e9bff5e"
"dataset/train/parquet/parquet_294.jpg","train","parquet","parquet_294.jpg",".jpg","3870581","096c14496463460a009e20030f6c2c0ac5a62cefdb060f307598240f6563483a"
"dataset/train/parquet/parquet_295.jpg","train","parquet","parquet_295.jpg",".jpg","3926162","d2a5bab9b3dd154fcfd36b201efb8d8f1cd14027e6a5742298b069799a2dbe25"
"dataset/train/parquet/parquet_296.jpg","train","parquet","parquet_296.jpg",".jpg","3876496","73257ccbac67a3df7f72b77d510d27ee91d55ce370fef264bdb0820d17e5efdc"
"dataset/train/parquet/parquet_297.jpg","train","parquet","parquet_297.jpg",".jpg","4581568","820128253220144a3bd0cd0d4989ea5bda90d5b19d70b64a036de2ec84bab92c"
"dataset/train/parquet/parquet_298.jpg","train","parquet","parquet_298.jpg",".jpg","3602929","9f4b6c24e9fb19493940bdc20cffe4ffcb535302c352f8963b436b01d32c4ddf"
"dataset/train/parquet/parquet_299.jpg","train","parquet","parquet_299.jpg",".jpg","3854701","345beb1c74d24f16ffef22e9aded07373d0b14fb024be728eb2c383e1195ca15"
"dataset/train/parquet/parquet_300.jpg","train","parquet","parquet_300.jpg",".jpg","4389154","735a3dddce8c9b1d6b561ea6f54ad77f33d08ea7340053daf21058f8937b8b9b"
"dataset/train/parquet/parquet_301.jpg","train","parquet","parquet_301.jpg",".jpg","4254986","e13a7bd9f6303a9e3748f042a90672e949f90c1e8304903730503dbe55cb78af"
"dataset/train/parquet/parquet_302.jpg","train","parquet","parquet_302.jpg",".jpg","4481693","db1e4d8483e37f65d812e842f451cb442488d107358d6739f9f51cdf90e40e84"
"dataset/train/parquet/parquet_303.jpg","train","parquet","parquet_303.jpg",".jpg","4379517","1c7e6c2ee0c4f84316eb743d1e647cb69da1f3bf71cdc841d975ca4b10cc8904"
"dataset/train/parquet/parquet_304.jpg","train","parquet","parquet_304.jpg",".jpg","4247233","c0b86d96c58e207f88f0d108bbe584a8cfda00b8c6c59674315bc6b50a07bbe3"
"dataset/train/parquet/parquet_305.jpg","train","parquet","parquet_305.jpg",".jpg","4508599","ab3ddb298890d8ddb363090619b49379e3da2e49aac030c428ff55a3ea92be3e"
"dataset/train/parquet/parquet_306.jpg","train","parquet","parquet_306.jpg",".jpg","4533279","208dbc3c47f6616fce2db63180348fc452aaed7ad2e377c5ef50468851ede4c1"
"dataset/train/parquet/parquet_307.jpg","train","parquet","parquet_307.jpg",".jpg","4352110","e5eb83665c73f31f4e239a9eb8919664e9797cc1933360be896d698dcc0b2c32"
"dataset/train/parquet/parquet_308.jpg","train","parquet","parquet_308.jpg",".jpg","3977886","5ede0d107f85a54e4364245f7ef990cacbac5790b093becf525cf8a461cf3d56"
"dataset/train/parquet/parquet_309.jpg","train","parquet","parquet_309.jpg",".jpg","3811477","9bbfae6d068da7afb61a8a232cb6e51e19b044d0e9b1290ab0cdfff975d27bd7"
"dataset/train/parquet/parquet_310.jpg","train","parquet","parquet_310.jpg",".jpg","4288859","45a030b09aec1f7ab4434e5ce6756509e012642be99ccc83e7b895972620fad6"
"dataset/train/parquet/parquet_311.jpg","train","parquet","parquet_311.jpg",".jpg","4308084","eb915fa1472d7a58d27cb97964a57a219ebf650f340f4464a85ab212e5ae8283"
"dataset/train/parquet/parquet_312.jpg","train","parquet","parquet_312.jpg",".jpg","4264517","73d517b486bc923fa869441e1c170b30c46e60eeca7fc3fee07583ae58f6c601"
"dataset/train/parquet/parquet_313.jpg","train","parquet","parquet_313.jpg",".jpg","4382298","2b3dad7d86d840b9610b9fc24f22c04e75bf903b3d9416f4e9e6ea4942425d8f"
"dataset/train/parquet/parquet_314.jpg","train","parquet","parquet_314.jpg",".jpg","4557572","ee01b4009fb921dac82003fadd7099f53ad4f39eafa79c495dcab1667610b9be"
"dataset/train/parquet/parquet_315.jpg","train","parquet","parquet_315.jpg",".jpg","4364772","429a3c4d18118d2c32315cec59f5d17e68b0f3ab1a9cc2142f9e489b3bf17d27"
"dataset/train/parquet/parquet_316.jpg","train","parquet","parquet_316.jpg",".jpg","4333010","06803dd3375689046c2148f396c2077fab201c63ab4a4b78820f714c0724a034"
"dataset/train/parquet/parquet_317.jpg","train","parquet","parquet_317.jpg",".jpg","4325696","ab2518bfad2d3f1d8f5c0c3a3d27c12d60d26ce55a7c1131f2869b9d86acb252"
"dataset/train/parquet/parquet_318.jpg","train","parquet","parquet_318.jpg",".jpg","4410768","deecd929c49b0bf5550632c1dcb26f5da652d9d689c0b47216778269f72c0e4a"
"dataset/train/parquet/parquet_319.jpg","train","parquet","parquet_319.jpg",".jpg","4498342","7bbf324f6d6edd7cb49484bf46f8d98cc85285120f4933648cafe58bb3e14bed"
"dataset/train/parquet/parquet_320.jpg","train","parquet","parquet_320.jpg",".jpg","4239047","7d647857fcfca4c972bbc4c8935d2cccf05b2d27b548f83f3b1d48624bab9051"
"dataset/train/parquet/parquet_321.jpg","train","parquet","parquet_321.jpg",".jpg","4438384","268e3c0355d17ab66577c80b0f77a2eeae6a9f3121ac6d2b7f38c0f4b768d1a2"
"dataset/train/parquet/parquet_322.jpg","train","parquet","parquet_322.jpg",".jpg","4464309","ccad84de82547dfe95e4286acbef0d0646c0c5d91d4ba3d52c5847bd1db3adde"
"dataset/train/parquet/parquet_323.jpg","train","parquet","parquet_323.jpg",".jpg","4584796","b9a0996c3ba8c5942c31e72789bc598432f507edb2936c44d27cd93f5144073e"
"dataset/train/parquet/parquet_324.jpg","train","parquet","parquet_324.jpg",".jpg","4111108","39fba11c1e3de2749cfd74517b249e5fccfa4de27218e19ce633baa5a33d7737"
"dataset/train/parquet/parquet_325.jpg","train","parquet","parquet_325.jpg",".jpg","4550427","bfec08d89dd69637a7ae48b9867f215c996c8d9069b3e5dd220d8b9672f52365"
"dataset/train/parquet/parquet_327.jpg","train","parquet","parquet_327.jpg",".jpg","4319137","3678fbcfe9013073cf643897ec9905dff06106d1a025631148f50bb3f4b3b0cb"
"dataset/train/parquet/parquet_328.jpg","train","parquet","parquet_328.jpg",".jpg","4412010","10370d585bb1a3e96d0f5b37f9bec3f92ad5f4240994b6e0c577cb59c3ae6a0b"
"dataset/train/parquet/parquet_329.jpg","train","parquet","parquet_329.jpg",".jpg","4490809","9801fabbf44b07003a583bc1c1dc554036eab59d222a6ec137e4a4bac35e5d11"
"dataset/train/parquet/parquet_330.jpg","train","parquet","parquet_330.jpg",".jpg","4331036","09fe7cb39df7c6f123cc1fe47f2a99de02d0248bce142d951d82e3444b35c44d"
"dataset/train/parquet/parquet_331.jpg","train","parquet","parquet_331.jpg",".jpg","4176572","fe879df77085718237424498bde5f6f2e2446bdce6c30493f26074201fc3c4c1"
"dataset/train/parquet/parquet_332.jpg","train","parquet","parquet_332.jpg",".jpg","4020594","fb6f4419315b7625c9f5aaaddbf9cf438443c4eacc3d6548297aaff6c9e2777e"
"dataset/train/parquet/parquet_333.jpg","train","parquet","parquet_333.jpg",".jpg","3879686","6f19fdb0959b17b6ef8a85c34eb1aab9e863e5f11133143a3dff241a7572c49a"
"dataset/train/parquet/parquet_334.jpg","train","parquet","parquet_334.jpg",".jpg","4045760","5146d0d224f143ba09d34e39e91044f4f1e09612d76ebbbcf7258a162aacded0"
"dataset/train/parquet/parquet_335.jpg","train","parquet","parquet_335.jpg",".jpg","4061816","4a81f71b774364c77e8cd7b971bf6e48a47359010ac79516fc72a68a62ffa4c1"
"dataset/train/parquet/parquet_336.jpg","train","parquet","parquet_336.jpg",".jpg","4238117","59fffc94ec810cb292e8c064be724f264c7200b08044c1ce66e4641cd6805191"
"dataset/train/parquet/parquet_337.jpg","train","parquet","parquet_337.jpg",".jpg","4516295","74a61bb92f522bee5d0e89b168bfad8128fd54c2568598fe3c90be2c2e451474"
"dataset/train/parquet/parquet_338.jpg","train","parquet","parquet_338.jpg",".jpg","4108051","c5fe9e56e2830669fa4ca90572a7cc7bacc14df183ddec353455c172feac2d12"
"dataset/train/parquet/parquet_339.jpg","train","parquet","parquet_339.jpg",".jpg","4137189","e2f8e92c273d1c74935aef3d0ef75d420a422b419dd34864490fd4bfcdf0b7f8"
"dataset/train/parquet/parquet_340.jpg","train","parquet","parquet_340.jpg",".jpg","3690191","9879c9e391d802158a8453d7ed92638bb38324e312b27589679ce356cfb5e32e"
"dataset/train/parquet/parquet_341.jpg","train","parquet","parquet_341.jpg",".jpg","3808284","b378f7377de575f727622c9e1b73d8b1d2317571ab2d4de2c8f1b4934ca7361d"
"dataset/train/parquet/parquet_342.jpg","train","parquet","parquet_342.jpg",".jpg","3916002","cf63f1738fb4914441c7e1ac5c149884a0c9a8a7a6b0dcfda03295eb29ab10fb"
"dataset/train/parquet/parquet_343.jpg","train","parquet","parquet_343.jpg",".jpg","3940947","ba226a4b7e805b3367ac6e92479e10c3968f75a200a8d02eb4f295795955ae9d"
"dataset/train/parquet/parquet_344.jpg","train","parquet","parquet_344.jpg",".jpg","4060377","3e37b117cec25bb7ea2e0198d89615b7a26d22f15364c6790f0c4067f7d27454"
"dataset/train/parquet/parquet_345.jpg","train","parquet","parquet_345.jpg",".jpg","4149744","7f19cc02fc0f030f60f05a4f240f4599bea88cd4b4ade4de652fbc50d3021557"
"dataset/train/parquet/parquet_346.jpg","train","parquet","parquet_346.jpg",".jpg","3427052","024c465d3367216117aa7b30377cb0443752f75dab7a529a5f0f94830845793d"
"dataset/train/parquet/parquet_347.jpg","train","parquet","parquet_347.jpg",".jpg","3500107","329ff10c66ed4cecb14c26108eb31ae57ffa5965b84e52d8423bf1e6cb639489"
"dataset/train/parquet/parquet_348.jpg","train","parquet","parquet_348.jpg",".jpg","4302204","cde28c99785d4972ad3f5e778f509de0073242622d29dbd1949f07f86b20b4a1"
"dataset/train/parquet/parquet_349.jpg","train","parquet","parquet_349.jpg",".jpg","4052526","ef832323f4fc6aa669fdaff09e94d6ecf822ba27ffa53b38c26e6d2726b6f19d"
"dataset/train/parquet/parquet_350.jpg","train","parquet","parquet_350.jpg",".jpg","3553202","4dfec91f736bd3f9560e9ce8173ee9e15ed7da06922e42aff82542e9d761332d"
"dataset/train/parquet/parquet_351.jpg","train","parquet","parquet_351.jpg",".jpg","3614733","23ce48ad0cd84d19bcc1913b61e21915db0e46ab27a73f6929a88feffc1c2746"
"dataset/train/parquet/parquet_352.jpg","train","parquet","parquet_352.jpg",".jpg","3708360","ed907788d0ae6227d566d0a5884926bfed457e0cda53f2fc66cca5dcf3a150a8"
"dataset/train/parquet/parquet_353.jpg","train","parquet","parquet_353.jpg",".jpg","3286565","386e3334cc6b6446835626b400711fc31c4243976f6400045c59b0dc9dfe3e5b"
"dataset/train/parquet/parquet_354.jpg","train","parquet","parquet_354.jpg",".jpg","4082740","05a9be2dbfaaf617bfc34dd8066e16e35e2ad2b3979b8d366a225c7ecce245d8"
"dataset/train/parquet/parquet_355.jpg","train","parquet","parquet_355.jpg",".jpg","3560214","4281de28ceca053431c4e3b3a9fa903bf5952e49afd79d30afbabddaf8a8b629"
"dataset/train/parquet/parquet_356.jpg","train","parquet","parquet_356.jpg",".jpg","3944019","374316da547a3fbaeb0ee5b8e58359a2ffa03fb0c8b3cadfda13aabea6c7391e"
"dataset/train/parquet/parquet_357.jpg","train","parquet","parquet_357.jpg",".jpg","4103367","a578e9a81da8cc6ff05bfb7c4f1de12424466c056a1f1f842a797c54b4b25e28"
"dataset/train/parquet/parquet_358.jpg","train","parquet","parquet_358.jpg",".jpg","4123841","98376901158c18cbdc0c094a703e6995580cfd79ffbc5cb24b9435866ff761fb"
"dataset/train/parquet/parquet_359.jpg","train","parquet","parquet_359.jpg",".jpg","4148805","29b5b42b4c7cf2f5640f23bed29c91b1f0338e7608e21c9aca848fd25752534d"
"dataset/train/parquet/parquet_360.jpg","train","parquet","parquet_360.jpg",".jpg","4212370","7883b2d126bd90f6d775600adbb224860188461d4d3a36356f06ac58ca36bc48"
"dataset/train/parquet/parquet_361.jpg","train","parquet","parquet_361.jpg",".jpg","2884717","65d3fa2caa1175a4259a16d09a3f628ee616ea9d6ae486d8481fd25228fbf81a"
"dataset/train/parquet/parquet_362.jpg","train","parquet","parquet_362.jpg",".jpg","2616156","e18bb2c47376fb8c2958c020330c5c42fa6425eb94d580e926e3c0ffc17bf1cc"
"dataset/train/parquet/parquet_363.jpg","train","parquet","parquet_363.jpg",".jpg","2520324","39bbc27cbd870d3cfc83578eb0d1f191755ca70595c75c701b1814db691320b5"
"dataset/train/parquet/parquet_364.jpg","train","parquet","parquet_364.jpg",".jpg","2553465","97eaa43cce6bf196859645446d2f8adb484d96b119c1e4fbe8cbf0f41621921b"
"dataset/train/parquet/parquet_365.jpg","train","parquet","parquet_365.jpg",".jpg","2368749","5d9ae2b9b67082fe7e5fcf1b2023ed0d1cc7a0a61d7c72729a08cd646676344b"
"dataset/train/parquet/parquet_366.jpg","train","parquet","parquet_366.jpg",".jpg","2207407","e0e0995e6ef6e11a256740ff9b87396eeec71ceed6ce08fd74d6d23e0b73aea1"
"dataset/train/parquet/parquet_367.jpg","train","parquet","parquet_367.jpg",".jpg","2222121","3b157dde62486e68be393a3054e0fdfced33baece803c75ca89f26e69bf67d39"
"dataset/train/parquet/parquet_368.jpg","train","parquet","parquet_368.jpg",".jpg","2093287","d65c4daa9cd565903ab10d58f28eeb0ff36dd699c686b1596cd979f664aff834"
"dataset/train/parquet/parquet_369.jpg","train","parquet","parquet_369.jpg",".jpg","2509271","ea19f2b158832dca417956b764a242e6a1ad153fd4f6a319ba0d0c0ca9b57203"
"dataset/train/parquet/parquet_370.jpg","train","parquet","parquet_370.jpg",".jpg","2497473","f3be0e4635872d3d0e21184a7bdad087fa268aa4dc5d5dc70a18ed73427c2f9c"
"dataset/train/parquet/parquet_371.jpg","train","parquet","parquet_371.jpg",".jpg","2405386","53d82c63d07d1ed21f846749a00b49a1f10cd8ed6089b21e7c19b21ab8502a7a"
"dataset/train/parquet/parquet_372.jpg","train","parquet","parquet_372.jpg",".jpg","2311274","9e9f824caa5456397d5a1cdb2d460cac40a7a9819bf9cb319c6e38077dbab5a7"
"dataset/train/parquet/parquet_373.jpg","train","parquet","parquet_373.jpg",".jpg","4313274","1820256719bc9c84fc319bd7819513f2c33e340d111cd76279d0ab52613bf186"
"dataset/train/parquet/parquet_374.jpg","train","parquet","parquet_374.jpg",".jpg","3989425","7d9e01e1a8d7a6a3210d47300d96215632bfda91b52ca6b94b35518ece406868"
"dataset/train/parquet/parquet_375.jpg","train","parquet","parquet_375.jpg",".jpg","3878647","48c8b75b08997f7c76417f388a592303b5e792d6dcdc46d9d6f3eea53c128652"
"dataset/train/parquet/parquet_376.jpg","train","parquet","parquet_376.jpg",".jpg","3802674","b21957c140b408f1a5c88043d90047e441d8fa4ff50d39f2b9060558c8701837"
"dataset/train/parquet/parquet_377.jpg","train","parquet","parquet_377.jpg",".jpg","3811762","56a647e66c6206ea1b367521e340624e26a495bdf540a51d609b750d2c5b2b4e"
"dataset/train/parquet/parquet_378.jpg","train","parquet","parquet_378.jpg",".jpg","3865992","edba4953f36b90e28845f1ac2621756fd264b3508d8645df33507ac69fc86235"
"dataset/train/parquet/parquet_380.jpg","train","parquet","parquet_380.jpg",".jpg","4045389","aad3a11e6643e060321fa2267d2e149ca6cb146ba962e6f02a95ab0900c54be0"
"dataset/train/parquet/parquet_384.jpg","train","parquet","parquet_384.jpg",".jpg","3729292","f803757360c384ab4c5869c3c06f4a71821cb5d6dd105825afec2ddbb958afac"
"dataset/train/parquet/parquet_385.jpg","train","parquet","parquet_385.jpg",".jpg","3757140","8ec25f0823bf104140172e0668458120c9143486e0e3ac48afd2af07d0788b6f"
"dataset/train/parquet/parquet_386.jpg","train","parquet","parquet_386.jpg",".jpg","2544397","48fd22241b4b3b0c0b108ca9b528ea53503c6f6e4a0843b023102df244d6917d"
"dataset/train/parquet/parquet_387.jpg","train","parquet","parquet_387.jpg",".jpg","2299583","f3675c5541d67f39ef2e49dd487426358d41174a4e2e757ebc31f580796d2904"
"dataset/train/parquet/parquet_389.jpg","train","parquet","parquet_389.jpg",".jpg","2437780","77ad4033c9a8517af97dbb909d4b427d6f3db9cf152aa875265bde8433d8dda8"
"dataset/train/parquet/parquet_392.jpg","train","parquet","parquet_392.jpg",".jpg","1878583","8f35b8cf53a0c9cbdf4788793c485fd714f915f2a1b7cc97058e54e70ee70932"
"dataset/train/parquet/parquet_394.jpg","train","parquet","parquet_394.jpg",".jpg","1842773","42f05599ced0cd53400bbaa4e3df8c37ca46fcba90d25a05bbb8779b921cf5cb"
"dataset/train/parquet/parquet_395.jpg","train","parquet","parquet_395.jpg",".jpg","1858753","607d4567f81e7c0220b456d450a73405e04c7f7955152db6747925b8bb0bdc60"
"dataset/train/parquet/parquet_396.jpg","train","parquet","parquet_396.jpg",".jpg","1835404","84d273f01fb2dadfb7e36659c573e0face7c1dbf6217e0f5924d507e3ba96258"
"dataset/train/parquet/parquet_397.jpg","train","parquet","parquet_397.jpg",".jpg","1923703","e183ca3917c1ce8ac5d41c54b101c01d7addd3727551b983e258f11c8deb89fc"
"dataset/train/parquet/parquet_398.jpg","train","parquet","parquet_398.jpg",".jpg","4160611","b3f4423c0c8660821f74dbc9d6960e99d6d8ead224482a731ae749d60b70224f"
"dataset/train/parquet/parquet_399.jpg","train","parquet","parquet_399.jpg",".jpg","3983843","2ff3f1b2dc4410fb7bcdc01cf6c509fc748f43eb1ba4bd9aad89c9909f55aaad"
"dataset/train/parquet/parquet_400.jpg","train","parquet","parquet_400.jpg",".jpg","3835449","e7632be1bc10634a529e77269a3dcfcba7d3abe1412a30d7a9015a22fde40fdb"
"dataset/train/parquet/parquet_401.jpg","train","parquet","parquet_401.jpg",".jpg","3883807","2aca37902e95327eb10ccb52dd7e25ef4c56d071a83dae5d553f062cb30efbd8"
"dataset/train/parquet/parquet_402.jpg","train","parquet","parquet_402.jpg",".jpg","3543135","9b771ef5e9c1de8273a0ce3b52285b9f41ca5257e7d82a48dc8685b40ab8b7ac"
"dataset/train/parquet/parquet_403.jpg","train","parquet","parquet_403.jpg",".jpg","3191791","e1c3b3fd043daa9886034e78bbadf1d0e95daa88b24c4e62c672262366abc725"
"dataset/train/parquet/parquet_404.jpg","train","parquet","parquet_404.jpg",".jpg","2913801","32c27f81bd24bd4c4d8e6452a2bd2bc97f6d6ce2f325ce77ebf530481c2abd0b"
"dataset/train/parquet/parquet_405.jpg","train","parquet","parquet_405.jpg",".jpg","2587016","ef23bbb55d78fbbea09de14ff3fddaaf72f97edd93ca6f987c0fa90cc5ac6d13"
"dataset/train/parquet/parquet_406.jpg","train","parquet","parquet_406.jpg",".jpg","2678466","e0c436ad0e5c2004846c7e526673dc691ea5d617b7f6fa53a4832412ae9a7059"
"dataset/train/parquet/parquet_407.jpg","train","parquet","parquet_407.jpg",".jpg","2385610","a10ad84bf95966c67143a3980309570cfeaa0b88ae831e56ec2acf5cf981dfc0"
"dataset/train/parquet/parquet_409.jpg","train","parquet","parquet_409.jpg",".jpg","2077163","2cc166a9c9c09ab414f0eed9e331cec5e25a94332e8aa74b11915f5ebbc9c979"
"dataset/train/parquet/parquet_410.jpg","train","parquet","parquet_410.jpg",".jpg","1975620","2c98d8d80bd3a3ce943641c0a6595e063c8e2329f2fb8ba1fc1836fee464e766"
"dataset/train/parquet/parquet_411.jpg","train","parquet","parquet_411.jpg",".jpg","2061869","61d3a1c11bea274e5edec8da4d495663194ebfe70a315cb0fda5a6cd6f850113"
"dataset/train/parquet/parquet_412.jpg","train","parquet","parquet_412.jpg",".jpg","1965805","0e16551de6953c2bce072eea84f46a5d7e3154ad5e3df21ae9a4396965dfc0df"
"dataset/train/parquet/parquet_415.jpg","train","parquet","parquet_415.jpg",".jpg","1984586","0451812a006251ae2e4db1542c48a6934a0da22daa79dd0528c00f1218c4efc3"
"dataset/train/parquet/parquet_416.jpg","train","parquet","parquet_416.jpg",".jpg","1898363","84bff969a2382871e17513139acef24d409f5bab7a13d9a2e09d239a59ff5b5f"
"dataset/train/parquet/parquet_417.jpg","train","parquet","parquet_417.jpg",".jpg","1931845","319956ebed20ddd1f0db91b1b8cced83dfc4b1bcab591a0495d052ab8607a390"
"dataset/train/parquet/parquet_418.jpg","train","parquet","parquet_418.jpg",".jpg","1833353","c997d4cbce08e815148946090242017cf19f9c42f71e418643ea609c1482a114"
"dataset/train/parquet/parquet_419.jpg","train","parquet","parquet_419.jpg",".jpg","1792076","484b059b0c06ee03e558ecb357fa580d977fe107d506abeaf5f940f596a54caa"
"dataset/train/parquet/parquet_420.jpg","train","parquet","parquet_420.jpg",".jpg","2340734","9af30faf52e77f514ad9c161b7f8bdf287ce1f3533735efc9389318405fac111"
"dataset/train/parquet/parquet_421.jpg","train","parquet","parquet_421.jpg",".jpg","2420137","260d46b3ae32706386d39f7548d07f4128b100ecbe22d47244bda222e759dc5b"
"dataset/train/parquet/parquet_422.jpg","train","parquet","parquet_422.jpg",".jpg","4140045","c52cef43dad525ebdaff138a5567f67aad2fcfbe8746b659d265e62c865f56e8"
"dataset/train/parquet/parquet_423.jpg","train","parquet","parquet_423.jpg",".jpg","3977413","c1ce4601f57a692df54d283eee7ea9107353dbf1ef8afd2bfbe2c1b4e6f39ee6"
"dataset/train/parquet/parquet_424.jpg","train","parquet","parquet_424.jpg",".jpg","3837325","ad84e8eb0da6d4d2f9937a3028c0107bd31bd1b44bb4e9b2ed786948b15808ef"
"dataset/train/parquet/parquet_425.jpg","train","parquet","parquet_425.jpg",".jpg","4170046","e4b40de2b18e774a1a18464119dc1148231c7a9ff4f802af7c67cb1ca287c4c6"
"dataset/train/parquet/parquet_426.jpg","train","parquet","parquet_426.jpg",".jpg","3829849","39521b659f5421810d25c67a3e9160bf304587540ae49eed1a7ed203804eadc6"
"dataset/train/parquet/parquet_428.jpg","train","parquet","parquet_428.jpg",".jpg","3924226","694a7bd5f2861d592c19eb50918928a541f1171b3d2b0690537b51cbcee266b7"
"dataset/train/parquet/parquet_429.jpg","train","parquet","parquet_429.jpg",".jpg","3907479","8a1b8957c57becc8484fa85d557280d0be51772a1f549c7d7e5c5a7ebebfe17b"
"dataset/train/parquet/parquet_430.jpg","train","parquet","parquet_430.jpg",".jpg","3954481","e180e6acc1348156b434918bca7493001d55c5b744f6f08834167573db8c3f2f"
"dataset/train/parquet/parquet_431.jpg","train","parquet","parquet_431.jpg",".jpg","3945714","d8ae8166afd256e2c950066a4576270e3e922ed63eb3b3f7c00516628fc1f631"
"dataset/train/parquet/parquet_432.jpg","train","parquet","parquet_432.jpg",".jpg","3558680","8e6d8830ccac2b7bd086302370dbfa8052214e59145d4a1b6b0dc663fbf4bc4c"
"dataset/train/parquet/parquet_433.jpg","train","parquet","parquet_433.jpg",".jpg","3859045","90891dc5cc6546bbd7dc16e37f81e15d8a7f38d1b5e7a2a8d0b425457b1e7398"
"dataset/train/parquet/parquet_434.jpg","train","parquet","parquet_434.jpg",".jpg","3896235","3e8470c3c8d5d21e4c4710e875735e64d65707778e0b9d8425ae1949b0d5c0e4"
"dataset/train/parquet/parquet_435.jpg","train","parquet","parquet_435.jpg",".jpg","3586527","1d157eee03024204e0b4c6871ec8acbdfe7ceff7d5b0415025534e2d748f6d43"
"dataset/train/parquet/parquet_436.jpg","train","parquet","parquet_436.jpg",".jpg","3776369","2ea035d286668cef24aef8a0b09d311a9c066773d7db9180f542a659fef91380"
"dataset/train/parquet/parquet_437.jpg","train","parquet","parquet_437.jpg",".jpg","3760391","396f4d1228da95b173dd13001dacbdc8226ad1c860424234f4987dd03b2e10a6"
"dataset/train/parquet/parquet_438.jpg","train","parquet","parquet_438.jpg",".jpg","3288249","65ccd9bcd88f0ee41be4f92f5636a78bea1ccc7cf3319c481fac2de0b95ee237"
"dataset/train/parquet/parquet_439.jpg","train","parquet","parquet_439.jpg",".jpg","3838813","94892b9edc65aab8fe66e3e1459d2afb6f7634c62208648e7ebc4e33e911d8b1"
"dataset/train/parquet/parquet_441.jpg","train","parquet","parquet_441.jpg",".jpg","4663103","62e2f85fa31a9af1bdce8858a91506873fb9f75d16dd884f784a8cae9199be67"
"dataset/train/parquet/parquet_443.jpg","train","parquet","parquet_443.jpg",".jpg","3380081","e98250b78d812351bc38058d8c06d3f6d9b35fd5baf8db50030033dd21013a80"
"dataset/train/parquet/parquet_444.jpg","train","parquet","parquet_444.jpg",".jpg","2659548","e75b36e8f939091e209cce7f2fd49f1e6b57ee7dcd5711ce082f9932bee1a5f7"
"dataset/train/parquet/parquet_445.jpg","train","parquet","parquet_445.jpg",".jpg","4052316","5a7d3a231eec905f1d895c492d6ec0afa60278437f7057dccc153d5598addb1f"
"dataset/train/parquet/parquet_446.jpg","train","parquet","parquet_446.jpg",".jpg","3599980","e73a68b39a2f356b37ec75cd540a0c0bb76dbac483a4736845e985c17b34b5f0"
"dataset/train/parquet/parquet_447.jpg","train","parquet","parquet_447.jpg",".jpg","2868422","862046cfc1d70ad7df21c5288f7a76ef1184047c1bda65a064820c69a2b5746f"
"dataset/train/parquet/parquet_448.jpg","train","parquet","parquet_448.jpg",".jpg","1987329","abff33c2939b81354b7ccdf24421e0c357dce61f89f40740920cb5934ef856f1"
"dataset/train/parquet/parquet_449.jpg","train","parquet","parquet_449.jpg",".jpg","1999201","930012f18db04a5cdb8166d1722e226cd70464f2e2350c137ce661f252dadae6"
"dataset/train/parquet/parquet_450.jpg","train","parquet","parquet_450.jpg",".jpg","1994927","3e00765e4536aee69b1d66e3543205795904da53285a57ea1499a48f0220cdab"
"dataset/train/parquet/parquet_451.jpg","train","parquet","parquet_451.jpg",".jpg","1955576","5588200579b5cd36016d2e901001d184878ecdef6920b21de35677edebd333f9"
"dataset/train/parquet/parquet_452.jpg","train","parquet","parquet_452.jpg",".jpg","2399007","908c5cc09454da2d68c29678a8cbf6da79a8de3e91e3e906ed7ed9a14bc00b6f"
"dataset/train/parquet/parquet_453.jpg","train","parquet","parquet_453.jpg",".jpg","2070980","aa5b160957d4e90d4397e735e406c9fd2cbc27b0eca692e70c3e8b8ce56c583c"
"dataset/train/parquet/parquet_454.jpg","train","parquet","parquet_454.jpg",".jpg","2185185","f113b80e4edc1d9e666c3beecae2b9c3c1a888d4680185e46c9294fa8c3b692b"
"dataset/train/parquet/parquet_455.jpg","train","parquet","parquet_455.jpg",".jpg","2220669","596f68da838a37007a33b56bf82a22b1a67ebedee0f29a40eac2f43fa910ce54"
"dataset/train/parquet/parquet_456.jpg","train","parquet","parquet_456.jpg",".jpg","2432052","22fb827a743df724f8b082be23f75a328229b03baa271d872fce298625b2bae4"
"dataset/train/parquet/parquet_457.jpg","train","parquet","parquet_457.jpg",".jpg","4161834","fd87cf524330dec7b59511f708ba0f74193a96b53dd3dcf1a40dfe88a2398937"
"dataset/train/parquet/parquet_458.jpg","train","parquet","parquet_458.jpg",".jpg","4458653","e20a18042950d644d5639e5e16e2191e6b50a8c388623cd44e473cdd1b291bd2"
"dataset/train/parquet/parquet_459.jpg","train","parquet","parquet_459.jpg",".jpg","4280881","2ec6bb61687e011b2e4e7d674b4433fa03185f58a209dac8c7fdbbadeb40c0cb"
"dataset/train/parquet/parquet_460.jpg","train","parquet","parquet_460.jpg",".jpg","3609021","7e6b235c2d5a8bf6d9e0025f3c25ffe4962eee88e8c06ac35513c6adef6e457d"
"dataset/train/parquet/parquet_461.jpg","train","parquet","parquet_461.jpg",".jpg","3817106","4e84094c161d0ebc6ae17e7623c99920e2a8997c9e55abd0ab41bde788fe35ef"
"dataset/train/parquet/parquet_462.jpg","train","parquet","parquet_462.jpg",".jpg","3306578","853916876fb316cfeb5804e19cff459866b24fb219449f0e9db001e0ebc77ab9"
"dataset/train/parquet/parquet_464.jpg","train","parquet","parquet_464.jpg",".jpg","3113668","940b2661e856a0913487648381d8eb82ea80bb724b35854ff0a27a5417d4bc2b"
"dataset/train/parquet/parquet_465.jpg","train","parquet","parquet_465.jpg",".jpg","2757472","c9b4531dbb2daf7ec675bb4acc678b6b7de55d289f31d7803f625f365e5024c8"
"dataset/train/parquet/parquet_466.jpg","train","parquet","parquet_466.jpg",".jpg","2453318","dc005a0cbfc3b7d80c4587943a1e41a2208aab4afccd90afeabc4cafbde62893"
"dataset/train/parquet/parquet_467.jpg","train","parquet","parquet_467.jpg",".jpg","2484166","f15159f04cc6a9ca6c069b0c4c225e86d61c085b05a7c761e0a0b56e5c162f83"
"dataset/train/parquet/parquet_468.jpg","train","parquet","parquet_468.jpg",".jpg","4517359","4f7d84026dce4b344c1362af44df822c1aefaba197a367941cb2bd16abefdb72"
"dataset/train/parquet/parquet_469.jpg","train","parquet","parquet_469.jpg",".jpg","4037513","8cd69e61ccb2871f1c3abe67fc317bea835ab755b12d078960e0ebaa8d950c09"
"dataset/train/parquet/parquet_470.jpg","train","parquet","parquet_470.jpg",".jpg","4053468","4481443873f5ebc9966d0982c84de21ae243d6b0c039ba1b12c5f3e962266453"
"dataset/train/parquet/parquet_471.jpg","train","parquet","parquet_471.jpg",".jpg","3818912","1a16212f3bcfe019d443b6b709a1cd8adae5836cf5da9dd76ec78b2443eab885"
"dataset/train/parquet/parquet_472.jpg","train","parquet","parquet_472.jpg",".jpg","3672569","1b93c214647ced7f9108a3112bd9005c05a29a0766d6465d5abce4603a800b69"
"dataset/train/parquet/parquet_473.jpg","train","parquet","parquet_473.jpg",".jpg","3602650","2231ce4cf9743dda9a0ba87ba8949f40d805774a284830d2a5c60071842df1f6"
"dataset/train/parquet/parquet_474.jpg","train","parquet","parquet_474.jpg",".jpg","3942052","130c51a399fbce76184b5b0e96329bc558ebdde99405ea0870e622e803959f2f"
"dataset/train/parquet/parquet_476.jpg","train","parquet","parquet_476.jpg",".jpg","3863378","2a6085c73d9ec6e86fd9d9aac708fea3f41bffb2df6de592735329b0e5a7ed5d"
"dataset/train/parquet/parquet_477.jpg","train","parquet","parquet_477.jpg",".jpg","3704919","2310476cceddebac94dc0fbcf1be235d307039177c730b2024c3e7d15c8f8648"
"dataset/train/parquet/parquet_478.jpg","train","parquet","parquet_478.jpg",".jpg","4654516","d5113600c5f56aa66a525fd2f5629913fdd62b165677ecdc9435e850c1f4d550"
"dataset/train/parquet/parquet_479.jpg","train","parquet","parquet_479.jpg",".jpg","4311521","8940f1cf5db866f73d1246746dcf5490c9b420fb020749e844b6282883e3406b"
"dataset/train/parquet/parquet_480.jpg","train","parquet","parquet_480.jpg",".jpg","4476373","3d0cb135aae15a0c13545a1e58dab2c39730fd44b3c7b13fbea9bb008a582568"
"dataset/train/parquet/parquet_481.jpg","train","parquet","parquet_481.jpg",".jpg","2179732","95486f7ba2637a05f385c34e2458b75960a0c947031a3b210c84a5c22e70c33a"
"dataset/train/parquet/parquet_482.jpg","train","parquet","parquet_482.jpg",".jpg","2398182","0a23aebf16a3d21e2c215b7c4cde2710f8109386a9ed64ebd808b98ecc578c82"
"dataset/train/parquet/parquet_483.jpg","train","parquet","parquet_483.jpg",".jpg","2240112","25ab3484675493ef57bbc34d37e69d0abf4be0b17df3e4c4ee07a43e06004129"
"dataset/train/parquet/parquet_484.jpg","train","parquet","parquet_484.jpg",".jpg","4206370","d3b212a0f0b856c717471f8cd70263dddacc762e29a2c5bc6e29cc4547bd97d9"
"dataset/train/parquet/parquet_485.jpg","train","parquet","parquet_485.jpg",".jpg","4238963","021ea955c36bbdc5ce63ed1062d0ec7fb417fd0cf6209faf859090aeff87411b"
"dataset/train/parquet/parquet_486.jpg","train","parquet","parquet_486.jpg",".jpg","3824234","384ad18b00de815e1850b2e5135f3a5740b3122bd94ac9123a52d89e7caed3ee"
"dataset/train/parquet/parquet_487.jpg","train","parquet","parquet_487.jpg",".jpg","3854645","1c4fcc26201a3e488b62b6a20bbef0a88cae8a8adc87d790de356e04789deef1"
"dataset/train/parquet/parquet_488.jpg","train","parquet","parquet_488.jpg",".jpg","3920792","44ece8de7c4a94511e2c28302a3fbba977d37ce3a5d039ab34551cba35c79a50"
"dataset/train/parquet/parquet_489.jpg","train","parquet","parquet_489.jpg",".jpg","3993863","13a91652ae198f4b60b190b53369c90f6097355883f8619fee59bb07d35e62cb"
"dataset/train/parquet/parquet_616.jpg","train","parquet","parquet_616.jpg",".jpg","5224492","96fa6e5834861d9a8f7fc11cf98c092253941a5fdba1f989587b9e104650c39a"
"dataset/train/parquet/parquet_617.jpg","train","parquet","parquet_617.jpg",".jpg","5898217","1ec2d0b10d66e5a0b8eac1d6e0099034f607da009ffe32973341f6be0286f5ba"
"dataset/train/parquet/parquet_618.jpg","train","parquet","parquet_618.jpg",".jpg","6048365","1bc66dd74c3e294f6eade09bcb76d5fb01dfbe472d80ea020c554d0523b7abc9"
"dataset/train/parquet/parquet_619.jpg","train","parquet","parquet_619.jpg",".jpg","5049024","d2f0ffc078753dc75c1e4a0b1eb945fce76bfdf62414091cbe43702c57de0058"
"dataset/train/parquet/parquet_620.jpg","train","parquet","parquet_620.jpg",".jpg","5651878","b26537b3cf5e6375470ac5462fe469264aed32e14177798ec9043a9f6187f485"
"dataset/train/parquet/parquet_621.jpg","train","parquet","parquet_621.jpg",".jpg","4709503","2c9cd9b3fa1fd21d750036cc90469e4e0fec0f0da67211cca72b0eb73c48220c"
"dataset/train/parquet/parquet_622.jpg","train","parquet","parquet_622.jpg",".jpg","5501121","e5502ee7341ba21cc6cebc288d8b68a2a2ee029f5ecc77435c444c32b1389008"
"dataset/train/parquet/parquet_623.jpg","train","parquet","parquet_623.jpg",".jpg","4966861","6f052e6950369d1cc52b47d211192272e5cb80a35c9d2efa602c0abedf4e9d03"
"dataset/train/parquet/parquet_624.jpg","train","parquet","parquet_624.jpg",".jpg","5469679","782e124ebc7fd062a2551eb7415ca3d5ceaa5a588fe9288f11960497701e4acb"
"dataset/train/parquet/parquet_625.jpg","train","parquet","parquet_625.jpg",".jpg","5283299","0429c813e4e0efdba4eb6d64fa0dba86d54d605161869752a4e072b3c27ed981"
"dataset/train/parquet/parquet_626.jpg","train","parquet","parquet_626.jpg",".jpg","5700668","ed48bb260f5d5939ee888d6c535ec571d4f1a6ab17754edc1efb8ae93dcd74d2"
"dataset/train/parquet/parquet_627.jpg","train","parquet","parquet_627.jpg",".jpg","4702218","014b3f82fada2deea9ef1b540cb0d19ae1a32ea9ebc8def68eb776d09034466b"
"dataset/train/parquet/parquet_628.jpg","train","parquet","parquet_628.jpg",".jpg","4506991","2f6d8a2e10e830a3f6f0cdc22810cf18cc35e0eaef63caa6f55540295df04ecf"
"dataset/train/parquet/parquet_629.jpg","train","parquet","parquet_629.jpg",".jpg","4886065","372b2df8a893258d8db9900d59ff9ec44bb3d3e33c873a6841415b58b0f60a8a"
"dataset/train/parquet/parquet_630.jpg","train","parquet","parquet_630.jpg",".jpg","4624162","5e7188377f28e4ea201809862d55d63b4753ec299f60086816ae25d0d44d80b1"
"dataset/train/parquet/parquet_631.jpg","train","parquet","parquet_631.jpg",".jpg","4753805","8231f3c661b2c3d4bd1ecb8f0aa4e90ce922c4fb40067a3288eedef9c87ddce0"
"dataset/train/parquet/parquet_632.jpg","train","parquet","parquet_632.jpg",".jpg","5586307","62544338002ac026e27faaf5c912b66eead357e7fafe7b987c0327d31af2ac83"
"dataset/train/parquet/parquet_633.jpg","train","parquet","parquet_633.jpg",".jpg","4563609","36229c56d3ec8ff69f1d739f4407a1b2b5ded71319bd7270b239daaaf4e8ba9e"
"dataset/train/parquet/parquet_634.jpg","train","parquet","parquet_634.jpg",".jpg","5373331","366947ad35a923fe624a21ed48743fb7ec86ef69d74233b9d6c714ef903af8a5"
"dataset/train/parquet/parquet_635.jpg","train","parquet","parquet_635.jpg",".jpg","5221489","c3b923f4e1c3b3fe39bd4cfe7d9848fdd3fbeb48226a1bd4aeaa749641c38d27"
"dataset/train/parquet/parquet_636.jpg","train","parquet","parquet_636.jpg",".jpg","5344100","3e9c94a8e4bf742ea5504314f1d44c0b702e4764b8569273d64768a28565c375"
"dataset/train/parquet/parquet_637.jpg","train","parquet","parquet_637.jpg",".jpg","3709336","c045d4f167278bc08eb9c8d7eb764e5f3bc306ea988877e486c9560b28c1abf6"
"dataset/train/parquet/parquet_638.jpg","train","parquet","parquet_638.jpg",".jpg","4226246","a4849f9eeb9d610776cb20cf49e6b754ce2a9759b72e42d41214b122ba3de072"
"dataset/train/parquet/parquet_639.jpg","train","parquet","parquet_639.jpg",".jpg","4061577","0e157a3984e09715b3342a3bdc5d10f9f4d4f5a0057d938a5eeac3417700b867"
"dataset/train/parquet/parquet_640.jpg","train","parquet","parquet_640.jpg",".jpg","4947267","7597ab218a563e6b69fed5dbf7f59c9845229901e263a42d64dcfd017499cd40"
"dataset/train/parquet/parquet_641.jpg","train","parquet","parquet_641.jpg",".jpg","5054439","5641936e0b3677abb26c68a59bed31ffefb1e9dfcef54737f4f5b6bbb39d2059"
"dataset/train/parquet/parquet_642.jpg","train","parquet","parquet_642.jpg",".jpg","4498387","4cbff3d63afb7edc815134d443bfd8f7e9f0f800a05259620c34a01a2991182c"
"dataset/train/parquet/parquet_643.jpg","train","parquet","parquet_643.jpg",".jpg","3838473","d1f033d39b56bb09a76efb8b518a12baea2c1dc15a165949d47dd5ca1edf820f"
"dataset/train/parquet/parquet_644.jpg","train","parquet","parquet_644.jpg",".jpg","3893307","5ec0091fb18f574bf52b0921235bee5f8d2068b242769d9e5a93b6c73c8000db"
"dataset/train/parquet/parquet_645.jpg","train","parquet","parquet_645.jpg",".jpg","3829836","f5c8feb409072f8789854d0bd7278ad5bcf66943af8ffd2efb1b1b12d576b532"
"dataset/train/parquet/parquet_646.jpg","train","parquet","parquet_646.jpg",".jpg","4058972","87aa7f506b9310fc7aed849a48c44ce223b62f9312dff4697393668e8254f051"
"dataset/train/parquet/parquet_648.jpg","train","parquet","parquet_648.jpg",".jpg","4750484","faa0e6bffcd64c010f6239035bb87f9a035ca91b988b8960d252ae424031ec70"
"dataset/train/parquet/parquet_649.jpg","train","parquet","parquet_649.jpg",".jpg","5255128","d824a6c02f4ec91eeee225269dd5b70da515a469d421b32b99d9fa6fc613c603"
"dataset/train/rubber/rubber_001.jpg","train","rubber","rubber_001.jpg",".jpg","260671","7717988a0fe1842e1d55bee401a2b7e50c96c55690740f5a048e04d500ced2e9"
"dataset/train/rubber/rubber_002.jpg","train","rubber","rubber_002.jpg",".jpg","2524236","1ee697e1700754f49d9e253a879905fe4521ec3c055993a5f9ac632394bea65e"
"dataset/train/rubber/rubber_003.jpg","train","rubber","rubber_003.jpg",".jpg","334327","a85fe0c6cb7a16845b4ffdcbadd6ed9a2dd983b33db424d0e30160e62dfc5b94"
"dataset/train/rubber/rubber_004.jpg","train","rubber","rubber_004.jpg",".jpg","501996","8eb321f9bb58287aff3e905c0e10c78f289b3179d7afcb5eeee68d6a4d140d8e"
"dataset/train/rubber/rubber_005.jpg","train","rubber","rubber_005.jpg",".jpg","850626","90fefc117cdc5f685bd906c0fa9588f6aa0d42d236c2f099bb106cf6b10995a2"
"dataset/train/rubber/rubber_006.jpg","train","rubber","rubber_006.jpg",".jpg","2432588","e4fdfbb7dbca0654ca6193c7965b2db583cd1085817ec5e9c5584706c0310e2c"
"dataset/train/rubber/rubber_007.jpg","train","rubber","rubber_007.jpg",".jpg","3700769","133496307527f555c1a0953caade15724577dd34bcb4a72270e180f5e8d68d50"
"dataset/train/rubber/rubber_008.jpg","train","rubber","rubber_008.jpg",".jpg","461684","09c509297d303b06c9826fe3652f666afbfcdb7877529f774df891efc00093f6"
"dataset/train/rubber/rubber_009.jpg","train","rubber","rubber_009.jpg",".jpg","1010300","778c203a23f509cef5536626a37bdebfecb1ca71447fc7170225807ea6e25952"
"dataset/train/rubber/rubber_010.jpg","train","rubber","rubber_010.jpg",".jpg","3859222","17f527b096ad12d5bbd1224949a718d819cb9519d046309caaf3852c12f14e15"
"dataset/train/rubber/rubber_011.jpg","train","rubber","rubber_011.jpg",".jpg","1344390","e4496dea5cdcc6ac4d4007e6fc03f50f53ab8d976a6dff0d21273036fecf8352"
"dataset/train/rubber/rubber_012.jpg","train","rubber","rubber_012.jpg",".jpg","457808","67c0fcd2c3b896ec247467357d1c59a0a1a27503d4dfb6769eb1e1d1b1aae099"
"dataset/train/rubber/rubber_013.jpg","train","rubber","rubber_013.jpg",".jpg","427814","9024d8539782b60ab0fcb6a9c475ce83af9b77db8ca611febd5324eebbd698b3"
"dataset/train/rubber/rubber_014.jpg","train","rubber","rubber_014.jpg",".jpg","2533653","ec74efcb19ccff97591a4671edf7e0b2342ee56b8b896e058c93516d0e2e5057"
"dataset/train/rubber/rubber_016.jpg","train","rubber","rubber_016.jpg",".jpg","783112","0a5b7005f0bdb59e0e1696cf7ee456c2cbb6eeb75f81ea10d5469b432920be8b"
"dataset/train/rubber/rubber_017.jpg","train","rubber","rubber_017.jpg",".jpg","371110","f2706ed4c37b4f1c4430d7a403e952bc0dd6b294c7254728a95af395ef6656bc"
"dataset/train/rubber/rubber_018.jpg","train","rubber","rubber_018.jpg",".jpg","2285152","2199035fbd748b9c3a9555080ed82ab8e0b8c3c3d9f3a294c621207a50622d73"
"dataset/train/rubber/rubber_019.jpg","train","rubber","rubber_019.jpg",".jpg","1968772","c1d938200608be2463d36a28022a7cca097b895e785382233206a80ee05842fa"
"dataset/train/rubber/rubber_020.jpg","train","rubber","rubber_020.jpg",".jpg","1737473","10cd870174254c5a613f88b7fe1e030d5588fe0f35c0e767e775d270d6f58a56"
"dataset/train/rubber/rubber_021.jpg","train","rubber","rubber_021.jpg",".jpg","605609","b9093ba95bfdff31c2ce8494810762d6f4134672fbd6ae0af8d246790aeb58b8"
"dataset/train/rubber/rubber_022.jpg","train","rubber","rubber_022.jpg",".jpg","9321916","c1371c6a5f1a42ce8fb4bffd0ee58352308a8391d90b94b442733bffe569cfae"
"dataset/train/rubber/rubber_023.jpg","train","rubber","rubber_023.jpg",".jpg","10997278","24e93d4af155188f67b86c617a618b34dc14e35984ce6cc3ac4ca3db510e55a9"
"dataset/train/rubber/rubber_024.jpg","train","rubber","rubber_024.jpg",".jpg","10542489","01a4d64a3bd528ee89b72d4f718bd7d2f61b6f9a4d3b8701d8d0bf7c9ba71ac3"
"dataset/train/rubber/rubber_025.jpg","train","rubber","rubber_025.jpg",".jpg","8834279","34ac84f9b18e7353f4ca74036bfc35493373a721694f6d7517313fe8a351aba9"
"dataset/train/rubber/rubber_026.jpg","train","rubber","rubber_026.jpg",".jpg","9928173","e9f98706254386f54a626b179d58b6f500223dce10325a6bf520b8a3b91269a4"
"dataset/train/rubber/rubber_027.jpg","train","rubber","rubber_027.jpg",".jpg","9197278","bbaeaf9e0ac301001fc41bead78ef1c8d3a0518a6e77d87a76a4f04d14edb581"
"dataset/train/rubber/rubber_028.jpg","train","rubber","rubber_028.jpg",".jpg","11101032","262fa9784bf265f12e95cfe68cb57b231f5adff1753672c9fbe4f33b9fae08ef"
"dataset/train/rubber/rubber_029.jpg","train","rubber","rubber_029.jpg",".jpg","8357621","0217085cebc891cc9546cc50da6a94ede4e09f687a569f95400816d5fa8096f7"
"dataset/train/rubber/rubber_030.jpg","train","rubber","rubber_030.jpg",".jpg","9916963","31e4b2a390913721d50e1be2cf0204bd0ae71c5893fec22d76f99fd9e535a2dd"
"dataset/train/rubber/rubber_031.jpg","train","rubber","rubber_031.jpg",".jpg","10682797","caac4d599845839b32f3972a8d183240c6412d5015f7af4981e17ccd4b2e155b"
"dataset/train/rubber/rubber_032.jpg","train","rubber","rubber_032.jpg",".jpg","10413867","0a7752f8f900df149a4410a31084b591731774c8970c8dd98fb5910f0a15fe19"
"dataset/train/rubber/rubber_033.jpg","train","rubber","rubber_033.jpg",".jpg","9326258","732c945998f2384467486de0e86ae3833aed2ac9cfc6787440160281115d7023"
"dataset/train/rubber/rubber_034.jpg","train","rubber","rubber_034.jpg",".jpg","9859061","7c4f3abfe8798ecae3a0c537fe347b74d5a693dd37df44c09894f6659d4f2e17"
"dataset/train/rubber/rubber_035.jpg","train","rubber","rubber_035.jpg",".jpg","10538608","9ccacb241ad0da7544bfa297abd6402c733d5aafcd54199b4b9c0df97c59596f"
"dataset/train/rubber/rubber_036.jpg","train","rubber","rubber_036.jpg",".jpg","8813031","5dbc1162e41279d88e8f5c6656f7a16ea484b9a1a77a5684d7194eb22d2cb9d4"
"dataset/train/rubber/rubber_037.jpg","train","rubber","rubber_037.jpg",".jpg","11864448","30bce3d73d030cc0af84acf5bfc3676847d01b06435b05ad397e7aec75479ae9"
"dataset/train/rubber/rubber_038.jpg","train","rubber","rubber_038.jpg",".jpg","3336965","4439c40e8d1978488bc656c138124e1725db9005b4099ef2ca4428db8325aa37"
"dataset/train/rubber/rubber_039.jpg","train","rubber","rubber_039.jpg",".jpg","3814816","99e0ba5186c7dff502f36b0de3a04a28347b9fc0fd6ecf68d339bbd8a38236e7"
"dataset/train/rubber/rubber_040.jpg","train","rubber","rubber_040.jpg",".jpg","3765617","14431d7fe846b3001bc0431be5ce995c1bcc6f2b34438d6c316b78c4fcd73338"
"dataset/train/rubber/rubber_041.jpg","train","rubber","rubber_041.jpg",".jpg","4354912","a4c3ca8693286e237e5ad2fcaaffce8de2fde5d83d676069e0684982f581d785"
"dataset/train/rubber/rubber_042.jpg","train","rubber","rubber_042.jpg",".jpg","9744423","4d72a23dc368085171bf4e6b79daf70aebd736bdea11a5193dab0e891c9ef8fd"
"dataset/train/rubber/rubber_043.jpg","train","rubber","rubber_043.jpg",".jpg","7341626","6a276ad4fc060ec8c6ca1bb7aff9342a15f4c4b4ff3878e960e212847e17ab2a"
"dataset/train/rubber/rubber_044.jpg","train","rubber","rubber_044.jpg",".jpg","9972710","4b3407bd1a6764142686a15e608d60772205e50c3f4ce834b5d1090c717aeca8"
"dataset/train/rubber/rubber_045.jpg","train","rubber","rubber_045.jpg",".jpg","10008744","229d2ec07ac3ae528c6e788e7ef9569ef83ddb224df487db9a28457d24f980d4"
"dataset/train/rubber/rubber_046.jpg","train","rubber","rubber_046.jpg",".jpg","9362659","a2f7ed8c03a87bd21d8abdbe4e63ea553ee09e9cc329318178e57b1a2f68c1c7"
"dataset/train/rubber/rubber_047.jpg","train","rubber","rubber_047.jpg",".jpg","9423416","4d74715237c24a84338547c53eef413ec6da925d9a8c3d00b305566717c8793a"
"dataset/train/rubber/rubber_048.jpg","train","rubber","rubber_048.jpg",".jpg","9165391","e02cee6b96adba5cf99b72ee1597a596196bf54a67c35ab05ff23e8fb0564a2d"
"dataset/train/rubber/rubber_049.jpg","train","rubber","rubber_049.jpg",".jpg","8020819","e836ebe6f0dccd7ad723c8cd430571bfb7c87468a9b8fd8e9bf69d0813e9447d"
"dataset/train/rubber/rubber_050.jpg","train","rubber","rubber_050.jpg",".jpg","8522747","a29f2411544eb4986e7cc4202567843c94ff0394d856ec1397d9da7cb19a20a5"
"dataset/train/rubber/rubber_051.jpg","train","rubber","rubber_051.jpg",".jpg","8642213","330bf61c54dd7d85d543fb6b412c8e819861b74a7d226db2e9217c3fd7d3b2b8"
"dataset/train/rubber/rubber_052.jpg","train","rubber","rubber_052.jpg",".jpg","9974375","56788009f6339319d93df6e0516e3f1150c706746d8101f282c67c6f8157514f"
"dataset/train/rubber/rubber_053.jpg","train","rubber","rubber_053.jpg",".jpg","9154173","07ae8a96027863f359e12ce8890d8971c10f50e661ec337aa424cf3674341d83"
"dataset/train/rubber/rubber_054.jpg","train","rubber","rubber_054.jpg",".jpg","9630699","3db3391523bffb20153671dab64f6d0fcfcd54afa721fa9bf6f17579bb722807"
"dataset/train/rubber/rubber_055.jpg","train","rubber","rubber_055.jpg",".jpg","8854031","fee19c3dc5f62ae28ec44775bcb5881e15ddfa49ec4a29f8a019bb853bde40b4"
"dataset/train/rubber/rubber_056.jpg","train","rubber","rubber_056.jpg",".jpg","9815532","bb7005ad999c550bf44e1a185133ccdefebeb4c86d809490f0449d87c45674af"
"dataset/train/rubber/rubber_057.jpg","train","rubber","rubber_057.jpg",".jpg","8999155","7d721c3694595301fabce087963424c3322d92dbe2b276bf0a5e0414fd70b482"
"dataset/train/rubber/rubber_058.jpg","train","rubber","rubber_058.jpg",".jpg","8476426","3bfaf93ed4f652fa67fcd56827eaa9788745bb516f15c7652d9c85bbce85f172"
"dataset/train/rubber/rubber_059.jpg","train","rubber","rubber_059.jpg",".jpg","11117502","308f8f395af53d0cc1f7f68d13b09851d17771ecd6ae84e7c6b14fd35f7d3c2b"
"dataset/train/rubber/rubber_060.jpg","train","rubber","rubber_060.jpg",".jpg","9198465","226aa432aecb5ee5ad425b3d082e5aae2dbd6b5ae24a06e4dda18c44b3c6025b"
"dataset/train/rubber/rubber_061.jpg","train","rubber","rubber_061.jpg",".jpg","9118411","15f75f6129a6857406ddb87fb59ce79c0c7e70ef34d6361193a726e5d25e2edc"
"dataset/train/rubber/rubber_062.jpg","train","rubber","rubber_062.jpg",".jpg","10270851","9b1475adb33c91768ca44fc9089d73d991f4b4679dbebf3d492669a0e9e7cbd1"
"dataset/train/rubber/rubber_063.jpg","train","rubber","rubber_063.jpg",".jpg","10367023","3d307fb41f3b2102bc2d57fb5dc236e97209148f89c4186b0e2217b81f85f11b"
"dataset/train/rubber/rubber_064.jpg","train","rubber","rubber_064.jpg",".jpg","11074690","94e937d81692f9416702697e78898eab3709377923ff6344631dccf431dc3e5f"
"dataset/train/rubber/rubber_065.jpg","train","rubber","rubber_065.jpg",".jpg","11597068","9a909241d2221c24a107aa991e0a61e0b5852d53f66dba0fc99b9d6741241fa8"
"dataset/train/rubber/rubber_066.jpg","train","rubber","rubber_066.jpg",".jpg","10106337","3a66fc41953ae43c5679dfb808daf01d137c54d917c689345c8c08ea5b0ab708"
"dataset/train/rubber/rubber_067.jpg","train","rubber","rubber_067.jpg",".jpg","8527340","b580edfd6c2645dc11570dfc618e3db2731ef1091a790f7c5b9def3c2df191fa"
"dataset/train/rubber/rubber_068.jpg","train","rubber","rubber_068.jpg",".jpg","9453764","0b078aa1ecd5c98128ac7839a41f2615e554d8aca2bf314692bc1c69b257ba06"
"dataset/train/rubber/rubber_069.jpg","train","rubber","rubber_069.jpg",".jpg","10698862","29eea9f9f87f6db3a6d305a70753b81369f89566d02a837aaa02ca4f13ab9b26"
"dataset/train/rubber/rubber_070.jpg","train","rubber","rubber_070.jpg",".jpg","5768094","5a3c7a5d3ea38f4296a26b0cfa489f1ab035209e9ac747f380dc9a0f40da3e90"
"dataset/train/rubber/rubber_071.jpg","train","rubber","rubber_071.jpg",".jpg","7179896","f623cae9bfce35dcb2e07d4a90e62aa2fcb0091a56bf22b0728e76d3255c43de"
"dataset/train/rubber/rubber_072.jpg","train","rubber","rubber_072.jpg",".jpg","4176752","1f811106867e8ecf06ee502df86118b52c9cd0c62344c788ddacb1d31b78cd0c"
"dataset/train/rubber/rubber_073.jpg","train","rubber","rubber_073.jpg",".jpg","6122826","cdd9458f16ac82aa7d9d9ebfc7c1964348b34548a532fc9d6cb2d280b291d586"
"dataset/train/rubber/rubber_074.jpg","train","rubber","rubber_074.jpg",".jpg","6176339","dfe59e4eb73ac529ba1e72ace1ff11f0802b21d303c295ef7503bb6f3df6bc0c"
"dataset/train/rubber/rubber_075.jpg","train","rubber","rubber_075.jpg",".jpg","5625284","c27fe423a95ed4352125a45afe35ab36a6cb3a61f239c330c8d5f74ff2a4cb85"
"dataset/train/rubber/rubber_076.jpg","train","rubber","rubber_076.jpg",".jpg","5685402","db4aff33fa8474f585a7a44650e0188f4e51d3b20370dd73c50af7a56c3ae106"
"dataset/train/rubber/rubber_077.jpg","train","rubber","rubber_077.jpg",".jpg","3594997","78526c43b80949b084d2c724176e9afc03fc41231d76097af701fe048992848a"
"dataset/train/rubber/rubber_078.jpg","train","rubber","rubber_078.jpg",".jpg","5029027","e03fbf281fb45386090dcbf8cf3c4681cae4def55a150d7b7ef05adebae45e84"
"dataset/train/rubber/rubber_079.jpg","train","rubber","rubber_079.jpg",".jpg","4609474","924560fecc85276ee003dca917a9ab4fd7f4bb59226a1836ae57a3a68892468f"
"dataset/train/rubber/rubber_080.jpg","train","rubber","rubber_080.jpg",".jpg","5411700","cfe248cdda9c50ec945046a2e0397787d8c6bc48895e4b684b5282b127e0ef7a"
"dataset/train/rubber/rubber_081.jpg","train","rubber","rubber_081.jpg",".jpg","5045360","6aaba7da5e0d92b16c902a9e26d9fc577217f3cd8695032903d48163fa667ca9"
"dataset/train/rubber/rubber_082.jpg","train","rubber","rubber_082.jpg",".jpg","5541151","4735d2e5c0f253216575547e93d1b72489cde25522ba6a0d01116e5a20cc2e02"
"dataset/train/rubber/rubber_083.jpg","train","rubber","rubber_083.jpg",".jpg","5797111","28c17dd9514be6008a23fb681dc6a38fccf476666eaa64ef262ac41410a93797"
"dataset/train/rubber/rubber_084.jpg","train","rubber","rubber_084.jpg",".jpg","6759538","b385df787ada6e2463791f161e052df59e9d714ad15a0ff86d067ee6e9b7eb01"
"dataset/train/rubber/rubber_085.jpg","train","rubber","rubber_085.jpg",".jpg","5571674","407ae2fb46a8ab4f71897e63e4d26bf686b839b7f7fa7f233610dcec695cf657"
"dataset/train/rubber/rubber_086.jpg","train","rubber","rubber_086.jpg",".jpg","6360789","e0e1a8fd014ef30681dcf2e47790fe4beac0af0838af7240565aca413ab442aa"
"dataset/train/rubber/rubber_087.jpg","train","rubber","rubber_087.jpg",".jpg","5553080","a290e11fb29bed3a3efe7874786c1f7ef8f9d8a502805c41704c712be4086a13"
"dataset/train/rubber/rubber_088.jpg","train","rubber","rubber_088.jpg",".jpg","5193834","65f28e8998ff61245c5665b37e2995e3867665bb77747ec960ff04ab35102275"
"dataset/train/rubber/rubber_089.jpg","train","rubber","rubber_089.jpg",".jpg","5484307","12edcd19d679664256c13c2277ec5d5b2170ed85214b636db07d48b416a97651"
"dataset/train/rubber/rubber_090.jpg","train","rubber","rubber_090.jpg",".jpg","6831266","8dd6caa95b20dc6d034960c0b39d03d93b3d8c4bfab948d17a85c8906541b5f4"
"dataset/train/rubber/rubber_091.jpg","train","rubber","rubber_091.jpg",".jpg","5365973","333585a2ea23b6f669da6f4fea0d5e6b8833208b0ba2fe736d882011f2081159"
"dataset/train/rubber/rubber_092.jpg","train","rubber","rubber_092.jpg",".jpg","5911081","dd3f7606bd33a783245054a765813ff40387713166fb1ba973a83bfdb4f02564"
"dataset/train/rubber/rubber_093.jpg","train","rubber","rubber_093.jpg",".jpg","6231389","f364ca7814d48cc61a94fd1b825cc034f70bd1003e7e54457ec38c0cf127f74a"
"dataset/train/rubber/rubber_094.jpg","train","rubber","rubber_094.jpg",".jpg","7298746","e136533a232f2fa4431187f8356dd5176c7a18e053e7f5ab9ed07b13226e1b67"
"dataset/train/rubber/rubber_095.jpg","train","rubber","rubber_095.jpg",".jpg","6756008","4b6a5ca3aa77b4e58c00403f26ffdde09cd61a88ba3493a4968de1abfb2a3265"
"dataset/train/rubber/rubber_096.jpg","train","rubber","rubber_096.jpg",".jpg","5826589","c377bbb60d3caf92bff71effabfedbf8b1c1c39f8f68ad05b08c847a54b8a8d5"
"dataset/train/rubber/rubber_097.jpg","train","rubber","rubber_097.jpg",".jpg","5186109","6f039f25c94d9c6c732b6575767126a563975e6b5354dcf700a11ef1354f2ec0"
"dataset/train/rubber/rubber_098.jpg","train","rubber","rubber_098.jpg",".jpg","6107998","ca1b4c4a229530df5b38bc1f451f1891b43f59f8e62d8389f1903f91b6ddda05"
"dataset/train/rubber/rubber_099.jpg","train","rubber","rubber_099.jpg",".jpg","4300973","f5603fa4dc6f1dd00eb2f21934ab55b3dd12ead23ec5ab11864647ea673a9753"
"dataset/train/rubber/rubber_100.jpg","train","rubber","rubber_100.jpg",".jpg","5797370","c8b69efe58181f0693826151143cf50114b086a2616adeca192b6e4aa320f203"
"dataset/train/rubber/rubber_101.jpg","train","rubber","rubber_101.jpg",".jpg","6828037","1cb6b441e5fdaae6cb6ac2f997c4d2b5ceb3c7bd9e089fcc4a120cb679555a11"
"dataset/train/rubber/rubber_102.jpg","train","rubber","rubber_102.jpg",".jpg","4270797","6c205749540813266b695128a3d71da730ec85cc0bc6bc0dd798f3341b321904"
"dataset/train/rubber/rubber_103.jpg","train","rubber","rubber_103.jpg",".jpg","7347399","1ede810e132bb596bee78edaea27dbc971db3adf91857964879131dcb68966b4"
"dataset/train/rubber/rubber_104.jpg","train","rubber","rubber_104.jpg",".jpg","6841695","a0c72c16194047a08295197c20e27857065b7f32f8da479e2d041e8afd882936"
"dataset/train/rubber/rubber_105.jpg","train","rubber","rubber_105.jpg",".jpg","7253727","1353d017b667ea2dd18b02f99f10c90b8443b51dc7c7a8e75b2d288de436f10d"
"dataset/train/rubber/rubber_106.jpg","train","rubber","rubber_106.jpg",".jpg","7337496","153d24392da1bc8361b81946da8ab54e67e69e8538c858698f3734bdf174fc27"
"dataset/train/rubber/rubber_107.jpg","train","rubber","rubber_107.jpg",".jpg","6430648","f5562c2803ff63c3b8a53760d124620eb23cd37e5c7ad7118b1c51d8616cedf9"
"dataset/train/rubber/rubber_108.jpg","train","rubber","rubber_108.jpg",".jpg","7578519","11f0d5e499bb99d451e6737970d16f72335cb1947f8c931f331a1ce7d56e02cb"
"dataset/train/rubber/rubber_109.jpg","train","rubber","rubber_109.jpg",".jpg","7865532","7e346aca518158c8126ea070ebcfd4823a9e34711b5509c84a359d59a5f7b305"
"dataset/train/rubber/rubber_110.jpg","train","rubber","rubber_110.jpg",".jpg","7541092","ffe92918000a504c9d6374cbb9aed7ac93604674a838379444c88f713ff116b4"
"dataset/train/rubber/rubber_111.jpg","train","rubber","rubber_111.jpg",".jpg","6751986","7cf6df3ef259e6b94884dd8fdd64aca5abc966056ab812cf79cd7116cdfa90cd"
"dataset/train/rubber/rubber_112.jpg","train","rubber","rubber_112.jpg",".jpg","7799697","914637db93be2581df429863399daa067a33039a285241b713e891f7955cd7ec"
"dataset/train/rubber/rubber_113.jpg","train","rubber","rubber_113.jpg",".jpg","7466408","bca3bc0e9061d82f322e005df84f3c93c4c7dd31e5d6d16b8b86bb2eb96ecd72"
"dataset/train/rubber/rubber_114.jpg","train","rubber","rubber_114.jpg",".jpg","7000620","5a0a98cca0989b075245988e7a001022a428ac3bb17779574e68a039131750e2"
"dataset/train/rubber/rubber_115.jpg","train","rubber","rubber_115.jpg",".jpg","6999940","9f3e72fafefff4130fac285c14399e5ca36bcd4f0c5866fee50e2609b3040617"
"dataset/train/rubber/rubber_116.jpg","train","rubber","rubber_116.jpg",".jpg","7114426","1c02c23f30905c063f09998b8ec7f9c49c99fbad75a58e1adf44615092db64ea"
"dataset/train/rubber/rubber_117.jpg","train","rubber","rubber_117.jpg",".jpg","6518310","f411961a534eb5d470b705e21a1387ad62e64cb328aae7d2c8e198f09d18dc06"
"dataset/train/rubber/rubber_118.jpg","train","rubber","rubber_118.jpg",".jpg","4987688","80f5a339ff966a6a882ba38c77ed242c0d48c454d6c052116bff6834a34fe944"
"dataset/train/rubber/rubber_119.jpg","train","rubber","rubber_119.jpg",".jpg","5127026","950a8bc5887b13e2dc5fd2d08e0dfb7d2b5e956e12ad2fbba127aec33db6fb6e"
"dataset/train/rubber/rubber_120.jpg","train","rubber","rubber_120.jpg",".jpg","5210551","c55dbbeb4893f5c52babefe4a9bdcd9f92eb8cb4c5fee724e6393c3a175be398"
"dataset/train/rubber/rubber_121.jpg","train","rubber","rubber_121.jpg",".jpg","7083156","54d4ccd122e3e6fa426f7c9949108e7ea5332b2335d84587a351bfb923eef204"
"dataset/train/rubber/rubber_122.jpg","train","rubber","rubber_122.jpg",".jpg","6911842","90adf214aaffb57d0c4c0efcc860aa4e0bed6bb5c77d0bc03670cc0a86c0dd19"
"dataset/train/rubber/rubber_123.jpg","train","rubber","rubber_123.jpg",".jpg","7190325","55294fcc3c752a76e01832ca4e476c00a2747322b700db8483e348e172a7b5bc"
"dataset/train/rubber/rubber_124.jpg","train","rubber","rubber_124.jpg",".jpg","7224674","d0bd1ec0207a47697ca50305ef4a655f307dc43b1d6de670b21ebee42eec3683"
"dataset/train/rubber/rubber_125.jpg","train","rubber","rubber_125.jpg",".jpg","7366182","7aef5f2760b28c6203583ca4768a0a4dfa5114dbd2f058984db6bb380feae288"
"dataset/train/rubber/rubber_126.jpg","train","rubber","rubber_126.jpg",".jpg","7049938","4c7bf996b1c947ef375875c52cb041815d1e90832674b185d4515f279e5b6a4d"
"dataset/train/rubber/rubber_127.jpg","train","rubber","rubber_127.jpg",".jpg","7369602","71d00616033ee32603c5eeede714c03f2f2104d63683758776b799ac3f541fad"
"dataset/train/rubber/rubber_128.jpg","train","rubber","rubber_128.jpg",".jpg","6449467","87f56db663f90477445854cf3c7246e33040398e009a5f26ba0060e461d5369b"
"dataset/train/rubber/rubber_129.jpg","train","rubber","rubber_129.jpg",".jpg","7023366","2b7414a77fd3e38f7db855a36c410bc9833ae8fe467dde8daccb254fbc94f6da"
"dataset/train/rubber/rubber_130.jpg","train","rubber","rubber_130.jpg",".jpg","6766883","4ca32966d0c423154ed8bda199fcd57a55c8bd8b9d2e9d3b1b9f3d8a780244f4"
"dataset/train/rubber/rubber_131.jpg","train","rubber","rubber_131.jpg",".jpg","7017639","8acf0d58513e3ae51282b6252327a3d481d13d41bb57d3a05c538d4deba0ad37"
"dataset/train/rubber/rubber_132.jpg","train","rubber","rubber_132.jpg",".jpg","6915758","77f7753bf1c603681cd24d85afe2e4e0ca2d2611e2d8a9b984ff8651a10cd594"
"dataset/train/rubber/rubber_133.jpg","train","rubber","rubber_133.jpg",".jpg","6170330","e8c7d2acf3f9f8dfc9fb62b6f324444f07d1cebdb75ca95ca8fe6100decdd863"
"dataset/train/rubber/rubber_134.jpg","train","rubber","rubber_134.jpg",".jpg","6864742","4552840fdaab5ff05e3f2727a8a606cd485b2486fb04f916f37e741f44ae7cc9"
"dataset/train/rubber/rubber_135.jpg","train","rubber","rubber_135.jpg",".jpg","6959639","dd88a1d6b25dc5dc6886886edf4f77053781a8e9136b522f9e8e25e3898e6215"
"dataset/train/rubber/rubber_136.jpg","train","rubber","rubber_136.jpg",".jpg","5608904","2b8f8e9db169a126c069c3d73f2e4a845ebd5a061a22b403121a057a338f0f28"
"dataset/train/rubber/rubber_137.jpg","train","rubber","rubber_137.jpg",".jpg","7499322","84608f0bf2dd73950abe3d2ef42cb59aa0bed4369dddd5f41c2e6adb67f95e41"
"dataset/train/rubber/rubber_138.jpg","train","rubber","rubber_138.jpg",".jpg","7437350","a84a6b5f9144cc3e25b80cb66ee3cc990107219be86e5ea5002664a4cf87055e"
"dataset/train/rubber/rubber_139.jpg","train","rubber","rubber_139.jpg",".jpg","6279311","c416afdc54a6814553576d9090e1710946847473d4870f3415d37ac372571bba"
"dataset/train/rubber/rubber_140.jpg","train","rubber","rubber_140.jpg",".jpg","6401978","dc5abba396d004c46af6a8ae6e357a13eba978f3015e224aa2e3a3a80ca7f4eb"
"dataset/train/rubber/rubber_141.jpg","train","rubber","rubber_141.jpg",".jpg","6987833","ff1ad65dd8600c1f043fec32dcbdeafd85ec136be92f94667f2c1dc931b5ebd4"
"dataset/train/rubber/rubber_142.jpg","train","rubber","rubber_142.jpg",".jpg","6350618","949155cea7569f1f2fd24def6a1f15736c347fc5d2d5f0516542d7c947ae220d"
"dataset/train/rubber/rubber_143.jpg","train","rubber","rubber_143.jpg",".jpg","4972428","7417e1418fe2ec73f6fe0bbd61e3dfa96575ae1667a255b1562c4aa9868dd8de"
"dataset/train/rubber/rubber_144.jpg","train","rubber","rubber_144.jpg",".jpg","5357010","d04eebd2d726841524ab22db31e7153174f317f0335239e99d88a72a0a5821eb"
"dataset/train/rubber/rubber_145.jpg","train","rubber","rubber_145.jpg",".jpg","6257981","e82f02bbe693c95cc8bc759f02fd992b74398f80075508d9f584148a798850ca"
"dataset/train/rubber/rubber_146.jpg","train","rubber","rubber_146.jpg",".jpg","5807757","28af59d1332252acb50d12af1b9ef64c81256f125a0f56e732d505ffb1faf927"
"dataset/train/rubber/rubber_147.jpg","train","rubber","rubber_147.jpg",".jpg","6600345","cc6ab9daa019deb28d0370bda0ca231244a0c3d5300b114a78dda2f46621678d"
"dataset/train/rubber/rubber_148.jpg","train","rubber","rubber_148.jpg",".jpg","5913570","fefdf20c67c87d67d2870ad0158a48a9e54a71b9eb79c41bbf2025eb6420873c"
"dataset/train/rubber/rubber_149.jpg","train","rubber","rubber_149.jpg",".jpg","6613580","e3cc6c23323efe57aac0418a6b5d3423bc3b1af9c37fd7f3ffff1e90fe86c0e8"
"dataset/train/rubber/rubber_150.jpg","train","rubber","rubber_150.jpg",".jpg","6437164","a54bc9cb4c30732ccbe096b3932382fde5fb1a1f88ea8a77cf28599025e66958"
"dataset/train/rubber/rubber_151.jpg","train","rubber","rubber_151.jpg",".jpg","6343175","8d914a06ee3bc259ad5bfbc96c84b33f2c204bede920dccc1d7fb64640c2ff3a"
"dataset/train/rubber/rubber_152.jpg","train","rubber","rubber_152.jpg",".jpg","6116469","8afd4b530a7910f1912f8be544f4cd6194efe4878d48311139e27e00b847cdd3"
"dataset/train/rubber/rubber_153.jpg","train","rubber","rubber_153.jpg",".jpg","5571200","29bc3dcc5ea554d931f4468c0b134fbe9044969e0c2dbbd153ee18b3ac0de884"
"dataset/train/rubber/rubber_154.jpg","train","rubber","rubber_154.jpg",".jpg","4330087","da55ad11a914887e176d9862494e170b3350827b4390ca296576f3af7df738c1"
"dataset/train/rubber/rubber_155.jpg","train","rubber","rubber_155.jpg",".jpg","4910309","86f6feadb460cf25e7848735c8b44fa087eaba126e5a28eba85597d88cb74282"
"dataset/train/rubber/rubber_156.jpg","train","rubber","rubber_156.jpg",".jpg","5213090","0d17e12ec859e05accf1bd7cf78199a351cde1d67b5ad8aefc85dad4a37688ce"
"dataset/train/rubber/rubber_157.jpg","train","rubber","rubber_157.jpg",".jpg","4867794","9f7c900053424fae642756086b1e25b687bd6c163b0b14938edd5278cb4e7cfa"
"dataset/train/rubber/rubber_158.jpg","train","rubber","rubber_158.jpg",".jpg","6698949","b33552d230d07d3d041ec7bac5fcc5eac7054c89fb8ee4f8cdcae7e1449f8228"
"dataset/train/rubber/rubber_159.jpg","train","rubber","rubber_159.jpg",".jpg","5740062","4e397a3eff063381f259e6698a415785c1f7da39a48499a8b36db32bb82a246c"
"dataset/train/rubber/rubber_160.jpg","train","rubber","rubber_160.jpg",".jpg","6177624","688bc3e3be9aa7d55733da59b217a711b591559737a566bbc3006e584d9513c7"
"dataset/train/rubber/rubber_161.jpg","train","rubber","rubber_161.jpg",".jpg","5672479","36c3e849c09625173446b24f9741284fdec9144cb5cd68060e58e5ad895a2cb7"
"dataset/train/rubber/rubber_162.jpg","train","rubber","rubber_162.jpg",".jpg","6821165","7a6b67ec88e2755ad3d6d768bc07fd68eb27de212117130ab20bed71874b48cf"
"dataset/train/rubber/rubber_163.jpg","train","rubber","rubber_163.jpg",".jpg","6792392","bda355282983a0ab549c2f3599b26f89bb92126b24e0b5e9a7260aa4d54eceac"
"dataset/train/rubber/rubber_164.jpg","train","rubber","rubber_164.jpg",".jpg","5543349","a158043aa0b47a3f270938738c2745fcc8ec33b9d41c2a6085d71f92267aaf88"
"dataset/train/rubber/rubber_165.jpg","train","rubber","rubber_165.jpg",".jpg","7330208","b303245473ed9887d4abe3ecea68091e2416491827e9bc8520a34ebf5e8b593a"
"dataset/train/rubber/rubber_166.jpg","train","rubber","rubber_166.jpg",".jpg","5987447","83ec8e1b2b427acd2118898e9300ffdc48592173fd1fe03d63a61e781d85ddf0"
"dataset/train/rubber/rubber_167.jpg","train","rubber","rubber_167.jpg",".jpg","6041280","d501b9f422a0953f8895b6ea07ef36fb284da94565922e95d8636b88a084f327"
"dataset/train/rubber/rubber_168.jpg","train","rubber","rubber_168.jpg",".jpg","6530536","1e655155eb6e70205a3f8730509abd2cf52ffa629e77c20205cd4a9f3517828c"
"dataset/train/rubber/rubber_169.jpg","train","rubber","rubber_169.jpg",".jpg","6293620","21312618b1cddc5c48f4a2dcb3a1ac0b126af39a472a0c9311333712ef96e507"
"dataset/train/rubber/rubber_170.jpg","train","rubber","rubber_170.jpg",".jpg","5869843","7b9763cd8fee56ae6bd2b7de9207ddbdb9e95f5ca9d54857c4cebb34cfbbccb7"
"dataset/train/rubber/rubber_171.jpg","train","rubber","rubber_171.jpg",".jpg","6100042","6d2a23f95741a118fd962745e36b4eca2ba0cc792b27a05b4a51994376d99387"
"dataset/train/rubber/rubber_172.jpg","train","rubber","rubber_172.jpg",".jpg","6805481","afd8567a992e72b99bd3eb1de5eb10b72a9a04470030dc1c3d03b79e2c085271"
"dataset/train/rubber/rubber_173.jpg","train","rubber","rubber_173.jpg",".jpg","7342172","f5c653b0307dfe695f5191153ebdd0932756522954942777b5ddb71f0b51a522"
"dataset/train/rubber/rubber_174.jpg","train","rubber","rubber_174.jpg",".jpg","6180024","9a4a628d367895a5fdf30ee415cc21684372d127b9942e3f0192c7a3d601ba8d"
"dataset/train/rubber/rubber_175.jpg","train","rubber","rubber_175.jpg",".jpg","6879959","efc73c0c2ecc2871fb8759cea766e308e08580a3ca9266b384d8dc6e92ca8717"
"dataset/train/rubber/rubber_176.jpg","train","rubber","rubber_176.jpg",".jpg","7249123","76caab9690aa88ba863763c1eb155444e3742748da24e220e62988c44da644c7"
"dataset/train/rubber/rubber_177.jpg","train","rubber","rubber_177.jpg",".jpg","6866285","1e6ad665e9e139a5902e96e8416b9509705c0c973f02c7cd9b3d333a3211e74c"
"dataset/train/rubber/rubber_178.jpg","train","rubber","rubber_178.jpg",".jpg","5767399","58afc7bef107e57e6f56769863e2553c919971d22a5d30aedb85fc27865b5069"
"dataset/train/rubber/rubber_179.jpg","train","rubber","rubber_179.jpg",".jpg","5912856","881bd75feb87e7e76c317cd434e6ff2d5da37de0f6bc5de50abdab7f55b95c25"
"dataset/train/rubber/rubber_180.jpg","train","rubber","rubber_180.jpg",".jpg","5770678","2e80408326f3330d061d4f6764cceb635ea1400bd0e877a8567135740913247a"
"dataset/train/rubber/rubber_181.jpg","train","rubber","rubber_181.jpg",".jpg","5935949","fe77fb4f0dc6dbfd2a5e071db75620da77c3acb272bf02c759bae7aca0716009"
"dataset/train/rubber/rubber_182.jpg","train","rubber","rubber_182.jpg",".jpg","4456762","1f52c675e3fc60f6e92ecb6f634984ca2ade4dc2923df271a94bde0ca7d43b06"
"dataset/train/rubber/rubber_183.jpg","train","rubber","rubber_183.jpg",".jpg","4258413","2e41e5561cb665ada244b4cc5a20b370509a38c865f838bf663edb90a15edf7b"
"dataset/train/rubber/rubber_184.jpg","train","rubber","rubber_184.jpg",".jpg","6689537","fbc79ddacd6508d239c73a60f20c6762cf70c42f6d6ed7a1a3a149616d5cf638"
"dataset/train/rubber/rubber_185.jpg","train","rubber","rubber_185.jpg",".jpg","5069482","6fd090bf66ef6981fbb223a14993fe24977e7daba696a12f4deab23a16959fb4"
"dataset/train/rubber/rubber_186.jpg","train","rubber","rubber_186.jpg",".jpg","6039958","1a7ea3b7b00ee81679370e09c77377ed2d2b03790d94880d2f46f7696fe7843f"
"dataset/train/rubber/rubber_187.jpg","train","rubber","rubber_187.jpg",".jpg","5330368","716a7c4162a6debd6809e1a06a4df8a1403ee7f13260b8695b3eff306adca625"
"dataset/train/rubber/rubber_188.jpg","train","rubber","rubber_188.jpg",".jpg","5924155","846f5da74682e6906914573f938a630a1516003ee62b3ad4059795d9e50ea61f"
"dataset/train/rubber/rubber_189.jpg","train","rubber","rubber_189.jpg",".jpg","6813853","025c8a03ead6c4af5d7a165bc2fd9ce0b93884faf2536d730ef9e2163ebe7250"
"dataset/train/rubber/rubber_190.jpg","train","rubber","rubber_190.jpg",".jpg","6929493","f4f6a9411a2acc715a2a3ffd068e476f1fedd579d31f0c9e200de36277749331"
"dataset/train/rubber/rubber_191.jpg","train","rubber","rubber_191.jpg",".jpg","6197490","e4190a47479c5e035c412cfdc261e9263dd99d1c7dac9fdebde3281d3eec864a"
"dataset/train/rubber/rubber_192.jpg","train","rubber","rubber_192.jpg",".jpg","5906186","46101c780e4c50891c9df66eaaf198bf017f363570420d6ad2bce3b06c1a436d"
"dataset/train/rubber/rubber_193.jpg","train","rubber","rubber_193.jpg",".jpg","6538271","05ab10244ea672c85d33434ae10260a3de889a51d18083f05d7ccde51c5ab14d"
"dataset/train/rubber/rubber_194.jpg","train","rubber","rubber_194.jpg",".jpg","4557859","15d671ee9212c98ef897339fc8f4e7b4f9803d2659be82ed45637f279bee4441"
"dataset/train/rubber/rubber_195.jpg","train","rubber","rubber_195.jpg",".jpg","4527920","5076f0b914ff4ce1187aa213062ae2c15759b2f738ef88f7cfa05acdb670e33b"
"dataset/train/rubber/rubber_196.jpg","train","rubber","rubber_196.jpg",".jpg","3759417","1566143a95c5a97aa42bffbb35e7b7204baf5bcaa15ec30406cebc743fd82b4c"
"dataset/train/rubber/rubber_197.jpg","train","rubber","rubber_197.jpg",".jpg","4510982","dbbacae15d9bdeb52a68cf28517fb5e6f2c7da94f1b3aa5b24d00c04882fae6b"
"dataset/train/rubber/rubber_198.jpg","train","rubber","rubber_198.jpg",".jpg","3823961","8ddfe08b8b65a0c0e86d18fa5a7b4f2e38f1c529e30d25916eb4d1e05aa7d88b"
"dataset/train/rubber/rubber_199.jpg","train","rubber","rubber_199.jpg",".jpg","4757471","fd601c514864587864829dad7ffbde63f9eb38df43c5facbb1e32b622fde78cc"
"dataset/train/rubber/rubber_200.jpg","train","rubber","rubber_200.jpg",".jpg","6068004","7989cde63d8e294b7e4eb35105d6235c3a5321a73ee79b8aa43f0f00697be9c8"
"dataset/train/rubber/rubber_201.jpg","train","rubber","rubber_201.jpg",".jpg","4947062","87c5e5ec0271f2e58d494b9fe40efb5cba5f73e922576f453f861b2a28f2a120"
"dataset/train/rubber/rubber_202.jpg","train","rubber","rubber_202.jpg",".jpg","4720726","648b94453b68a64cbc4edb1615e6744fa8abe72562f25f3d229de6f573291191"
"dataset/train/rubber/rubber_203.jpg","train","rubber","rubber_203.jpg",".jpg","4200163","524037fff2139a2b568ce3e5971ed7f25c6e84a964119dab003d4f8928493c26"
"dataset/train/rubber/rubber_204.jpg","train","rubber","rubber_204.jpg",".jpg","4086711","50993a8367ad3016169d4befe19617591fadaf14db592f5ff1eac20378150f6e"
"dataset/train/rubber/rubber_205.jpg","train","rubber","rubber_205.jpg",".jpg","4709119","e7949cd4dbbb4a810a3239c2a7004584c2b8e85103b72b0a6b3f4dffb5de1e85"
"dataset/train/rubber/rubber_206.jpg","train","rubber","rubber_206.jpg",".jpg","4947353","3a0fee762ca72fbc4e5bae30143ded289367ea1aa01b84ab45c489ec6d223b3a"
"dataset/train/rubber/rubber_207.jpg","train","rubber","rubber_207.jpg",".jpg","4662909","d9dd6f5032feaf20d0494f3929ad20777656e61b6fabf28e38f081559c363606"
"dataset/train/rubber/rubber_208.jpg","train","rubber","rubber_208.jpg",".jpg","4085506","8ff50f9d0dc68f92dabb65dfae2f9b5d2b2d1e1a5b47b4fcc350fb5eaaa0e8d1"
"dataset/train/rubber/rubber_209.jpg","train","rubber","rubber_209.jpg",".jpg","5104478","a9f51d424a76fec62123609604b15ccdaa9db5cfc308363805045ecf59c35d5f"
"dataset/train/rubber/rubber_210.jpg","train","rubber","rubber_210.jpg",".jpg","4782614","28f462dae5132aed20f5a92538a072e0e161d418c7eea06ab1559394866fde8c"
"dataset/train/rubber/rubber_211.jpg","train","rubber","rubber_211.jpg",".jpg","4091830","de0a7c8eab38c6544a1da778c1dfa4fd91a69bcd93e1061a1a4615124178b537"
"dataset/train/rubber/rubber_212.jpg","train","rubber","rubber_212.jpg",".jpg","5287140","c4397800e40510a7cfc1357db87336a71cea6f32d607d957197905b8d63e45da"
"dataset/train/rubber/rubber_213.jpg","train","rubber","rubber_213.jpg",".jpg","5331375","7e64cfb8a1d420cfa5ee681fdf1a3eaca6a8d34a6aa8ef1491262b3c2c39fea4"
"dataset/train/rubber/rubber_214.jpg","train","rubber","rubber_214.jpg",".jpg","6164149","f315c86b23ab94c94c74511383e41b6bac844e845509e7a5ecc53e1e9dd8a384"
"dataset/train/rubber/rubber_215.jpg","train","rubber","rubber_215.jpg",".jpg","5942131","594fd79135b11b0517c04581bc8f040156615236c45b59d336bcdfbf5a19534b"
"dataset/train/rubber/rubber_216.jpg","train","rubber","rubber_216.jpg",".jpg","5212059","498313fa96fb22f0a0b2843b11a332f5435c1ad204aa19d56ef29cb7b25aab42"
"dataset/train/rubber/rubber_217.jpg","train","rubber","rubber_217.jpg",".jpg","5490067","bc6baa11568c527f096fef5182693222e84d74bc3014e33deb8f91f23b11676f"
"dataset/train/rubber/rubber_218.jpg","train","rubber","rubber_218.jpg",".jpg","5434440","93cfd0ba2480fc7cb0903f66bff0549ebbae3ea24110977f28fab3322ea79e0c"
"dataset/train/rubber/rubber_219.jpg","train","rubber","rubber_219.jpg",".jpg","5961626","2155566da8bff2518b26d1be026c9d35eb5438dff3c778de2065262969cd77ee"
"dataset/train/rubber/rubber_220.jpg","train","rubber","rubber_220.jpg",".jpg","5166525","d0dd479fe98e45a0e59ab51bb5ece7a69c5af79aa2fe9fa117c8edb365409f75"
"dataset/train/rubber/rubber_221.jpg","train","rubber","rubber_221.jpg",".jpg","4973709","ef7ce4ef1294ba9cb812a292daea731e38266e7e1c73315ffdbd1d64b0bbf723"
"dataset/train/rubber/rubber_222.jpg","train","rubber","rubber_222.jpg",".jpg","5892686","96793989ba01c7342731f960a56ef0d136972c62ef977058397027e131df070f"
"dataset/train/rubber/rubber_223.jpg","train","rubber","rubber_223.jpg",".jpg","4997036","f2b4dbb228d246129a9d7e6cb0fde8b6b2b36fc3dafd8f1cd4711c70d9ed6fa2"
"dataset/train/rubber/rubber_224.jpg","train","rubber","rubber_224.jpg",".jpg","5704648","5813d1a28089c3a15c0d099187fbdcb9238ddae50199bba913b278ffa413acfa"
"dataset/train/rubber/rubber_225.jpg","train","rubber","rubber_225.jpg",".jpg","5812019","f92e9d7723c93b7600208000ad2a91d341ed5201499c0cec65c6faffb9ffd99f"
"dataset/train/rubber/rubber_226.jpg","train","rubber","rubber_226.jpg",".jpg","4515863","9dca34af748c9ab644033ea4a162129d71713d877a935b9115a878cecd969cd1"
"dataset/train/rubber/rubber_227.jpg","train","rubber","rubber_227.jpg",".jpg","5096961","777791a97ba9f43555c3d84eee4d63f7c6f4d0ee957d50c17c3ac8fa94b4c8ea"
"dataset/train/rubber/rubber_228.jpg","train","rubber","rubber_228.jpg",".jpg","5302266","c3564f48e6d18b0ab50088bbfcdf3dc225341b2076a3e7ba7ec04eca4bc2b08c"
"dataset/train/rubber/rubber_229.jpg","train","rubber","rubber_229.jpg",".jpg","5435776","edfe13e6465a83c5e3eed26a1c66b8b7c69044fc712def989b540270bd32556f"
"dataset/train/rubber/rubber_230.jpg","train","rubber","rubber_230.jpg",".jpg","5399129","954830389f69de0eb612dac207ee0caf2dd02451bda2fba57b34b61d8027c855"
"dataset/train/rubber/rubber_231.jpg","train","rubber","rubber_231.jpg",".jpg","5676665","6ad1af8651e4b4e032cb7815ea8497216e8d50b1faa7a829cac90d77d192caf9"
"dataset/train/rubber/rubber_232.jpg","train","rubber","rubber_232.jpg",".jpg","4906451","fcf6a58da0a45b5a4d53746955f3adb0f0ad1d7af359e1b1c06d5c2eb747e8ff"
"dataset/train/rubber/rubber_233.jpg","train","rubber","rubber_233.jpg",".jpg","5306087","e812129e0395b15634e4d1a20d41c183ea2d60c5258a6deb4e7f32b3617cdacd"
"dataset/train/rubber/rubber_234.jpg","train","rubber","rubber_234.jpg",".jpg","4581132","dbc8e75c2ad6ec5e17278ad5ad0afdbe7ebeab67d93382804a579fe00e08c04c"
"dataset/train/rubber/rubber_235.jpg","train","rubber","rubber_235.jpg",".jpg","4577778","cb67086a5692191539f5e119d8cf046067a6a6b6de5f866eff958fabffbdfea2"
"dataset/train/rubber/rubber_236.jpg","train","rubber","rubber_236.jpg",".jpg","8594721","3b1d16eca1cd9f41b121a03b7253eaf5965fee3edae16f1367a8f97953a3f606"
"dataset/train/rubber/rubber_237.jpg","train","rubber","rubber_237.jpg",".jpg","8717396","46c3e9e632260ee4135e9da25d31128ef9eb57c3595ee104816d905ee32b38d5"
"dataset/train/rubber/rubber_238.jpg","train","rubber","rubber_238.jpg",".jpg","6573710","9b21dfb821ee980c2c09f323c7fdebe156d198e46f1259b98828764d3317cc42"
"dataset/train/rubber/rubber_239.jpg","train","rubber","rubber_239.jpg",".jpg","5276643","e9a922b342e5e9776f1db11360a65d8a9f28050a12966ef0341352830c4028ed"
"dataset/train/rubber/rubber_240.jpg","train","rubber","rubber_240.jpg",".jpg","8838060","9e2fb827c6dc4c0d83e8a4d8183fb373b71ffef88a332ac303689ee3137a2c60"
"dataset/train/rubber/rubber_241.jpg","train","rubber","rubber_241.jpg",".jpg","8611967","243a8e37639df91f77c58549e28e6e1dab940341f6bfcfb2ff5ef4b6c09a817f"
"dataset/train/rubber/rubber_242.jpg","train","rubber","rubber_242.jpg",".jpg","9606017","12613893ea054bf00fe288b534e91850e6af643ef80a1341d46c1e731d769156"
"dataset/train/rubber/rubber_243.jpg","train","rubber","rubber_243.jpg",".jpg","8506348","7527417e0124ed49bdf0726fc5c0d9606aa8475853d32a360a4ca4389cbc9819"
"dataset/train/rubber/rubber_244.jpg","train","rubber","rubber_244.jpg",".jpg","8786235","d99001f65f7c97eb64fdc1375e752f99e75a928e09bfd694121a57ca45553daf"
"dataset/train/rubber/rubber_245.jpg","train","rubber","rubber_245.jpg",".jpg","9032237","a3a578d22f6bbab04ed5855721477195d2a2eeb56cfa8340f33902033dde7fda"
"dataset/train/rubber/rubber_246.jpg","train","rubber","rubber_246.jpg",".jpg","6779418","235ef4413b6677189e44a8207e042a47301496e22dc8db6ac3268e6f98f0d292"
"dataset/train/rubber/rubber_247.jpg","train","rubber","rubber_247.jpg",".jpg","8183014","5900f4a4ae7c529e2b1149b8cbfee3e9b72216e38f7706d621eedf6f6ea15f61"
"dataset/train/rubber/rubber_248.jpg","train","rubber","rubber_248.jpg",".jpg","7795277","958837659b444fb91fcb92347339138a5cbbaa44b433681bf758d9b736ccd473"
"dataset/train/rubber/rubber_249.jpg","train","rubber","rubber_249.jpg",".jpg","7298517","9320879ec5bf53b06cb6885bca968cb176714736303c9c2aed0df00d8fff1f38"
"dataset/train/rubber/rubber_250.jpg","train","rubber","rubber_250.jpg",".jpg","6686055","2ecb59a46cdda44718e63990cd412cfd0701885d3fcf38378568dba1aa6d46dd"
"dataset/train/rubber/rubber_251.jpg","train","rubber","rubber_251.jpg",".jpg","7359278","0b9d0700df2da79864c46eebd69e8c157f81eff00b96b6085434300872b3db14"
"dataset/train/rubber/rubber_252.jpg","train","rubber","rubber_252.jpg",".jpg","7270375","118838add85e38e72224485f808076ebac6b5fc7ba1404bab26b6ad64b28428b"
"dataset/train/rubber/rubber_253.jpg","train","rubber","rubber_253.jpg",".jpg","6386923","515ee21b00434d4f60a848eaec0d7702ea158ce25fc08ebb7627e13ff8bb92a2"
"dataset/train/rubber/rubber_254.jpg","train","rubber","rubber_254.jpg",".jpg","6366495","4443bdb84d0890f988c7a3ded0cb9e97656e47fa9459514d3b57663090beadcc"
"dataset/train/rubber/rubber_255.jpg","train","rubber","rubber_255.jpg",".jpg","6328450","00fa852d1017cf71b07ab1acdd14a6461cf8acdbd4ac70288d17ac43abb15543"
"dataset/train/rubber/rubber_256.jpg","train","rubber","rubber_256.jpg",".jpg","6570212","8ab417e4c5aab1ab75ce348045d503aa1e256cb8b4a4c032485b9083b582f0e4"
"dataset/train/rubber/rubber_257.jpg","train","rubber","rubber_257.jpg",".jpg","6267334","17e57a10f835ce0364056c16fe8f6b59e82fcc988451983faad8eefdee96e6b1"
"dataset/train/rubber/rubber_258.jpg","train","rubber","rubber_258.jpg",".jpg","4761585","010aa27eef53da503986e56471798bb907d89e6e19acd2d33ad6569cc4235142"
"dataset/train/rubber/rubber_259.jpg","train","rubber","rubber_259.jpg",".jpg","5282548","0f0e8bef13afc326c8fa70fefbaa20c29d1e687dc387808917b607d081ee1f8e"
"dataset/train/rubber/rubber_260.jpg","train","rubber","rubber_260.jpg",".jpg","4936839","6e8582513f491e1c7bfd56a676a89b07dc49a27d12ad89e0ae44a7f9d2a45fe3"
"dataset/train/rubber/rubber_261.jpg","train","rubber","rubber_261.jpg",".jpg","4757442","8ce5b1ede40849dee3589a8f98383977a36c11e69543f9273dde0269e0a4ba90"
"dataset/train/rubber/rubber_262.jpg","train","rubber","rubber_262.jpg",".jpg","4891106","03c7b59cd2c1b61f63d0eb1f0aa7e2a510590fd52b0497154c9be9c2f29a3da1"
"dataset/train/rubber/rubber_263.jpg","train","rubber","rubber_263.jpg",".jpg","4766277","e488f0799a77ab0bc14a374e42669be3a76a97a3e14d1348e916cff50142869f"
"dataset/train/rubber/rubber_264.jpg","train","rubber","rubber_264.jpg",".jpg","4678241","47fb9828787b366b540060d51e22f7d2fd4535d166809879c8962cbacd493b3a"
"dataset/train/rubber/rubber_265.jpg","train","rubber","rubber_265.jpg",".jpg","4951641","0599f05ed66abd69d2d7c69bb812d03997126a22f652236b716440ed0819e891"
"dataset/train/rubber/rubber_266.jpg","train","rubber","rubber_266.jpg",".jpg","5141535","9a9ad6d4ea40dd098e1b2f12a87de4670eaba86a63e4b995a0fb96d4a63ebc42"
"dataset/train/rubber/rubber_267.jpg","train","rubber","rubber_267.jpg",".jpg","4889007","94cf5170367ab488c4206fe2a9e6dd27dd071c9b7fb52147c004b9fc4da792aa"
"dataset/train/rubber/rubber_268.jpg","train","rubber","rubber_268.jpg",".jpg","4659915","c1d2fd37e0d4c88c09a831ffc5a84a4c9598278c39e9f39b9a9c91945ca05837"
"dataset/train/rubber/rubber_269.jpg","train","rubber","rubber_269.jpg",".jpg","4909413","8033dfb6bb844aea579a37963de3d92a596bc5a52e9f4aeb3bd57b7a21c2fed9"
"dataset/train/rubber/rubber_270.jpg","train","rubber","rubber_270.jpg",".jpg","4605117","36e70deddf729bf5d685b4562d68190a8eab71fe67d4640245688514bf5d6a3f"
"dataset/train/rubber/rubber_271.jpg","train","rubber","rubber_271.jpg",".jpg","4892483","73283a5ef01edc2be12951d9027681043e934bf8f3e65a536e9bab22e673601d"
"dataset/train/rubber/rubber_272.jpg","train","rubber","rubber_272.jpg",".jpg","4998275","8733dcc7b075cbf8ba80e836c4efc65c5a68979d3a7be0520ecacd5103c44d2d"
"dataset/train/rubber/rubber_273.jpg","train","rubber","rubber_273.jpg",".jpg","5624156","b520b3d678bb07fe43c33319792e09d4bbeb50b6def7014bb87cb15d93616c10"
"dataset/train/rubber/rubber_274.jpg","train","rubber","rubber_274.jpg",".jpg","4698168","a0a0946d94b5ecbd9f6ed968c737143de27df3dab231b74f949b40fd9cd2fd32"
"dataset/train/rubber/rubber_275.jpg","train","rubber","rubber_275.jpg",".jpg","4694492","aaaba94225bad0657d3996abdf6f84d98a03e5e73cc1bd050d21d2997f94e12e"
"dataset/train/rubber/rubber_276.jpg","train","rubber","rubber_276.jpg",".jpg","4471380","c4d7c6577f0a88b303c5385f04885422546d62c5ce190b36b2b0b4d00c73a473"
"dataset/train/rubber/rubber_277.jpg","train","rubber","rubber_277.jpg",".jpg","4723789","ccb5724d02988d868543446be3d32033d48790fb7220014974d530e0aa5fb746"
"dataset/train/rubber/rubber_278.jpg","train","rubber","rubber_278.jpg",".jpg","5689440","fa5935329c44bf232561b7b6630c96768d98997c23a190220d23636a3365b595"
"dataset/train/rubber/rubber_279.jpg","train","rubber","rubber_279.jpg",".jpg","6295128","e45286261d584aa48f87760233a486b4e4121ede2f7bb8a94e469b703c4af6a4"
"dataset/train/rubber/rubber_280.jpg","train","rubber","rubber_280.jpg",".jpg","6486030","6141ac61f45fe4fce428b3743c8142b95b5073030ff2e1f909015316358aa9b3"
"dataset/train/rubber/rubber_281.jpg","train","rubber","rubber_281.jpg",".jpg","5982242","a268c3429c68bcd1c35d356d550424d7e1ff489ed4a2bea795734c59c64a67d0"
"dataset/train/rubber/rubber_282.jpg","train","rubber","rubber_282.jpg",".jpg","5207096","48970172b1de0faf4db8ebeaa48889496753ccff198e56b5dc5314604823b3d5"
"dataset/train/rubber/rubber_283.jpg","train","rubber","rubber_283.jpg",".jpg","5311658","a0ae71fc7afec3f2c69e5e94702c686bec209cb262be4a0c999f2b0bf73f27da"
"dataset/train/rubber/rubber_284.jpg","train","rubber","rubber_284.jpg",".jpg","4237172","d1dbd02b6fcbe89d47cae880a2bc755eb6c77b2fc318ccddd49edde084fd09e1"
"dataset/train/rubber/rubber_285.jpg","train","rubber","rubber_285.jpg",".jpg","5175470","84def66b8252c36781107e722154bf742acf8cfc5cdbdc283a6709930658cf65"
"dataset/train/rubber/rubber_286.jpg","train","rubber","rubber_286.jpg",".jpg","3652941","c48c2d704193801bb99e4175c2bb75eb70ef3bab3b565ef073ab7ddb30164468"
"dataset/train/rubber/rubber_287.jpg","train","rubber","rubber_287.jpg",".jpg","3733589","3b7c6b48c9e7ac6f55ef836a4497c3d73049f70a61054cb603112c5b67281696"
"dataset/train/rubber/rubber_288.jpg","train","rubber","rubber_288.jpg",".jpg","3833596","c607a35ad58e91e128c06f70cd4c672cdc6d2efdf34911cfb1da6df93d85f94a"
"dataset/train/rubber/rubber_289.jpg","train","rubber","rubber_289.jpg",".jpg","4047619","c5b325d3f7da99888a7b76b9e22b9571b21501d1c5fb06393dbe25a1a8ea74f1"
"dataset/train/rubber/rubber_290.jpg","train","rubber","rubber_290.jpg",".jpg","5123428","4541b80ad0e43ccfb49245c693474ad0390ad69e3fd9b585bbf75be8c0e4dedc"
"dataset/train/rubber/rubber_291.jpg","train","rubber","rubber_291.jpg",".jpg","5665147","650d0cb459bc7c5e85bf519dbb24f74fd02a481fc669043052e38de25b7d752c"
"dataset/train/rubber/rubber_292.jpg","train","rubber","rubber_292.jpg",".jpg","5757925","7ce3a2609b4722141b0d4c0ab24a98d7f81a5c56825c416620f9f8368f2a17b3"
"dataset/train/rubber/rubber_293.jpg","train","rubber","rubber_293.jpg",".jpg","6298399","91dbe25720229b4f8a9e9c4b824076288816007ce46342e3c9351b8f86255317"
"dataset/train/rubber/rubber_294.jpg","train","rubber","rubber_294.jpg",".jpg","6685507","7a6c886b91eca804fb389b04d46f8352a4a28f92d41be2f9921131a51972b6fd"
"dataset/train/rubber/rubber_295.jpg","train","rubber","rubber_295.jpg",".jpg","6985754","75db74d9808b92a76b66680fa21654f13626dcb6e1c26aa45625edb7d3d2cc00"
"dataset/train/rubber/rubber_296.jpg","train","rubber","rubber_296.jpg",".jpg","6142410","b40c7f1749fb8d3f8f1a44504b9a0eef67e7775857d17d10f8f8c8eedd8c73c0"
"dataset/train/rubber/rubber_297.jpg","train","rubber","rubber_297.jpg",".jpg","6676103","99db83be13c4996f2bc69e416e0382238e0da0a70f32b72c86adf6574c002d11"
"dataset/train/rubber/rubber_298.jpg","train","rubber","rubber_298.jpg",".jpg","6880419","13ff14dd9b3264f0f96396a73157452ffe955322e79eff2fe81dcb6c18bb2e32"
"dataset/train/rubber/rubber_299.jpg","train","rubber","rubber_299.jpg",".jpg","6614681","5c07059d347f3dc37391b9f07ec363cdcc6ae5d9e6bfa583f9c3c53ad0c49292"
"dataset/train/rubber/rubber_300.jpg","train","rubber","rubber_300.jpg",".jpg","7241181","8520d555a91326902befecbca29b75e9fc1fc182fb675f797de8f4710aebd9c0"
"dataset/train/rubber/rubber_301.jpg","train","rubber","rubber_301.jpg",".jpg","6031703","d56c70a2b42c8fa9eae1af10eb21b0d9b8201d89bc15c2eb4caa16eb03ef5634"
"dataset/train/rubber/rubber_302.jpg","train","rubber","rubber_302.jpg",".jpg","6191477","ec1872d984ed45a41d06ee2e6d50cfb99b24685e6594e8aa59979240ca0e009d"
"dataset/train/rubber/rubber_303.jpg","train","rubber","rubber_303.jpg",".jpg","5396696","f24f2a0b38905e9ce28eede1f779b3acb0a159d7c488ec0607c56e9976bd34b4"
"dataset/train/rubber/rubber_304.jpg","train","rubber","rubber_304.jpg",".jpg","5183000","046dcaf7b5f96de0841bf68b2ea0f31f125d88c469c2fc219a2a701c5247ea99"
"dataset/train/rubber/rubber_305.jpg","train","rubber","rubber_305.jpg",".jpg","5114078","79a354d3197afbedbcb0b243545cbc25fee21a2028a3282cd7a189f09f062f2f"
"dataset/train/rubber/rubber_306.jpg","train","rubber","rubber_306.jpg",".jpg","4936639","7e7d45b84d056863783dbaee402adaf662ed1b74af4bae7786e0e8665418d207"
"dataset/train/rubber/rubber_307.jpg","train","rubber","rubber_307.jpg",".jpg","5039624","0ba0e409fbe79399bf90c71c51f46e595d88ccb0258d2892a6f3ea83c65de744"
"dataset/train/rubber/rubber_308.jpg","train","rubber","rubber_308.jpg",".jpg","5823867","f8b78d80cf6687e5f7a68cc2f40ab7851b6921e6d67a4e017648a1c264fcf77c"
"dataset/train/rubber/rubber_309.jpg","train","rubber","rubber_309.jpg",".jpg","5125820","4e6289c00b2baea5e641a1e06c471b2efbd5225eff216df0a15fd4d3ba4c2837"
"dataset/train/rubber/rubber_310.jpg","train","rubber","rubber_310.jpg",".jpg","4268554","bf434fe59539da383c0f98f85d16a88e2d4f6d5dae6e47d53b38ea62616d3e29"
"dataset/train/rubber/rubber_311.jpg","train","rubber","rubber_311.jpg",".jpg","3562613","ce0f7ebc5fd70e562a8af3896b136e8f34abd1d47d16d7771aadfbae9ba0094a"
"dataset/train/rubber/rubber_312.jpg","train","rubber","rubber_312.jpg",".jpg","3699580","fdac53bbc2680ee72ce88d7069dedbf3ed20f9e27abc6aca405137cbf825231e"
"dataset/train/rubber/rubber_313.jpg","train","rubber","rubber_313.jpg",".jpg","3826457","5e440223aa14dd39277411b0718519c415de7b7fe0a4a1d3ab17855d2c56102d"
"dataset/train/rubber/rubber_314.jpg","train","rubber","rubber_314.jpg",".jpg","3248605","a44075fc326ec761678809d3f137b5228ff541d46245a5288fe147c8931143dd"
"dataset/train/rubber/rubber_315.jpg","train","rubber","rubber_315.jpg",".jpg","3604641","4cd6bed58d904ce3c68adbe11061480dbaf7e1eaeaed84e783447c3037528943"
"dataset/train/rubber/rubber_316.jpg","train","rubber","rubber_316.jpg",".jpg","3926526","d0e779d8454ae505902c703ddae5020cb970abb743efe463bfcfb3d9b54a14f4"
"dataset/train/rubber/rubber_317.jpg","train","rubber","rubber_317.jpg",".jpg","6088684","69066c28fe28ed544b7f141bb01871d684f8958fcb0d75dc63d0fbf9584f0912"
"dataset/train/rubber/rubber_318.jpg","train","rubber","rubber_318.jpg",".jpg","6786236","ae9d97a980712112b840979d651fd75392d6f2731a4c0588858018d4c0f8aab4"
"dataset/train/rubber/rubber_319.jpg","train","rubber","rubber_319.jpg",".jpg","6620688","a6b93e1484ea0d7325f4fea770d78148d16b3d1389d7fdd7af38c1636d6daa96"
"dataset/train/rubber/rubber_320.jpg","train","rubber","rubber_320.jpg",".jpg","6245283","d4dccee803bfc52d38c698e46ce77973e8b31d06e0a9aa461e677162ae7451eb"
"dataset/train/rubber/rubber_321.jpg","train","rubber","rubber_321.jpg",".jpg","7738015","193f6ae951fd694898da7946ea8f7de299a0f7f0f73aab0d0b375271efb9dd72"
"dataset/train/rubber/rubber_322.jpg","train","rubber","rubber_322.jpg",".jpg","7638838","07efe42c624b936b3887dbe97b1cdfae8cce4b41ff64c5308c21b44db2df137c"
"dataset/train/rubber/rubber_323.jpg","train","rubber","rubber_323.jpg",".jpg","7211507","c88f90e9951e45aea3251d25c432083a287fbad3b333c047c92705ddb647328a"
"dataset/train/rubber/rubber_324.jpg","train","rubber","rubber_324.jpg",".jpg","7196688","0054a8dab2bdc0c51d7a3281c2b8f68bbd3c1bd91133e98d36a02f4c1bd81ae7"
"dataset/train/rubber/rubber_325.jpg","train","rubber","rubber_325.jpg",".jpg","6284379","24776212f46b1078be8e9fa54c62b9c54833ed1c69434f42e7a883c6d66b21e5"
"dataset/train/rubber/rubber_326.jpg","train","rubber","rubber_326.jpg",".jpg","7271545","0725a1edae9463996b686573c9ac0456661ee1bb142a2ea655469e24f90653ff"
"dataset/train/rubber/rubber_327.jpg","train","rubber","rubber_327.jpg",".jpg","6991100","7d8cb06f09af99bec09d96c80f9e5a7b70f61eff8ce97670d59126604bda4d34"
"dataset/train/rubber/rubber_328.jpg","train","rubber","rubber_328.jpg",".jpg","6572179","800bfd6787c33c0da6889c95f8e9ed845ca64b95b7775290c4f9bce0f1329961"
"dataset/train/rubber/rubber_329.jpg","train","rubber","rubber_329.jpg",".jpg","6069622","30afd23b8f82f9096749942ad7ad9d43784218de83574c29d2045fecd05671ab"
"dataset/train/rubber/rubber_330.jpg","train","rubber","rubber_330.jpg",".jpg","6697102","3db6471a21a75879b81af657a15423586aa577b7b101b72019d06ee72ff04cd9"
"dataset/train/rubber/rubber_331.jpg","train","rubber","rubber_331.jpg",".jpg","6439527","af60ca56301bacfac143a9a4be906a0246d23d391dbe82ad2183e0c4e94e1364"
"dataset/train/rubber/rubber_332.jpg","train","rubber","rubber_332.jpg",".jpg","5779900","1fa7b1117ec56cedf00afd3d8cbf155bb7d03b7734293dc0c18046061552ec78"
"dataset/train/rubber/rubber_333.jpg","train","rubber","rubber_333.jpg",".jpg","6371561","42318725be82705c08c3480b2157ddee30177fc3a83e9035213a13acbb2b4019"
"dataset/train/rubber/rubber_334.jpg","train","rubber","rubber_334.jpg",".jpg","6122206","78fe266ee98a7353081141d303d820ec8917ccd47186743c952767b711b1f01d"
"dataset/train/rubber/rubber_335.jpg","train","rubber","rubber_335.jpg",".jpg","4985295","62321b796339b56d29c68790615592c3f0b499ce3c5218d28c18d6c3a7f9bb83"
"dataset/train/rubber/rubber_336.jpg","train","rubber","rubber_336.jpg",".jpg","6478897","72ec11290c1c1ce5e995d4201f2e61643ccb031f7ba639e76f813be87bee6936"
"dataset/train/rubber/rubber_337.jpg","train","rubber","rubber_337.jpg",".jpg","6045413","33c8e0c038eed5d9616f561e2a273bf384695d0432f22952d41b7de45f89a758"
"dataset/train/rubber/rubber_338.jpg","train","rubber","rubber_338.jpg",".jpg","6981571","29dd36d20a7ae7b54e0820a4b889ac78d3d2d0197a23ef130e6875332a91e928"
"dataset/train/rubber/rubber_339.jpg","train","rubber","rubber_339.jpg",".jpg","7717385","4252e8e61f2a3bb4aede84bd7e17eaa55700fade305bdeee0a2b92b7cb8c87c8"
"dataset/train/rubber/rubber_340.jpg","train","rubber","rubber_340.jpg",".jpg","6954293","8da6b138febc772d6473709d6f1c275d430b23f243eed1c255aa683094ae5741"
"dataset/train/rubber/rubber_341.jpg","train","rubber","rubber_341.jpg",".jpg","7178172","aba6447876e3f73e6cb29366c8ab2c0077c2984436ea2deb8e1ad1d80f4457c7"
"dataset/train/rubber/rubber_342.jpg","train","rubber","rubber_342.jpg",".jpg","6022376","62f6b0508f361f55c4988c3a6bf604809e52d7e276b224fab8073bc1bbfa56db"
"dataset/train/rubber/rubber_343.jpg","train","rubber","rubber_343.jpg",".jpg","5702711","cab322cdd890678fa8cb4a46c6b5533528b4a524866a6d92c5ea64c6a94c1c0e"
"dataset/train/rubber/rubber_344.jpg","train","rubber","rubber_344.jpg",".jpg","6339072","6d8d51523e5f11447fc3777aa76e227b4b4a2781e188d8c1db6bcfd331f173f4"
"dataset/train/rubber/rubber_345.jpg","train","rubber","rubber_345.jpg",".jpg","6107919","de5b65cb21573ba5a1678c3a4098fec35bd9e705532605e858588b5a3e5397c7"
"dataset/train/rubber/rubber_346.jpg","train","rubber","rubber_346.jpg",".jpg","7464113","50928ee59c3a7ec15552bef049d4870437da3e41f555c0f3a5569b416d486305"
"dataset/train/rubber/rubber_347.jpg","train","rubber","rubber_347.jpg",".jpg","7179064","51213c2030f4b327d10281d6497ca9727a9557cc44c3f4ef8fec58ac7781283b"
"dataset/train/rubber/rubber_348.jpg","train","rubber","rubber_348.jpg",".jpg","5750656","d9281c629ec51bedafeb5c02819d0426aad1d751fbcbb00e006f86bd74f85e5d"
"dataset/train/rubber/rubber_349.jpg","train","rubber","rubber_349.jpg",".jpg","6272148","b3ce5dc6bc69dc04fbb156c3e14e3912453992b628ff8a0b24aa057db6751978"
"dataset/train/rubber/rubber_350.jpg","train","rubber","rubber_350.jpg",".jpg","6912847","3d1a0fc9e24a74df8a425fa928be5890782628a7e23ae8f3c4f6355e9e40fffc"
"dataset/train/rubber/rubber_351.jpg","train","rubber","rubber_351.jpg",".jpg","6469371","59ca677270eb790771eb4575f36e6c14d3647f011df434060d16068c0e90bf48"
"dataset/train/rubber/rubber_352.jpg","train","rubber","rubber_352.jpg",".jpg","6136572","1c4191d1ab590c956eef70f2f21ca31a5de1a88276611f35038663f4115c461f"
"dataset/train/rubber/rubber_353.jpg","train","rubber","rubber_353.jpg",".jpg","5965262","86cd69282d174c5b0a21855e1548ad3c565dc7187558f5f849c781d595eae0b0"
"dataset/train/rubber/rubber_354.jpg","train","rubber","rubber_354.jpg",".jpg","5606618","eaaf5f33290db15717fde36f84bbcee462d38c65afb2b7da014b6f030bfef158"
"dataset/train/rubber/rubber_355.jpg","train","rubber","rubber_355.jpg",".jpg","5254659","cdc006fbebda2c410138a47194b68f7d03c06f25fb3a5c6330b31714abb9a0e4"
"dataset/train/rubber/rubber_356.jpg","train","rubber","rubber_356.jpg",".jpg","4170036","ae5b790c2c2f72366ef3f7c31051d210adaeec3286c7362570facbbb280cb64e"
"dataset/train/rubber/rubber_357.jpg","train","rubber","rubber_357.jpg",".jpg","4613866","0bc126dd64858f3750e153d7b6e81633d121f544eaab4ca899d619c0ecd72934"
"dataset/train/rubber/rubber_358.jpg","train","rubber","rubber_358.jpg",".jpg","7768754","60d70409affe9ba6f4e115186cc904f37249c7a2ce6e16ca48964770b81edc3b"
"dataset/train/rubber/rubber_359.jpg","train","rubber","rubber_359.jpg",".jpg","5429650","2c3d462ed3646eec57b11cafe0973e002d1133fbcae6a1887c929a30ea1184b3"
"dataset/train/rubber/rubber_360.jpg","train","rubber","rubber_360.jpg",".jpg","5876381","ad260e513a69955b9f37e0b4c48ff0085a4eb12990bb54f220b1fb0555f4250b"
"dataset/train/rubber/rubber_361.jpg","train","rubber","rubber_361.jpg",".jpg","5295069","cffea21991682eae16df27e355c38cc02e1193f93619de2675d9f712da1f0a87"
"dataset/train/rubber/rubber_362.jpg","train","rubber","rubber_362.jpg",".jpg","5455398","ddd8e929606a790bb101d3ae2dca1ecf5c1ddf23cab47fe2e6282200c7a365a1"
"dataset/train/rubber/rubber_363.jpg","train","rubber","rubber_363.jpg",".jpg","5579738","0c879b91d53d8e210547d1b2fe499754422e6a06479d85b48ea3a2d7ac5465a2"
"dataset/train/rubber/rubber_364.jpg","train","rubber","rubber_364.jpg",".jpg","5855996","44da0a91737d73dd52ee2a59acbc184fe6e87a843dde8d72ee8c362b29721335"
"dataset/train/rubber/rubber_365.jpg","train","rubber","rubber_365.jpg",".jpg","5861347","ef5af4908c06691b031bcb88e262c849ba64dbccc3b4c555522a5fae2bf20337"
"dataset/train/rubber/rubber_366.jpg","train","rubber","rubber_366.jpg",".jpg","5200460","c47b4ab723d02618ec7d9f3e0641e3e04f01207e71a2ef9f8afe85b35ab374fd"
"dataset/train/rubber/rubber_367.jpg","train","rubber","rubber_367.jpg",".jpg","5122334","40ca542d1ece66c5da1619ca096c06b063ceffd7e5e9a0bffd359530c5ad8452"
"dataset/train/rubber/rubber_368.jpg","train","rubber","rubber_368.jpg",".jpg","4764127","7ce9929c81027df18b1b801368f7ed7574cee5c45b28e6120ea79d5eb1128336"
"dataset/train/rubber/rubber_369.jpg","train","rubber","rubber_369.jpg",".jpg","4889539","f97f758e69ffd9cbc21fe2b2c8b8f94d0d374ffbf264f02d11323cad045ed1cc"
"dataset/train/rubber/rubber_370.jpg","train","rubber","rubber_370.jpg",".jpg","5513889","581adc4cbc8a0f16efaa2a83ec9b9248a39c233e6a9444fa7ca0139fa37eceb3"
"dataset/train/rubber/rubber_371.jpg","train","rubber","rubber_371.jpg",".jpg","4357085","3ecc83d050c6bf7e39e447e799f9801a1bcc4d57ce78995764af734ede7898d3"
"dataset/train/rubber/rubber_372.jpg","train","rubber","rubber_372.jpg",".jpg","5201775","b7a6de696409fdc6eb99315fe28427852a52c03bc780f4f01f3656ed4c8cb822"
"dataset/train/rubber/rubber_373.jpg","train","rubber","rubber_373.jpg",".jpg","4694841","2849b778df13e5d64d2711aff1a814a8557669603a79a1c94ec7835609ffda9a"
"dataset/train/rubber/rubber_374.jpg","train","rubber","rubber_374.jpg",".jpg","4989658","1f787a069d0f2765fa9deae78478a3d1d400e8273ade853addaa9b207e862276"
"dataset/train/rubber/rubber_375.jpg","train","rubber","rubber_375.jpg",".jpg","4932186","c13c7c5f5b2c6082c23e75153c26e4e5f7c21d1906cad6d0ba7b1004f8e04ce4"
"dataset/train/rubber/rubber_376.jpg","train","rubber","rubber_376.jpg",".jpg","5098654","ef9ff762e60bdb36b83feebef66ad2d5990aae698c0a0768db300191210ba9c2"
"dataset/train/rubber/rubber_377.jpg","train","rubber","rubber_377.jpg",".jpg","4922657","125467dc0e62e15264b8221c61335fdec2e6e8fa586dfabebe96697b7a520221"
"dataset/train/rubber/rubber_378.jpg","train","rubber","rubber_378.jpg",".jpg","5357512","301ceed65701156ade61a3bcb307bba73dfd4c67b2bdc2aff7d8264d01dfc28d"
"dataset/train/rubber/rubber_379.jpg","train","rubber","rubber_379.jpg",".jpg","4659866","d97e08caaea65ab5b17115310e476b7c97591cefccc4244c339271b41f14b2c3"
"dataset/train/rubber/rubber_380.jpg","train","rubber","rubber_380.jpg",".jpg","5642175","ac9f9fe209f95ea2abfbeebbe27b9fe5aa270f91727476247fa0ed31bad7f48f"
"dataset/train/rubber/rubber_381.jpg","train","rubber","rubber_381.jpg",".jpg","6451479","391b3fa9ee0d64f3aa287838f1aa7e9854b19701c7ada293c25f20ebd6b1b596"
"dataset/train/rubber/rubber_382.jpg","train","rubber","rubber_382.jpg",".jpg","5382285","7dd264779bc6e2fbf2201ee436ff4cc863f05fc6b532f3132a4b51285356798a"
"dataset/train/rubber/rubber_383.jpg","train","rubber","rubber_383.jpg",".jpg","5230644","f05eb15eaf54f5eb613ef82764edfa2f9e17a22e9dc1698d69bae7f1ebd78efe"
"dataset/train/rubber/rubber_384.jpg","train","rubber","rubber_384.jpg",".jpg","4886383","c84cbb84a440df8954719acc70a9dfa25fc042184b3d39c3fea353e0a9dbc084"
"dataset/train/rubber/rubber_385.jpg","train","rubber","rubber_385.jpg",".jpg","5407532","8fcead426d3c03de6e5d15d2ee13aa76bc53fb07746002184183a7b192f24a20"
"dataset/train/rubber/rubber_386.jpg","train","rubber","rubber_386.jpg",".jpg","6355083","adb62c25d28d1babef0959bea22f4376270a65b5a275ad9d43d21477e33aa8fd"
"dataset/train/rubber/rubber_387.jpg","train","rubber","rubber_387.jpg",".jpg","4959839","082318097304b8c06325d4262128a3830e9632685dc6a13dec548f4b046c18a6"
"dataset/train/rubber/rubber_388.jpg","train","rubber","rubber_388.jpg",".jpg","5218648","00e7f1f083ec766d6f81f5b60a49f38732dbe9a9872c8e39e2789c62349989b8"
"dataset/train/rubber/rubber_389.jpg","train","rubber","rubber_389.jpg",".jpg","5220363","872e1f3e67c6f6cae1a1878c60463c15780662e2946f15ca01acbb2d23c4b6d2"
"dataset/train/rubber/rubber_390.jpg","train","rubber","rubber_390.jpg",".jpg","4429736","1e03d677ab329185f7d19774fc7c49441d4d93ff6659a76b264f3db4bb68636f"
"dataset/train/rubber/rubber_391.jpg","train","rubber","rubber_391.jpg",".jpg","5280085","fb3959c057a55112f183dd73bca0c969a16a5660cb4bd7b1e3f75a557875ed8b"
"dataset/train/rubber/rubber_392.jpg","train","rubber","rubber_392.jpg",".jpg","5020793","e56756a92c3595dd4384b5a3af80e440ca6daa52c5f7699a4da2463670dde38e"
"dataset/train/rubber/rubber_393.jpg","train","rubber","rubber_393.jpg",".jpg","4344490","564b1859c2038c7ab2a14d1507d6af656cdffbcc7696b31a74eeb9fface37037"
"dataset/train/rubber/rubber_395.jpg","train","rubber","rubber_395.jpg",".jpg","595610","283cd1b8a8c83b4b3bbf83b3615e218c61c261898a5340267e5a2339b8fc732c"
"dataset/train/rubber/rubber_396.jpg","train","rubber","rubber_396.jpg",".jpg","2638141","b35491d92a4048b88852ceb0d4051c4069f12307a66a93003e5049fc776449aa"
"dataset/train/rubber/rubber_397.jpg","train","rubber","rubber_397.jpg",".jpg","1454097","5b0191466721a21ce126e49a2646156fd5c8464a6d742cd1ba5556eeb9315a18"
"dataset/train/rubber/rubber_398.jpg","train","rubber","rubber_398.jpg",".jpg","2014588","98bd5758717df424675ac9d704f5ec03c52f91e88dd23fb1bc8199fa28734bbd"
"dataset/train/rubber/rubber_399.jpg","train","rubber","rubber_399.jpg",".jpg","4124298","57026b3325700bb376551d3b48475a768cdb30022d7661e120e38ced0538b9cb"
"dataset/train/rubber/rubber_400.jpg","train","rubber","rubber_400.jpg",".jpg","4347902","74822a83ac55ac99c60c31637e2fa15cbeb0f1961808f64de26e10f488fa8712"
"dataset/train/rubber/rubber_401.jpg","train","rubber","rubber_401.jpg",".jpg","457111","ff55634ca92a2fbca54693d018d707d47a131d362d0a0aefbc66baca7686e4f3"
"dataset/train/rubber/rubber_402.jpg","train","rubber","rubber_402.jpg",".jpg","218193","a3c23d25f32f5edd48afef3ab32ff9139891d2ff847a997e45fdb2661fe0b528"
"dataset/train/rubber/rubber_403.jpg","train","rubber","rubber_403.jpg",".jpg","4067144","f6e654e7e1e43282bbe914b8255ee2b1017a2bc8cbf0f82e886ff54d5ebd19f3"
"dataset/train/rubber/rubber_406.jpg","train","rubber","rubber_406.jpg",".jpg","632258","c319de316254c64115e56b719b86e9bc66e948395a7056f24d6d389a52a1ff4b"
"dataset/train/rubber/rubber_409.jpg","train","rubber","rubber_409.jpg",".jpg","217568","d3bfd7edf8acce34cd8dc8cb760da8b84b8e6ca3c32316235517dbd9c4e3ae35"
"dataset/train/rubber/rubber_412.jpg","train","rubber","rubber_412.jpg",".jpg","435096","c91e0732b54d401bcb94e647427653358f9a81df4ec5c36c3126eb02b72f5433"
"dataset/train/rubber/rubber_413.jpg","train","rubber","rubber_413.jpg",".jpg","442628","2c5f0cdc49297a959cee5501cb5362f3e72bf9123be8d660dc6fd86d0284dd8c"
"dataset/train/rubber/rubber_414.jpg","train","rubber","rubber_414.jpg",".jpg","3225384","673f0cd0f8718d13be8881ccd9e36ddf3415a7396a832b2680dc2e57a1ec98eb"
"dataset/train/rubber/rubber_418.jpg","train","rubber","rubber_418.jpg",".jpg","2040199","be04dc849e62445138eade8529984a37623f6cf2eb83db8aaeaf0da1e97ab312"
"dataset/train/rubber/rubber_421.jpg","train","rubber","rubber_421.jpg",".jpg","581566","e909d6bf7b36b1e624b33e46abe551b0ebba31f8c58a944cea428b3c8b79312b"
"dataset/train/rubber/rubber_446.jpg","train","rubber","rubber_446.jpg",".jpg","607548","2bcf5c8b21e5b34edc25e7fbee958c2148b85dbf1692fa48c78c25550f431bca"
"dataset/train/rubber/rubber_448.jpg","train","rubber","rubber_448.jpg",".jpg","2137210","659a0bb89c1345ab4b311a7b6187e711d2999385af4a3f520e911eb3ac7beb66"
"dataset/train/rubber/rubber_449.jpg","train","rubber","rubber_449.jpg",".jpg","1214392","f328e9823bb84888b377f0ba0b8c41db9210431c079a7023cc36ddb02d016872"
"dataset/train/rubber/rubber_450.jpg","train","rubber","rubber_450.jpg",".jpg","2621908","03eea4e2773858b9839794d61e0ee3bfddf263959eeee29c63d0e0fe017d6f69"
"dataset/train/rubber/rubber_451.jpg","train","rubber","rubber_451.jpg",".jpg","3427693","e8170b92ca4f6aab9bce005b96037ad1196b8ec77ce492b48f2d4d50b52d740c"
"dataset/train/rubber/rubber_456.jpg","train","rubber","rubber_456.jpg",".jpg","3632344","6ed732585ae9935089e9b8fc08ae41908dc54f20dc80b1882cd7a61dc0a5ff4d"
"dataset/train/rubber/rubber_457.jpg","train","rubber","rubber_457.jpg",".jpg","3572851","7fbfe7e5722b0abb7bb802d01e5bedc7550a03e6895a3237ae4d0fc1f7f1193d"
"dataset/train/rubber/rubber_461.jpg","train","rubber","rubber_461.jpg",".jpg","2349037","f72ceaec6c5ea14559e412a37540c1eb2d1ee40736d19ce936b3b687ffd32df3"
"dataset/train/rubber/rubber_462.jpg","train","rubber","rubber_462.jpg",".jpg","577765","a05febb7f42b3fc7f666e9f26cd9973b90b1de189a5aa0e2f985ad9809502c6a"
"dataset/train/rubber/rubber_468.jpg","train","rubber","rubber_468.jpg",".jpg","601983","ceb3d96ffcc3e03407ad93a45089b261e54bb47b2953c29f55cf21c669384669"
"dataset/train/rubber/rubber_470.jpg","train","rubber","rubber_470.jpg",".jpg","284847","33f1508cda06b22beb80ed220b3a4b6dd9300ea20102b9ab8d78e11264c51df3"
"dataset/train/rubber/rubber_475.jpg","train","rubber","rubber_475.jpg",".jpg","307574","03e9b79e556eaf3a854099f61fc54dfb3bf9be491020653f1ae8de23fbcb2bb3"
"dataset/train/rubber/rubber_525.jpg","train","rubber","rubber_525.jpg",".jpg","580966","7d9bd45e1817295c88848ad99cdff555c50fa12f9b916962f94c358363f5c8bc"
"dataset/train/rubber/rubber_526.jpg","train","rubber","rubber_526.jpg",".jpg","3390410","f1f5f36680d95d28b17c328695b869d52313fe60b28c79449f258932421c2699"
"dataset/train/rubber/rubber_527.jpg","train","rubber","rubber_527.jpg",".jpg","274265","74d298f363a340237feacd7e9daa0217a0d0f0f081153143d05e7415226b9248"
"dataset/train/rubber/rubber_528.jpg","train","rubber","rubber_528.jpg",".jpg","428185","7b91ea30fb17ae1fb1600667db075efbfc653e0879497f89d38609bbe828306f"
"dataset/train/rubber/rubber_529.jpg","train","rubber","rubber_529.jpg",".jpg","420675","e49b5f42fc68d7551a57ac9b90ce0f2e68ed391a468cd5125599f75170c79b1f"
"dataset/train/rubber/rubber_532.jpg","train","rubber","rubber_532.jpg",".jpg","3039749","42935b85e9734c483a8189f03764ecfbdb38a9995c37f7605dc05766b3a3530f"
"dataset/train/rubber/rubber_534.jpg","train","rubber","rubber_534.jpg",".jpg","710589","59a3893bbbe3b99a50819ebb0641d13bfe88a85d6af1c98c0641c0a5acb7ccdb"
"dataset/train/rubber/rubber_535.jpg","train","rubber","rubber_535.jpg",".jpg","255253","4fb55166b6b82de95c4bdd3175a19b369c51ff1ba321084c3c9ab5ac4c2aa60b"
"dataset/train/rubber/rubber_536.jpg","train","rubber","rubber_536.jpg",".jpg","3284313","7aa5cad68d146a8e525033595bf9526aceab442dc640e3dcd842afc69c0976e2"
"dataset/validation/concrete/AYRE9374.JPG","validation","concrete","AYRE9374.JPG",".jpg","696599","7dff96ed790ecd06729a82dc8034f10e1483f231de289751778bf17a57d75244"
"dataset/validation/concrete/BHMP9266.JPG","validation","concrete","BHMP9266.JPG",".jpg","871844","7425bf95bc070e0b6abc2349aa31feda3a20590920bf7b267a9d9c64e7b491be"
"dataset/validation/concrete/concrete_028.jpg","validation","concrete","concrete_028.jpg",".jpg","8040296","99b12f863b530b090e3da86e02d7dcb8879e1491c4c6944a6216b8f5dd07d670"
"dataset/validation/concrete/concrete_029.jpg","validation","concrete","concrete_029.jpg",".jpg","6655132","60aad8f05fdcb442d64fdfd7a3a4f6f3b9339c16d82309b6a6dae16c298a0747"
"dataset/validation/concrete/concrete_030.jpg","validation","concrete","concrete_030.jpg",".jpg","6473303","9fcc5c977996688186bd5f193248895ef482b1ca820b8ed982352d86de2bdf82"
"dataset/validation/concrete/concrete_031.jpg","validation","concrete","concrete_031.jpg",".jpg","6562477","c0ee7a30a6081f36b89f6bb5c1b5db89d71780a480796243d36d5b3b2e37fc66"
"dataset/validation/concrete/concrete_032.jpg","validation","concrete","concrete_032.jpg",".jpg","6947007","ee274f3dad1282d456d1b8f439dccffc20dc824ab21cddc667a762f6de72b852"
"dataset/validation/concrete/concrete_033.jpg","validation","concrete","concrete_033.jpg",".jpg","7069381","b200d44880757e2d20564a63e6d80483a184bf32c8402eac8e022a9500bb29ff"
"dataset/validation/concrete/concrete_357.jpg","validation","concrete","concrete_357.jpg",".jpg","598360","30908afb40609c3e3f7b974c144926a95b9ca42c7417e592d73f2cd94431ff9a"
"dataset/validation/concrete/concrete_358.jpg","validation","concrete","concrete_358.jpg",".jpg","685379","f8921159e0c7bf0081400578177b3fc74dda27611bc718d6218e54a3a1e44c5b"
"dataset/validation/concrete/concrete_359.jpg","validation","concrete","concrete_359.jpg",".jpg","4312057","865259dd63b7fe9b99684ab4a416f67614e696d59db9a28d02b48a5119e108bb"
"dataset/validation/concrete/concrete_360.jpg","validation","concrete","concrete_360.jpg",".jpg","4000544","9f2a64d5933cab06102fe4c28e385f91d1c45583fc1617cfa75ac35f9eb8bdb5"
"dataset/validation/concrete/concrete_361.jpg","validation","concrete","concrete_361.jpg",".jpg","4930798","f38f51df81ae776f705b0ee91cbc6349ad6c22797c5c5025642400d773b692e4"
"dataset/validation/concrete/concrete_362.jpg","validation","concrete","concrete_362.jpg",".jpg","4629198","dbecb0e65f1cf43606ae449b0f1874f491db33fd19d36f9cb584a93391980939"
"dataset/validation/concrete/concrete_364.jpg","validation","concrete","concrete_364.jpg",".jpg","6107013","c53574673f406b413f1da16ff693f09ea19911411c51620b4ccfe4b001838d41"
"dataset/validation/concrete/concrete_365.jpg","validation","concrete","concrete_365.jpg",".jpg","6206723","e49c80fb4e5cf2060e371f0be20c0e63b35cfae706f71486bfb6cbe51badde98"
"dataset/validation/concrete/concrete_366.jpg","validation","concrete","concrete_366.jpg",".jpg","6172658","b03d2b917de97379ae3a0aad30120904d7931d8d321778d1801dc380c9e1710b"
"dataset/validation/concrete/concrete_367.jpg","validation","concrete","concrete_367.jpg",".jpg","6510914","05f64272aea8fd891291e7c1d6dd449b0589286043d88b271ad3c208af7b2ade"
"dataset/validation/concrete/concrete_368.jpg","validation","concrete","concrete_368.jpg",".jpg","7462011","5f8f0cd125f1c3858294b8a121e8c6eb486bda28b0d8435a9ee2d955bc0bf4af"
"dataset/validation/concrete/concrete_369.jpg","validation","concrete","concrete_369.jpg",".jpg","7454677","17a81b757e41fea0cc981ab7fb4d3ef9dfc4b91d679485ef368564f1c0ec509a"
"dataset/validation/concrete/concrete_370.jpg","validation","concrete","concrete_370.jpg",".jpg","6918932","4715bfb322451319ce4c3af3c6064b8111ed480b58faead7f03cc140f34e7b89"
"dataset/validation/concrete/concrete_371.jpg","validation","concrete","concrete_371.jpg",".jpg","6570966","8bb3bcd5b8723120a784972235afac82ff4040534571a7dd2f42e668c0560586"
"dataset/validation/concrete/concrete_372.jpg","validation","concrete","concrete_372.jpg",".jpg","6459684","01339c7df5eeeeba78aad2cff0d04afb4fbd566d24e9d453f8ad4017c6681903"
"dataset/validation/concrete/concrete_373.jpg","validation","concrete","concrete_373.jpg",".jpg","6312582","e65c1fea7631eeb6764718a4ed7260a158e221463a70221783542fbed96bbecc"
"dataset/validation/concrete/concrete_374.jpg","validation","concrete","concrete_374.jpg",".jpg","6336655","2dff4ad7f12271b52fd66913fcdf9989583f23e99dfecb3b91af0b9796ced8b2"
"dataset/validation/concrete/concrete_375.jpg","validation","concrete","concrete_375.jpg",".jpg","6516813","0defb0948c35e9fe068fb64bcaf1f3a1a5cdc101eb089089d9a5fb9a8f061565"
"dataset/validation/concrete/concrete_376.jpg","validation","concrete","concrete_376.jpg",".jpg","6096617","59da5c7e9c166d35c02e7668693df33e0321f1916f4b8a8a71a393152029cd4b"
"dataset/validation/concrete/concrete_377.jpg","validation","concrete","concrete_377.jpg",".jpg","6146409","d0505278410f6348a5b58c542646b4e1061198512d90125f91bbf826ad8602ff"
"dataset/validation/concrete/concrete_378.jpg","validation","concrete","concrete_378.jpg",".jpg","6044775","cb03e6e51be446ca354a90d185ed18fac3c8a8ff81e40f78b2b4e92f8fe3c8c8"
"dataset/validation/concrete/concrete_379.jpg","validation","concrete","concrete_379.jpg",".jpg","6254089","9445ed9f1bb90f85695726935b89ae44a6eab19bb57ff8d6b20b47fdd4035a87"
"dataset/validation/concrete/concrete_380.jpg","validation","concrete","concrete_380.jpg",".jpg","6272596","8a42b261e6c8fc06a0e6b37f5536b4c82be1208424ad84d1e0e7a1f7e4c05079"
"dataset/validation/concrete/concrete_381.jpg","validation","concrete","concrete_381.jpg",".jpg","6210497","021bc9bb79a22957139870e087ec6cadaad9618cb2c1717c182de5e9d6230ea8"
"dataset/validation/concrete/concrete_382.jpg","validation","concrete","concrete_382.jpg",".jpg","6450538","8c45b72694680aab37730166bb5f66ce7a434a23a68ed5b54d5db64544f01979"
"dataset/validation/concrete/concrete_383.jpg","validation","concrete","concrete_383.jpg",".jpg","6555781","2754d0753cf0cdbb53852cd16507e5efe54f730933dd018c7bf91b1895b8ce8e"
"dataset/validation/concrete/concrete_384.jpg","validation","concrete","concrete_384.jpg",".jpg","6563815","cc0e2269c906f64fbad5d748f8eee84e54b6233a1701f3ed9cd741faecf67282"
"dataset/validation/concrete/concrete_385.jpg","validation","concrete","concrete_385.jpg",".jpg","6504731","2912ef9c1476f2df9905da7f8e0a5bf17a63d53194c6b9cc9383572d2877714d"
"dataset/validation/concrete/concrete_386.jpg","validation","concrete","concrete_386.jpg",".jpg","6433548","e2a2214fd69cd4375a8ef53d62b76c639af477e0c570e421118eadbffbd6e78d"
"dataset/validation/concrete/concrete_387.jpg","validation","concrete","concrete_387.jpg",".jpg","6231413","77b64404d246acb550d01375138c8d02c5332a1ee7df5b6e1e2173d7af42175e"
"dataset/validation/concrete/concrete_388.jpg","validation","concrete","concrete_388.jpg",".jpg","6437203","86cf510b0feeaaa68e868c9d27366cb3327953f13eee3b644a59fdc3f45977aa"
"dataset/validation/concrete/concrete_389.jpg","validation","concrete","concrete_389.jpg",".jpg","6388850","cf5c39282a4e43b7629c4ac678a4e278a26c9b83d053ddbac2a624ed3198d013"
"dataset/validation/concrete/concrete_390.jpg","validation","concrete","concrete_390.jpg",".jpg","6377770","89eae6e6aba2dd22741ff6a9c1befef52746a2f43ef25f476a1f482174841eef"
"dataset/validation/concrete/concrete_391.jpg","validation","concrete","concrete_391.jpg",".jpg","6264097","42371da109b358d1b53720ca8f86c67ac41ad4da76c3bdda7bb0e2430d7ea285"
"dataset/validation/concrete/concrete_392.jpg","validation","concrete","concrete_392.jpg",".jpg","6305607","0200b737ca4e8a85907326b7c789fc241f0491d68eaab1aacaf2fa4bae9f4403"
"dataset/validation/concrete/concrete_393.jpg","validation","concrete","concrete_393.jpg",".jpg","6412922","64fb33820d2bddc59201f6c016cea2ce37bd53bdd5b7a21ca185990de751ead7"
"dataset/validation/concrete/concrete_394.jpg","validation","concrete","concrete_394.jpg",".jpg","6531935","8fc55e3e1adc65c5781d6c4834906950ffd31d98e15fdf6ae35060bbf1eb62d7"
"dataset/validation/concrete/concrete_395.jpg","validation","concrete","concrete_395.jpg",".jpg","6461033","b2a117fa02eabaa0136421801f94802fcb9bef0c556b0a0c507e097bb23e6f4b"
"dataset/validation/concrete/concrete_396.jpg","validation","concrete","concrete_396.jpg",".jpg","6200895","c007b97165e2e45f75a03c1e3f30729aaa8f8093027714325374e3bf889e6b31"
"dataset/validation/concrete/concrete_397.jpg","validation","concrete","concrete_397.jpg",".jpg","6205587","c47db797c566485e105d35390706d3f1ad0343cdbb85b29d65bcdb1d68628bdd"
"dataset/validation/concrete/concrete_398.jpg","validation","concrete","concrete_398.jpg",".jpg","6312317","93e3cb20586f682c4ca260143173181e4ba93400ce3eb63e40529ca57244dff0"
"dataset/validation/concrete/concrete_399.jpg","validation","concrete","concrete_399.jpg",".jpg","6260959","577c01407ec61520ac03c55e095c7b5a780adfc713e5cd53844b013d814433f1"
"dataset/validation/concrete/concrete_400.jpg","validation","concrete","concrete_400.jpg",".jpg","6484890","0ab845bc4f1c90958c43b8a1dc979c84f5719163bc2ea7aed65ac3ad63e87509"
"dataset/validation/concrete/concrete_401.jpg","validation","concrete","concrete_401.jpg",".jpg","6401766","11a0aa3bf860a96d6e57aa0144c5797761aded754d560e28371dd779b7ef0074"
"dataset/validation/concrete/concrete_402.jpg","validation","concrete","concrete_402.jpg",".jpg","6292799","68ac149181bc47c13c7b14cda716482187442d744ac11c44e6b586ee45a22dfa"
"dataset/validation/concrete/concrete_403.jpg","validation","concrete","concrete_403.jpg",".jpg","929311","9c24c2375e7d38e9f8670eab5a0178ecfc7b1d33cd4a289120c33c97bc950479"
"dataset/validation/concrete/DXQL9255.JPG","validation","concrete","DXQL9255.JPG",".jpg","671071","654aca4da5fee3767e3c9f1246afcf9687c489a3221ffb1617ecb6e6a8a8b73e"
"dataset/validation/concrete/FMBE3347.JPG","validation","concrete","FMBE3347.JPG",".jpg","684071","2ab0686e9c68c5feb0cbe5d7a57e67f09a5a5a49b5bd19e9d48750224a91601e"
"dataset/validation/concrete/IQMR0307.JPG","validation","concrete","IQMR0307.JPG",".jpg","870461","c8cbbdc0df317efeeedbab20f845183ca5556f6e9dc8bbcb8c0aa55b855a63e5"
"dataset/validation/concrete/TAOB1273.JPG","validation","concrete","TAOB1273.JPG",".jpg","800222","681309f910e540ee37ce32f525532842f1907c6aa819548b55af8236bae1cfa2"
"dataset/validation/epoxy/AADW5504.JPG","validation","epoxy","AADW5504.JPG",".jpg","214854","ce9b12c51b2977c193805b0952f294e4158654dc0fb308840867514d1599e7d0"
"dataset/validation/epoxy/AEUZ4626.JPG","validation","epoxy","AEUZ4626.JPG",".jpg","329354","57b50dfa2b505ee6d0e09a08a4cbbed65f798c741dd47372f116e4ee4a8676c5"
"dataset/validation/epoxy/AKJL6195.JPG","validation","epoxy","AKJL6195.JPG",".jpg","310899","d5a7188f2df428b5331582b1d3004ac086034549f8eb833afdadbb68fb3718a5"
"dataset/validation/epoxy/APYA0065.JPG","validation","epoxy","APYA0065.JPG",".jpg","167734","e5c9208c8833ce28b13b9f4cb20b9546046bdbb55948046a55319553bf1e9af5"
"dataset/validation/epoxy/AXWC8873.JPG","validation","epoxy","AXWC8873.JPG",".jpg","348139","fa2e44ddb50e93479db1734c4b5c2273f19d58a404f4f06673ee9613ef7a7642"
"dataset/validation/epoxy/epoxy_006.jpg","validation","epoxy","epoxy_006.jpg",".jpg","5085275","82765bf7211fe31a689ad0dcc92996a947b8d6bb48d8d459ae15543260c4ba42"
"dataset/validation/epoxy/epoxy_007.jpg","validation","epoxy","epoxy_007.jpg",".jpg","4740415","c975f9fc0056a6c4cbc39350a5fd6da2871204012ccf4c5bbff9e27c5ac8d53a"
"dataset/validation/epoxy/epoxy_009.jpg","validation","epoxy","epoxy_009.jpg",".jpg","5597842","eb8257764413ec436d8f4fdb050888f8bd12155f00b2caa4bdf59523629212af"
"dataset/validation/epoxy/epoxy_010.jpg","validation","epoxy","epoxy_010.jpg",".jpg","5250285","60b46de92f3465c72390b9837014560da389a25df6e4105ca76cdd3928f56bd7"
"dataset/validation/epoxy/epoxy_011.jpg","validation","epoxy","epoxy_011.jpg",".jpg","4925996","cc1859b16a2e1015eb40a7c86c41af08c507eb15f2abea04d759cc39cb00a216"
"dataset/validation/epoxy/epoxy_013.jpg","validation","epoxy","epoxy_013.jpg",".jpg","3495146","8c8691121b5234c245698a7d30998aa53f3697e418f8e6318483afa2c756d813"
"dataset/validation/epoxy/epoxy_014.jpg","validation","epoxy","epoxy_014.jpg",".jpg","4535314","46548353726bd589116ba87b8c862843208de40e01c8e7ae93e50339a0ff437d"
"dataset/validation/epoxy/epoxy_200.jpg","validation","epoxy","epoxy_200.jpg",".jpg","4376015","584ef61785a1a339c5f8fccb674037fee979764de8487d5e4cdb12ce8e530732"
"dataset/validation/epoxy/epoxy_201.jpg","validation","epoxy","epoxy_201.jpg",".jpg","4515950","dd3afc6a6663b62079ba4d93aa265bdcf6152b8c2376a2939fe9127bffbf5456"
"dataset/validation/epoxy/epoxy_202.jpg","validation","epoxy","epoxy_202.jpg",".jpg","4327609","1db7a0023854a0c1245c0e25fcaa0f2a5ef9e115c4d98b1784551ec2f6c1b3da"
"dataset/validation/epoxy/epoxy_203.jpg","validation","epoxy","epoxy_203.jpg",".jpg","4130216","4b7b67380f709b0cd232d47f26366d1621ce9f895157070e95c9f48893903c4b"
"dataset/validation/epoxy/epoxy_204.jpg","validation","epoxy","epoxy_204.jpg",".jpg","5302281","be582d41a7916feecde1f7eb3386c296c3039705809b31d0563627ddbd458c57"
"dataset/validation/epoxy/epoxy_205.jpg","validation","epoxy","epoxy_205.jpg",".jpg","4569797","a326a2e9817b80e1a3e7e2a45ba1dd940cabd6b09139f384c874b448df9de94d"
"dataset/validation/epoxy/epoxy_206.jpg","validation","epoxy","epoxy_206.jpg",".jpg","4637724","f955994ab47fc1deb474b3609a21c3c317d3e0842c086c26a4938c2d2ab9d7da"
"dataset/validation/epoxy/epoxy_209.jpg","validation","epoxy","epoxy_209.jpg",".jpg","4284407","0e4fa2caaf050857fa0791de9c164d98d35d501638be765769d544ed305f8da3"
"dataset/validation/epoxy/epoxy_210.jpg","validation","epoxy","epoxy_210.jpg",".jpg","4074169","45c93543cc92b66079d593945c82c427a4f5924a791212ddcae1b594937a1550"
"dataset/validation/epoxy/epoxy_211.jpg","validation","epoxy","epoxy_211.jpg",".jpg","4153356","264323f265a0bc182e0f60341d64e2a1bec50bee87149231ee07665c388545bd"
"dataset/validation/epoxy/epoxy_212.jpg","validation","epoxy","epoxy_212.jpg",".jpg","4107217","67c60b2d4f490e23f72e0815b0c5194852c47ca3aad8d348da2281966cbd3142"
"dataset/validation/epoxy/epoxy_213.jpg","validation","epoxy","epoxy_213.jpg",".jpg","4261334","c1bcaf2e4365fce8b2db1c11bf8f8554cba7f381f2a27d27d8f3341c5db273fb"
"dataset/validation/epoxy/epoxy_214.jpg","validation","epoxy","epoxy_214.jpg",".jpg","4311711","8528696fdc28397262368d625e309eebca3cc7bbd48b9eba70e52fa677183877"
"dataset/validation/epoxy/epoxy_217.jpg","validation","epoxy","epoxy_217.jpg",".jpg","4477745","93c535c9180355acd5b23c76439bdcc2eee59855c4820fe88b05464528e0d822"
"dataset/validation/epoxy/epoxy_218.jpg","validation","epoxy","epoxy_218.jpg",".jpg","4175454","025c10f95acae544acb256e57a38f1c87091428b770033257a1618209f8e5c9b"
"dataset/validation/epoxy/epoxy_219.jpg","validation","epoxy","epoxy_219.jpg",".jpg","4671539","b52a32de8855e9b4aca116c1f49325f71e2a5da0dcaa0a80dff69bae25036930"
"dataset/validation/epoxy/epoxy_220.jpg","validation","epoxy","epoxy_220.jpg",".jpg","4489130","badac3a3d0ca52a1b66b065f619ffbd25466f863732096298571b403f0b1fc9e"
"dataset/validation/epoxy/epoxy_221.jpg","validation","epoxy","epoxy_221.jpg",".jpg","4550681","5dd6903ab96b4c49da02f989505d552a5045217683f0eedfb2ab202c345dbb67"
"dataset/validation/epoxy/epoxy_415.jpg","validation","epoxy","epoxy_415.jpg",".jpg","3622763","3683890989320e794a7d7c5867d9c416ed95c81bac4bf6c8736415b3c03a0475"
"dataset/validation/epoxy/epoxy_416.jpg","validation","epoxy","epoxy_416.jpg",".jpg","3462613","f7329d88e9df5052e6dc684b6c64cc0aa737a0830c40dfc9a70473c4dc62b232"
"dataset/validation/epoxy/epoxy_417.jpg","validation","epoxy","epoxy_417.jpg",".jpg","3528004","eb14eceb700a992160df5941b3267d1a9f90d3c4983926e018c2acb633a53dd8"
"dataset/validation/epoxy/epoxy_418.jpg","validation","epoxy","epoxy_418.jpg",".jpg","3513961","36ab49c3892a4f545757ef3d604a9c101b09c956d54433c665979a6e0adaa4b8"
"dataset/validation/epoxy/epoxy_419.jpg","validation","epoxy","epoxy_419.jpg",".jpg","3616063","6de6b5dca5b3835ed6dee506a0267bade662e31b96431d5c29a609d4cbf8a7ca"
"dataset/validation/epoxy/epoxy_420.jpg","validation","epoxy","epoxy_420.jpg",".jpg","3580448","b133f9938c3494c2ecbee6a8d87b6e7d237a9e58d411204628d46506ddc0cdc3"
"dataset/validation/epoxy/epoxy_421.jpg","validation","epoxy","epoxy_421.jpg",".jpg","3000297","195e4465febf471e52c1cfa6662c2ce9b51cab5723059645e20ea8055f2679e5"
"dataset/validation/epoxy/epoxy_422.jpg","validation","epoxy","epoxy_422.jpg",".jpg","4013682","aaad917d77dac82eb6f7fc912383d6a39d329ff530380efd2c2cefd74d74151b"
"dataset/validation/epoxy/epoxy_423.jpg","validation","epoxy","epoxy_423.jpg",".jpg","3391726","88e387c787289bcb3aaf5f8f9b97976f125e1f62020f68223f2fb683a2520ab3"
"dataset/validation/epoxy/epoxy_424.jpg","validation","epoxy","epoxy_424.jpg",".jpg","3745383","bfd1a30fc99d27368b9a04e8d5a328bacea2fc50d0318960f3946aaa5b17e3e0"
"dataset/validation/epoxy/epoxy_425.jpg","validation","epoxy","epoxy_425.jpg",".jpg","3460278","df7c8a15b5bd42276e7d2f8c037af0be2f79eb1b7f8037766347aeec2cc7e073"
"dataset/validation/epoxy/epoxy_426.jpg","validation","epoxy","epoxy_426.jpg",".jpg","3414806","4b8cbcfa08123696187b1e3b2957fae08c1ceb46ae310f767b25207a6db230ba"
"dataset/validation/epoxy/epoxy_427.jpg","validation","epoxy","epoxy_427.jpg",".jpg","3798518","193d5dde96edb274be0e0081361d9d8984238adb94ef078a4ee88344f14e09c3"
"dataset/validation/epoxy/epoxy_428.jpg","validation","epoxy","epoxy_428.jpg",".jpg","1991798","5b391cafb56c32e9caf3bd499213901c07d07dcbd37fd8734f1a1ad9ece02ee1"
"dataset/validation/epoxy/epoxy_429.jpg","validation","epoxy","epoxy_429.jpg",".jpg","2014719","f6ca9dfb8628988fb50a567ead4bfdcc19c310db5351724f6f4c80007f2e2291"
"dataset/validation/epoxy/epoxy_430.jpg","validation","epoxy","epoxy_430.jpg",".jpg","1952286","3ced9cb6837ad82fb82a15f99d933977c18899a202290cd7f679b12507b9eb9c"
"dataset/validation/epoxy/epoxy_431.jpg","validation","epoxy","epoxy_431.jpg",".jpg","2235538","4cfd9ab561c2d909cf3f3967d206fe1de85d5b9564e911ceb285ca8dc8480197"
"dataset/validation/epoxy/epoxy_432.jpg","validation","epoxy","epoxy_432.jpg",".jpg","1975559","8e32b54f6f05e1a43f4f1614769c1dfa93c2f79a9d5f678d275f574d12d6a8dd"
"dataset/validation/epoxy/epoxy_433.jpg","validation","epoxy","epoxy_433.jpg",".jpg","1819999","1a7953bcf37bab1bfbe3de8f6ae7a0e96a709e4e4ee668e927f477ff40ffb289"
"dataset/validation/epoxy/epoxy_434.jpg","validation","epoxy","epoxy_434.jpg",".jpg","2013746","a85e4e075e7e0c3b593aa6a51c7f49e367811c7fd0b9962367e2585f1ce2513a"
"dataset/validation/epoxy/epoxy_435.jpg","validation","epoxy","epoxy_435.jpg",".jpg","2096352","cdb753f24b86daafc4d57e928cc5589b993fe0dc54a6bac736dd89bb73491b6b"
"dataset/validation/epoxy/epoxy_436.jpg","validation","epoxy","epoxy_436.jpg",".jpg","2009270","3a0bfe437b6fa1caca0467da5f43ef485bf70c795b1e7b32898f4215a5bd47d0"
"dataset/validation/epoxy/epoxy_437.jpg","validation","epoxy","epoxy_437.jpg",".jpg","1951404","dbd4df98f8b5b5d422d456e39915549e8b2938a598c8482b8d453bd546edd0e0"
"dataset/validation/epoxy/epoxy_438.jpg","validation","epoxy","epoxy_438.jpg",".jpg","2066989","b51e92cbcb58e4ee2a7ec7844c58a74b3733cae05a6e0804ca7d04dafdcc1352"
"dataset/validation/epoxy/epoxy_439.jpg","validation","epoxy","epoxy_439.jpg",".jpg","3723258","beb622b7864ae9b1a46103288e9a150802ac6851a23face4ce340e7f7f9c09fd"
"dataset/validation/epoxy/NKSI5433.JPG","validation","epoxy","NKSI5433.JPG",".jpg","176276","f7070afd73e77e7bd8da2c604631712dd050de099bf815ee70bb4d0e43ef88e8"
"dataset/validation/parquet/parquet_490.jpg","validation","parquet","parquet_490.jpg",".jpg","5403227","d1e69672ca494955c39ce578352d05c6c0fc0c3732a9ccb83c53eaaea11411ed"
"dataset/validation/parquet/parquet_491.jpg","validation","parquet","parquet_491.jpg",".jpg","5510330","461d1790be59af8f78e26d48de710ac4b4e7d1e754038933740d33827185ba46"
"dataset/validation/parquet/parquet_492.jpg","validation","parquet","parquet_492.jpg",".jpg","5354176","dee515a8ba72d4c5fef9b4e99a7289c7a131de66e9cd80af9f7ecf2219201600"
"dataset/validation/parquet/parquet_493.jpg","validation","parquet","parquet_493.jpg",".jpg","5090674","549fc947679d45b80ef36040c38f20a49229b79c0e8879a9f28206c7fcddd07f"
"dataset/validation/parquet/parquet_494.jpg","validation","parquet","parquet_494.jpg",".jpg","4707945","4693773ca28049a0917fc40c1851044fe89a18369055adf19fcd6650726b4b06"
"dataset/validation/parquet/parquet_495.jpg","validation","parquet","parquet_495.jpg",".jpg","4600317","ad2ffd30f099da3c1fa1bc219b784993d2d625ae9e1aee8caa9fa0d9df8a2ac0"
"dataset/validation/parquet/parquet_496.jpg","validation","parquet","parquet_496.jpg",".jpg","4365011","21ffea1368a76b4bfdd36c5d462f2fb2a5ea02c0596c5d7e4dcc473a52daf191"
"dataset/validation/parquet/parquet_497.jpg","validation","parquet","parquet_497.jpg",".jpg","4345102","83efa6aaf651b37ced5eea7d9a9267829911e2d61d62e9cf0bbc72cc676a3241"
"dataset/validation/parquet/parquet_498.jpg","validation","parquet","parquet_498.jpg",".jpg","4159494","f10a5d031a8dcbbaad26d4ce1945ca2f6ebc88d8bd5103da4120232dff06bd1f"
"dataset/validation/parquet/parquet_499.jpg","validation","parquet","parquet_499.jpg",".jpg","3856867","8504ded9f27d412385867c7375ab7b682b622133f8ad3f1372ae6d86e936f3ce"
"dataset/validation/parquet/parquet_500.jpg","validation","parquet","parquet_500.jpg",".jpg","3304709","3ccb4c552ed6b482d9bb34a5a28ebdfb8723cfe7bf95a3722706549d518d64d5"
"dataset/validation/parquet/parquet_501.jpg","validation","parquet","parquet_501.jpg",".jpg","3577536","249d155019f6b436ec2c960c221210ebc3b7161be4e5796c442206c9366d090b"
"dataset/validation/parquet/parquet_502.jpg","validation","parquet","parquet_502.jpg",".jpg","3753210","7d75e3690a15fb5e573ab6af54aadfc137bbd5e142d8f43aa1f8634b5ed3383d"
"dataset/validation/parquet/parquet_503.jpg","validation","parquet","parquet_503.jpg",".jpg","3876519","4f2b640f4a460d7c1fed2775fbd4a0884aa62633efcaddb54afd145601931757"
"dataset/validation/parquet/parquet_504.jpg","validation","parquet","parquet_504.jpg",".jpg","3728671","f85292f0f7cacedb6c0bf7029335647c8de457b925367fca1c3349d043269fe4"
"dataset/validation/parquet/parquet_505.jpg","validation","parquet","parquet_505.jpg",".jpg","3471473","a0295dfb8a7b2bc0f8a087b4200845ca522f1128ca6937b52ae735455800904e"
"dataset/validation/parquet/parquet_506.jpg","validation","parquet","parquet_506.jpg",".jpg","3373191","4e38a829d0100766a132181c5e4ce0f195ecccd256dd5a4599c9d9e79aeae75e"
"dataset/validation/parquet/parquet_507.jpg","validation","parquet","parquet_507.jpg",".jpg","3396732","a0c8d07872c9b2ebe4f2b93c1e6d9da7bd88eb70a0b309e692a206edfe1acc4f"
"dataset/validation/parquet/parquet_508.jpg","validation","parquet","parquet_508.jpg",".jpg","3419110","132107a709c55e0013f805bd957df8ec14759bc2471b15fee1fb4cc2cc4070fa"
"dataset/validation/parquet/parquet_509.jpg","validation","parquet","parquet_509.jpg",".jpg","3435297","2b328d38d56e98bdcfe95c27a4a71be7be12262c734f4e52c80a40368e525316"
"dataset/validation/parquet/parquet_510.jpg","validation","parquet","parquet_510.jpg",".jpg","4090496","69515333ac9b2fac15d27fc153960d347391389637f1a62d265824f76a922304"
"dataset/validation/parquet/parquet_511.jpg","validation","parquet","parquet_511.jpg",".jpg","4069007","ef0c88d77a91539cca5ea5eb579ca391cdb803804154fbf7a748f231fa569901"
"dataset/validation/parquet/parquet_512.jpg","validation","parquet","parquet_512.jpg",".jpg","3397415","2a35896e1f10673e6cf9cd5eaba1f3c8a9898a154b0132d96374068c47a34a5e"
"dataset/validation/parquet/parquet_513.jpg","validation","parquet","parquet_513.jpg",".jpg","3915578","158a0bd52f5b3d30d91cccc846d69c94d8207c32e55871aa007cd9d6c502abeb"
"dataset/validation/parquet/parquet_514.jpg","validation","parquet","parquet_514.jpg",".jpg","4242298","4d8476250aab689e475ead12e6a1aee85e345f577e2a09c7ad9a828bb2d621ca"
"dataset/validation/parquet/parquet_515.jpg","validation","parquet","parquet_515.jpg",".jpg","4282086","c1ad6dc1158dbf8627bf5b15d7933819e027889354874939e639dd98eae7f733"
"dataset/validation/parquet/parquet_516.jpg","validation","parquet","parquet_516.jpg",".jpg","4075885","5c7be7845a2327937ccdd9198d64beabbde7cd0704f39e3cdbf9ace94d76bfca"
"dataset/validation/parquet/parquet_517.jpg","validation","parquet","parquet_517.jpg",".jpg","3826113","c30e1de6648836c12bc168778383ef4363d38f74df56b5747f77f0805f2709fa"
"dataset/validation/parquet/parquet_519.jpg","validation","parquet","parquet_519.jpg",".jpg","3639417","e80add3319e2ac52ff6fe6d2b607926cba2de8c8cc01fd39605b8ccf07de9d14"
"dataset/validation/parquet/parquet_520.jpg","validation","parquet","parquet_520.jpg",".jpg","3744663","e910d5c73867dc9babbf5b94ca4c379795a2da1b0e24df3568ee7d56e220e06f"
"dataset/validation/parquet/parquet_521.jpg","validation","parquet","parquet_521.jpg",".jpg","3650901","bbfd54545405396a1b88d378a1e71692137515e960a96a596650656ac9c5b2fa"
"dataset/validation/parquet/parquet_522.jpg","validation","parquet","parquet_522.jpg",".jpg","3352810","cc8f007442c40a9422ac452b52387fb4e454a75b74f3edd1ab31038e730d2538"
"dataset/validation/parquet/parquet_523.jpg","validation","parquet","parquet_523.jpg",".jpg","3530223","85962c7e318bc7be1048e54edf02a92b092d919fca843fe5ba4be976561dc99f"
"dataset/validation/parquet/parquet_524.jpg","validation","parquet","parquet_524.jpg",".jpg","3504592","2343f9547b3121b12f0b352897396deea017c0b3ccbd712dec441a1303114633"
"dataset/validation/parquet/parquet_525.jpg","validation","parquet","parquet_525.jpg",".jpg","3666852","66e628a76a76aeb763c975ee8978cf3f9e368f8381f57534606335e8d62b56bf"
"dataset/validation/parquet/parquet_526.jpg","validation","parquet","parquet_526.jpg",".jpg","3321050","57ac837eb495cc0bed68ee04e051c70d23e78157f324152fdb6d1070d458d5a7"
"dataset/validation/parquet/parquet_527.jpg","validation","parquet","parquet_527.jpg",".jpg","3397951","443ac39680ee903c0a75fd944434805009115f361afc174fbaf5be7b77cd6c81"
"dataset/validation/parquet/parquet_528.jpg","validation","parquet","parquet_528.jpg",".jpg","4105885","b52de4205e917f4e0a1175809e40f279d19369c17bd56f974d60addb254c6004"
"dataset/validation/parquet/parquet_529.jpg","validation","parquet","parquet_529.jpg",".jpg","3946402","7643bb342eefe97d3c9c0d8076185f669960ef077fe4f90b347c5030db4d6289"
"dataset/validation/parquet/parquet_530.jpg","validation","parquet","parquet_530.jpg",".jpg","3842561","dca19c9d9dbd284e46f88a1fd321f77570376050024295b2efe1b6233cbe4c1e"
"dataset/validation/parquet/parquet_531.jpg","validation","parquet","parquet_531.jpg",".jpg","3773656","aadc97e76673c8a2bd3a4cb793c42fc7b7f12342fe4733ba48177396e526cca7"
"dataset/validation/parquet/parquet_533.jpg","validation","parquet","parquet_533.jpg",".jpg","3559950","6df6c071c022588b526e7ac7dea41ae599c28a589475406829909300c64032d5"
"dataset/validation/parquet/parquet_534.jpg","validation","parquet","parquet_534.jpg",".jpg","3139619","cbb92a1e886efab287fe2a9cc8ea840c7eba4dda91bb02376ac8639452aa337f"
"dataset/validation/parquet/parquet_535.jpg","validation","parquet","parquet_535.jpg",".jpg","3244097","4d5c7d3e254f79048f1215c6a75eaa0dac0b135f1e4a6f57d0d26ef2dc8ec49e"
"dataset/validation/parquet/parquet_536.jpg","validation","parquet","parquet_536.jpg",".jpg","3444036","5805ae99f22a32d064f8419d128ebe81a5020b1241bc632ab88125a80ba167df"
"dataset/validation/parquet/parquet_537.jpg","validation","parquet","parquet_537.jpg",".jpg","4489477","dfe0a303f6698fce8960c66e993ed078dfe58a85b28b490e91730ff72982f153"
"dataset/validation/parquet/parquet_539.jpg","validation","parquet","parquet_539.jpg",".jpg","5895222","46f4de9fe66207320770d1a31b9f4218d9a35cff96e84c55f3beeb827b780535"
"dataset/validation/parquet/parquet_540.jpg","validation","parquet","parquet_540.jpg",".jpg","5650795","d80fcbb89767a32a0fcbb46ac6c28835bde51402729e9df2899c8058ded98c46"
"dataset/validation/parquet/parquet_542.jpg","validation","parquet","parquet_542.jpg",".jpg","5811454","a8f14b5fc2bd3789c68fc89b3d8ab6d42b3e88c712e9c459ee94e82148f1c62b"
"dataset/validation/parquet/parquet_543.jpg","validation","parquet","parquet_543.jpg",".jpg","5111585","29a319a830755c2dfd6a28f9d031021007949782aa7ca3ac77e2e9844f39bcb7"
"dataset/validation/parquet/parquet_544.jpg","validation","parquet","parquet_544.jpg",".jpg","5343231","5843e8ac0da553c66a2c540f8f11dadc0e23edfe772ae0b221c1557502c65ade"
"dataset/validation/parquet/parquet_545.jpg","validation","parquet","parquet_545.jpg",".jpg","5533685","15216efbd96f879852e279bac8104562939f20706a3a4037566d2c678d305c57"
"dataset/validation/parquet/parquet_546.jpg","validation","parquet","parquet_546.jpg",".jpg","6058667","fc315a3c5eb8a051ee82ad1e54ef7045a3cdd92155c3759cb5ad2bfa2979aa37"
"dataset/validation/parquet/parquet_547.jpg","validation","parquet","parquet_547.jpg",".jpg","6099706","0d53deb836b0d101a9c416fd50bc92553710e47693d49c4344b645c95309309b"
"dataset/validation/parquet/parquet_548.jpg","validation","parquet","parquet_548.jpg",".jpg","6210358","ed1f741a70ff663776ff9ff27694a76bab028f4c04b9377823ffb0b44834a24e"
"dataset/validation/parquet/parquet_549.jpg","validation","parquet","parquet_549.jpg",".jpg","5927716","7d05352b0eb146a5815b6d292a231867deab875ede4acdf91cc70d39e50eeeaa"
"dataset/validation/parquet/parquet_550.jpg","validation","parquet","parquet_550.jpg",".jpg","6343560","646aba01f392820435118bb7ec0a068ebb604225ac6f7dc2cbdd428c41f57bde"
"dataset/validation/parquet/parquet_551.jpg","validation","parquet","parquet_551.jpg",".jpg","5999068","03481428165782c11daeecc4e4dd0355a2ef2873c3cec02e888a7cd3dddafe1f"
"dataset/validation/rubber/rubber_015.jpg","validation","rubber","rubber_015.jpg",".jpg","383603","fcdbad275eca37e0fff3b63c01d9120426386ce7ddce9f134558b5d7cacba984"
"dataset/validation/rubber/rubber_394.jpg","validation","rubber","rubber_394.jpg",".jpg","458560","d9708386db77de20ab675e646df4cbab3cd1d58ef58ef678c3b6bce1b42fe597"
"dataset/validation/rubber/rubber_404.jpg","validation","rubber","rubber_404.jpg",".jpg","4315648","7ef5ffddbeadcaaac5b1cd25f8266f434e18e45b418a02e311c083a26d8b306c"
"dataset/validation/rubber/rubber_405.jpg","validation","rubber","rubber_405.jpg",".jpg","405672","0edca0376279be671fbfc75b5da7e7eb0e67f126cfdbd11dc578580c27775220"
"dataset/validation/rubber/rubber_407.jpg","validation","rubber","rubber_407.jpg",".jpg","558269","2431744777f3f1053a192cf265a5c53d66e5a9ec656c04c4a272c7a19f0a07a3"
"dataset/validation/rubber/rubber_408.jpg","validation","rubber","rubber_408.jpg",".jpg","264337","b303bace184d4400f9b6a6d78a667f7e8f2904719741b74926cf3888545c3ef6"
"dataset/validation/rubber/rubber_410.jpg","validation","rubber","rubber_410.jpg",".jpg","3266494","aa852296ff3c91f07161e6a7c361d08c5ab12497ad72821c238b4b55fdc8e562"
"dataset/validation/rubber/rubber_411.jpg","validation","rubber","rubber_411.jpg",".jpg","2800140","1d4ef5c97e6165bb2342b56217f2b57ce38121bee07dfef6be886eef55ed62d9"
"dataset/validation/rubber/rubber_415.jpg","validation","rubber","rubber_415.jpg",".jpg","280090","3a1475b8ee57f1eaf3ebcb028e94f0829bbd30fd508037fb3c2b9773949be324"
"dataset/validation/rubber/rubber_416.jpg","validation","rubber","rubber_416.jpg",".jpg","240732","e132ac852b869f0d8125c2879f4fe0da9c344195882781e8ab4bb512af491ea4"
"dataset/validation/rubber/rubber_417.jpg","validation","rubber","rubber_417.jpg",".jpg","512562","017033a850c826ede2a61acbcea03e503258fc68e1d80492fe3f4f9ee914956f"
"dataset/validation/rubber/rubber_419.jpg","validation","rubber","rubber_419.jpg",".jpg","247040","5e4ab1dffdc8e391916f7eb26c61c064ee5900667e1354b46b8fdfb3452d028a"
"dataset/validation/rubber/rubber_420.jpg","validation","rubber","rubber_420.jpg",".jpg","422824","5f89579d76c3b0a748a8f95089a62b82e3fe3649875a88b1e75c97ade037ea40"
"dataset/validation/rubber/rubber_422.jpg","validation","rubber","rubber_422.jpg",".jpg","195360","9d0785e75970795337616c39bdd0b4747c82f198258a78c5ae078e02c2106584"
"dataset/validation/rubber/rubber_423.jpg","validation","rubber","rubber_423.jpg",".jpg","583838","252eb35dd55fcddeff9096bdf5f11e64d782aa7ac21b2361554b0220eb2a0d6c"
"dataset/validation/rubber/rubber_424.jpg","validation","rubber","rubber_424.jpg",".jpg","503767","e7b0107f8b8f9225a2eed43d2a5cb74381e2721fae0bd31ad4080615991861b1"
"dataset/validation/rubber/rubber_425.jpg","validation","rubber","rubber_425.jpg",".jpg","8777754","536ea6bde62b53501c5bf032eb5c5aad1d57f794a0fe4b01721f9218ecf50aa4"
"dataset/validation/rubber/rubber_426.jpg","validation","rubber","rubber_426.jpg",".jpg","8853014","ec0e91dbb6e4f1008d48c6adcf9619296fc01d29efe3ca3dda308f07fef5857e"
"dataset/validation/rubber/rubber_427.jpg","validation","rubber","rubber_427.jpg",".jpg","6667701","830a7aa2b9195ce865d6929b96673250c956da08798ef8c114c5266a252218f4"
"dataset/validation/rubber/rubber_428.jpg","validation","rubber","rubber_428.jpg",".jpg","8141860","64b9f74722311614643fc9f49e0b404a497d0623609ac51d251479873b323be1"
"dataset/validation/rubber/rubber_429.jpg","validation","rubber","rubber_429.jpg",".jpg","7181163","32cec7956e90e72eaa3d8b32ce5a9d7b2b41dd8bd0d1c82ea133db4f7c7ad5c8"
"dataset/validation/rubber/rubber_430.jpg","validation","rubber","rubber_430.jpg",".jpg","8880402","e604209f1521d03f43de02c4af9a68ce8257a7bb5f5e55030287c71a882a5664"
"dataset/validation/rubber/rubber_431.jpg","validation","rubber","rubber_431.jpg",".jpg","7601552","86af69fe2dadda9ed7154d3dde0dfd8ad350bbad3f2179d9d95c5a244af0742c"
"dataset/validation/rubber/rubber_432.jpg","validation","rubber","rubber_432.jpg",".jpg","6223481","c13d660c8773af6689ffc8190cdbfb18ee0c77a17830f070f32f3d8643463c69"
"dataset/validation/rubber/rubber_433.jpg","validation","rubber","rubber_433.jpg",".jpg","6692397","fbfdd3d435c26a7d47cd5114fc0f06ed2e3079f136346c44e226a5777fd8fe2c"
"dataset/validation/rubber/rubber_434.jpg","validation","rubber","rubber_434.jpg",".jpg","7200732","e8a05bb301cf19a9f9f61d618fdb84b386aa66952459205fd85dac076af5bf4c"
"dataset/validation/rubber/rubber_435.jpg","validation","rubber","rubber_435.jpg",".jpg","6626161","1f26851e4ade5793652e8add289e190d16d8ab502291b86474239c8ae5f885d4"
"dataset/validation/rubber/rubber_436.jpg","validation","rubber","rubber_436.jpg",".jpg","6574221","3a30ef2fa19ef641a21f9e18a6aa751f8de303ccf597e55f07ab5015449f25e8"
"dataset/validation/rubber/rubber_437.jpg","validation","rubber","rubber_437.jpg",".jpg","7186296","1b40a059bf779d495415b8cec8a9c208441c1ebd5a164a4e3868efa835d78e1d"
"dataset/validation/rubber/rubber_438.jpg","validation","rubber","rubber_438.jpg",".jpg","6187890","c2946185994dc72e3f9a51853cdadb8930e673939ecca118fe4f821a7907706b"
"dataset/validation/rubber/rubber_439.jpg","validation","rubber","rubber_439.jpg",".jpg","5580160","e1afc463e006651b66796b06a0333906b152ff83c619f27d6beb0e0f07817e13"
"dataset/validation/rubber/rubber_440.jpg","validation","rubber","rubber_440.jpg",".jpg","5911666","a50a89bf33ee56f24409b8cc643f5026f82b4d1afea94202bd5dc24dcfce52cc"
"dataset/validation/rubber/rubber_441.jpg","validation","rubber","rubber_441.jpg",".jpg","6146493","da080d3a248db5cefcbd9a6cd5d00d87e0245e302ea4bc846f099ed2b1d742cb"
"dataset/validation/rubber/rubber_442.jpg","validation","rubber","rubber_442.jpg",".jpg","4725148","45da5a7e06bc578a679fa1d68eb8c89d4799886b9dcb3d5559b2e1efb346d615"
"dataset/validation/rubber/rubber_443.jpg","validation","rubber","rubber_443.jpg",".jpg","7453011","0b5ff5ace35d7956c1468ce905fc67e410865210c52d4c6d1d9b48179b2314a9"
"dataset/validation/rubber/rubber_444.jpg","validation","rubber","rubber_444.jpg",".jpg","3216185","94406be42ebbaea6a8068b4685cfcc290ff1599a023fa863a6c270b3ae90cfb6"
"dataset/validation/rubber/rubber_445.jpg","validation","rubber","rubber_445.jpg",".jpg","1955682","f19ca681bb460622a0ee8df6d0a1da79ac98427cbc69938dbab8a9de0d9ae1c3"
"dataset/validation/rubber/rubber_447.jpg","validation","rubber","rubber_447.jpg",".jpg","353914","56fd638ecd93293b139c225da9cf141c550fe414be0579fd37bb5d90b63a6796"
"dataset/validation/rubber/rubber_452.jpg","validation","rubber","rubber_452.jpg",".jpg","927442","93703284bfa23bd334e31cf053c8f3d1ea3e7af43cec56d38f62ef3ac7c87728"
"dataset/validation/rubber/rubber_453.jpg","validation","rubber","rubber_453.jpg",".jpg","519978","705812c555f614d3545cbed308c0a40fc7e61de0c31a5c2a64dbfc7150b1ed38"
"dataset/validation/rubber/rubber_454.jpg","validation","rubber","rubber_454.jpg",".jpg","243544","57cb7d0c60129fdee9dd854d3930e57f2d9c805c7210d729e9b02e06d4fb3184"
"dataset/validation/rubber/rubber_455.jpg","validation","rubber","rubber_455.jpg",".jpg","282128","66f3099232dc0f0da44ad2090b56505a4098ede23565869e4aa8aafbbc62b2e2"
"dataset/validation/rubber/rubber_458.jpg","validation","rubber","rubber_458.jpg",".jpg","2852669","fc0ae4ee86786694669f23cf396d3ebd471bf6e22f003efb1a8bf566eb7895fa"
"dataset/validation/rubber/rubber_467.jpg","validation","rubber","rubber_467.jpg",".jpg","239182","a47143579f0e80b34ceb935f38df679efeb22262c0b2d2e1130b46f61ca23758"
"dataset/validation/rubber/rubber_476.jpg","validation","rubber","rubber_476.jpg",".jpg","3340133","2772db7587d3c25f9c40d0e9797aac0a069489213e0f1bed4b0eab6fdd29d433"
"dataset/validation/rubber/rubber_478.jpg","validation","rubber","rubber_478.jpg",".jpg","6209250","bc98e278c89bfd28dcccca06ba227d51b8b0577fb914cd5f91f44edcd60e8541"
"dataset/validation/rubber/rubber_479.jpg","validation","rubber","rubber_479.jpg",".jpg","6486408","7e6d73d5a612a3169e0e6133b086c50cdda68782ca8e002a30821a5e15ea7bfc"
"dataset/validation/rubber/rubber_480.jpg","validation","rubber","rubber_480.jpg",".jpg","6020691","573a593246219e2b4f78a880f15f31a5ea41613aeb2edcff67510a7bfe32cbae"
"dataset/validation/rubber/rubber_481.jpg","validation","rubber","rubber_481.jpg",".jpg","6203592","0dcd655db821b65accf2d9b410b709d0f7aae88a963a153c4b2a086dfe0b37ff"
"dataset/validation/rubber/rubber_482.jpg","validation","rubber","rubber_482.jpg",".jpg","6141383","30aaca3a3c93011cc574b3fe668179e8f9174cb9555821ea0856e53e869ee7cf"
"dataset/validation/rubber/rubber_483.jpg","validation","rubber","rubber_483.jpg",".jpg","5700381","4d3755f26d1bcadafc3ffb6a79430df960eb4391cc7c89ca463a0c6b3288bc9a"
"dataset/validation/rubber/rubber_484.jpg","validation","rubber","rubber_484.jpg",".jpg","6576552","c1fa0438236a87f8d3c23f58caaeb4b151c8ff9421c7331e77c13d198f24004a"
"dataset/validation/rubber/rubber_485.jpg","validation","rubber","rubber_485.jpg",".jpg","5787905","076fb2d03da9b092fe850aad881a38844b77e2261a98d1a8f26b283877d6099b"
"dataset/validation/rubber/rubber_486.jpg","validation","rubber","rubber_486.jpg",".jpg","6222839","5ee6ff37f61f2649324ff8007332d9414332d8d59b66a9a0c2a921afbfe52582"
